{
    "name": "0_30",
    "weight": false,
    "n_row": 32,
    "n_col": 32,
    "layout": [
        "@@..............................",
        "................................",
        "@@@@............................",
        "................................",
        "@@@@@@..........................",
        "................................",
        "@@@@@@@@........................",
        "................................",
        "@@@@@@@@@@......................",
        "................................",
        "@@@@@@@@@@@@....................",
        "................................",
        "@@@@@@@@@@@@@@..................",
        "................................",
        "@@@@@@@@@@@@@@@@................",
        "................................",
        "@@@@@@@@@@@@@@@@@@..............",
        "................................",
        "@@@@@@@@@@@@@@@@@@@@............",
        "................................",
        "@@@@@@@@@@@@@@@@@@@@@@..........",
        "................................",
        "@@@@@@@@@@@@@@@@@@@@@@@@........",
        "................................",
        "@@@@@@@@@@@@@@@@@@@@@@@@@@......",
        "................................",
        "@@@@@@@@@@@@@@@@@@@@@@@@@@@@....",
        "................................",
        "@@@@@@@@@@@@@@@@@@@@@@@@@@@@@@.@",
        "@@..............................",
        "@@@@@@@@@@@@@@@@@@@@@@@@@@@@@@@@",
        "@@@@@@@@@@@@@@@@@@@@@@@@@@@@@@@@"
    ],
    "start": [
        [
            70,
            79,
            7,
            53,
            144,
            33,
            146,
            235,
            305,
            339,
            219,
            538,
            533,
            603,
            550,
            548,
            376,
            483,
            419,
            437,
            500,
            743,
            740,
            804,
            676,
            631,
            753,
            680,
            697,
            732,
            745,
            938,
            807,
            955,
            874,
            734,
            749,
            752,
            800,
            754,
            685,
            826,
            934,
            884,
            888,
            940,
            948,
            880,
            870,
            939
        ],
        [
            39,
            11,
            4,
            103,
            31,
            47,
            29,
            79,
            134,
            81,
            140,
            311,
            270,
            344,
            351,
            243,
            204,
            357,
            366,
            183,
            307,
            485,
            405,
            475,
            555,
            620,
            762,
            623,
            803,
            692,
            683,
            888,
            956,
            882,
            945,
            806,
            866,
            939,
            824,
            869,
            952,
            59,
            159,
            127,
            38,
            68,
            879,
            861,
            890,
            884
        ],
        [
            75,
            110,
            70,
            68,
            107,
            14,
            42,
            153,
            79,
            33,
            103,
            308,
            172,
            307,
            290,
            349,
            336,
            226,
            354,
            362,
            251,
            563,
            696,
            734,
            738,
            612,
            688,
            749,
            690,
            766,
            750,
            889,
            872,
            829,
            926,
            830,
            863,
            821,
            892,
            941,
            885,
            148,
            137,
            877,
            946,
            876,
            818,
            880,
            955,
            883
        ],
        [
            76,
            19,
            114,
            33,
            144,
            32,
            140,
            105,
            5,
            30,
            26,
            498,
            556,
            571,
            598,
            465,
            611,
            510,
            600,
            575,
            489,
            697,
            803,
            804,
            762,
            764,
            734,
            604,
            484,
            419,
            537,
            667,
            743,
            687,
            613,
            693,
            688,
            796,
            745,
            623,
            738,
            814,
            943,
            867,
            957,
            811,
            823,
            931,
            826,
            940
        ],
        [
            45,
            51,
            100,
            34,
            95,
            14,
            40,
            92,
            102,
            158,
            31,
            166,
            343,
            268,
            278,
            237,
            348,
            345,
            165,
            161,
            609,
            678,
            679,
            635,
            800,
            697,
            416,
            569,
            539,
            426,
            547,
            633,
            798,
            744,
            762,
            750,
            695,
            676,
            638,
            617,
            802,
            884,
            938,
            874,
            827,
            48,
            937,
            956,
            950,
            876
        ]
    ],
    "goal": [
        [
            480,
            824,
            869,
            542,
            759,
            464,
            937,
            547,
            807,
            678,
            489,
            417,
            107,
            865,
            618,
            811,
            931,
            672,
            568,
            934,
            127,
            600,
            351,
            176,
            818,
            137,
            935,
            764,
            136,
            871,
            478,
            245,
            571,
            488,
            570,
            166,
            126,
            365,
            97,
            100,
            52,
            202,
            6,
            803,
            246,
            311,
            174,
            482,
            499,
            558
        ],
        [
            532,
            664,
            376,
            94,
            503,
            489,
            297,
            615,
            348,
            288,
            446,
            861,
            870,
            945,
            932,
            888,
            825,
            816,
            639,
            818,
            949,
            872,
            871,
            47,
            35,
            891,
            4,
            16,
            90,
            20,
            285,
            235,
            566,
            70,
            284,
            934,
            72,
            862,
            868,
            365,
            223,
            100,
            802,
            40,
            798,
            747,
            568,
            211,
            49,
            290
        ],
        [
            877,
            482,
            220,
            474,
            546,
            867,
            821,
            933,
            737,
            633,
            540,
            611,
            537,
            742,
            798,
            77,
            862,
            409,
            532,
            815,
            288,
            884,
            12,
            105,
            107,
            575,
            75,
            557,
            57,
            362,
            56,
            15,
            228,
            353,
            54,
            554,
            135,
            381,
            676,
            81,
            284,
            947,
            568,
            124,
            20,
            14,
            108,
            215,
            558,
            617
        ],
        [
            888,
            827,
            794,
            619,
            667,
            189,
            746,
            702,
            571,
            436,
            729,
            104,
            950,
            146,
            608,
            735,
            366,
            363,
            485,
            353,
            548,
            738,
            88,
            268,
            33,
            173,
            6,
            877,
            151,
            873,
            37,
            142,
            958,
            281,
            210,
            90,
            176,
            800,
            211,
            48,
            466,
            312,
            294,
            952,
            141,
            955,
            70,
            805,
            99,
            684
        ],
        [
            686,
            747,
            428,
            426,
            105,
            408,
            601,
            739,
            318,
            160,
            870,
            543,
            883,
            862,
            748,
            823,
            935,
            103,
            761,
            490,
            271,
            798,
            418,
            481,
            187,
            544,
            37,
            232,
            486,
            801,
            488,
            227,
            49,
            72,
            21,
            952,
            609,
            147,
            74,
            365,
            405,
            180,
            487,
            621,
            433,
            444,
            115,
            533,
            316,
            90
        ]
    ],
    "std_bc": 0.0003213362959964181
}