{
    "name": "0_38",
    "weight": false,
    "n_row": 32,
    "n_col": 32,
    "layout": [
        "................................",
        "@@@@@@@@@@@@@@@@@...............",
        "@@@.............................",
        "@@@@@@@@@@@@@@@.................",
        "@@@.............................",
        "@@@@@@@@@@@@@@..................",
        "@@@.............................",
        "@@@@@@@@@@@@@...................",
        "@@@.............................",
        "@@@@@@@@@@@@....................",
        "@@@.............................",
        "@@@@@@@@@@@.....................",
        "................................",
        ".......@@@......................",
        ".@@@@@@.........................",
        "................................",
        ".@@@@@@@@@@@....................",
        "................................",
        ".@@@@@@@@@@@@@..................",
        "................................",
        ".@@@@@@@@@@@@@@.................",
        "................................",
        "@@@@@@@@@@@@@@@@@...............",
        "@@@.............................",
        "@@@@@@@@@@@@@@@@@@@.............",
        "@@@.............................",
        "@@@@@@@@@@@@@@@@@@@@@@@.........",
        "@@@.............................",
        "@@@@@@@@@@@@@@@@@@@@@@@@@@@....@",
        "@@@.............................",
        "@@@@@@@@@@@@@@@@@@@@@@@@@@@@@@@@",
        "@@@@@@@@@@@@@@@@@@@@@@@@@@@@@@@@"
    ],
    "start": [
        [
            69,
            95,
            59,
            9,
            15,
            28,
            77,
            152,
            7,
            126,
            14,
            263,
            384,
            319,
            332,
            261,
            196,
            269,
            205,
            200,
            304,
            408,
            602,
            541,
            456,
            415,
            512,
            542,
            504,
            468,
            479,
            695,
            734,
            677,
            620,
            686,
            674,
            767,
            755,
            729,
            696,
            958,
            932,
            813,
            823,
            946,
            826,
            142,
            4,
            8
        ],
        [
            137,
            121,
            135,
            27,
            73,
            61,
            91,
            67,
            70,
            87,
            132,
            303,
            208,
            196,
            261,
            211,
            348,
            251,
            384,
            185,
            217,
            599,
            422,
            415,
            567,
            394,
            463,
            393,
            608,
            622,
            682,
            955,
            891,
            698,
            699,
            663,
            614,
            679,
            751,
            788,
            616,
            812,
            949,
            888,
            874,
            827,
            944,
            157,
            31,
            152
        ],
        [
            127,
            25,
            7,
            135,
            117,
            133,
            11,
            52,
            153,
            86,
            144,
            345,
            323,
            382,
            363,
            367,
            339,
            386,
            158,
            259,
            200,
            488,
            542,
            597,
            403,
            475,
            472,
            417,
            552,
            390,
            543,
            673,
            792,
            693,
            741,
            758,
            735,
            754,
            747,
            608,
            689,
            817,
            872,
            875,
            827,
            873,
            828,
            932,
            942,
            923
        ],
        [
            83,
            80,
            6,
            157,
            11,
            89,
            8,
            22,
            61,
            76,
            90,
            261,
            276,
            316,
            255,
            329,
            199,
            252,
            244,
            215,
            281,
            527,
            507,
            485,
            394,
            489,
            392,
            572,
            482,
            544,
            569,
            610,
            740,
            804,
            749,
            799,
            792,
            680,
            874,
            942,
            805,
            140,
            148,
            132,
            0,
            87,
            30,
            138,
            141,
            2
        ],
        [
            131,
            60,
            57,
            80,
            73,
            12,
            138,
            27,
            117,
            113,
            29,
            179,
            262,
            344,
            186,
            199,
            323,
            274,
            251,
            330,
            270,
            420,
            473,
            572,
            503,
            573,
            563,
            458,
            439,
            498,
            479,
            677,
            746,
            702,
            759,
            632,
            666,
            695,
            691,
            796,
            684,
            894,
            817,
            893,
            942,
            937,
            943,
            939,
            861,
            956
        ]
    ],
    "goal": [
        [
            592,
            942,
            69,
            533,
            741,
            1,
            874,
            394,
            285,
            270,
            948,
            819,
            0,
            267,
            861,
            351,
            872,
            828,
            753,
            671,
            810,
            882,
            20,
            873,
            156,
            616,
            92,
            485,
            672,
            7,
            302,
            674,
            368,
            370,
            89,
            153,
            119,
            481,
            29,
            196,
            395,
            158,
            884,
            364,
            122,
            462,
            244,
            547,
            247,
            663
        ],
        [
            159,
            627,
            671,
            790,
            313,
            427,
            726,
            500,
            889,
            734,
            728,
            829,
            574,
            311,
            417,
            639,
            676,
            956,
            723,
            481,
            448,
            512,
            939,
            420,
            95,
            603,
            91,
            751,
            211,
            188,
            318,
            394,
            202,
            180,
            116,
            331,
            377,
            571,
            7,
            283,
            117,
            268,
            264,
            554,
            253,
            31,
            460,
            385,
            656,
            895
        ],
        [
            202,
            394,
            545,
            25,
            870,
            376,
            869,
            590,
            872,
            892,
            510,
            9,
            669,
            658,
            632,
            91,
            764,
            793,
            931,
            726,
            681,
            16,
            239,
            481,
            935,
            867,
            200,
            799,
            414,
            542,
            366,
            198,
            151,
            512,
            468,
            548,
            310,
            314,
            605,
            939,
            69,
            377,
            154,
            470,
            183,
            284,
            417,
            203,
            85,
            196
        ],
        [
            539,
            473,
            596,
            685,
            555,
            761,
            792,
            812,
            889,
            687,
            489,
            183,
            878,
            680,
            496,
            574,
            815,
            459,
            512,
            421,
            869,
            14,
            875,
            757,
            156,
            284,
            947,
            871,
            825,
            142,
            5,
            702,
            795,
            630,
            310,
            8,
            116,
            390,
            273,
            319,
            609,
            682,
            686,
            692,
            181,
            730,
            388,
            389,
            822,
            406
        ],
        [
            601,
            665,
            418,
            674,
            600,
            496,
            959,
            954,
            455,
            723,
            566,
            618,
            474,
            681,
            617,
            2,
            740,
            955,
            888,
            633,
            731,
            792,
            614,
            749,
            201,
            113,
            287,
            729,
            74,
            878,
            609,
            200,
            111,
            459,
            131,
            27,
            143,
            259,
            54,
            15,
            937,
            86,
            480,
            345,
            686,
            958,
            867,
            493,
            468,
            483
        ]
    ],
    "std_bc": 0.00036880138953645825
}