{
    "name": "0_68",
    "weight": false,
    "n_row": 32,
    "n_col": 32,
    "layout": [
        "............................@..@",
        ".@@@@@@@@@@@@@@@@@.............@",
        "................................",
        ".@@@@.....@@@@.@@@@@...........@",
        "................................",
        ".@@........@@@@@.@@@@@........@.",
        "...............................@",
        "@@..........@@@@..@@@@@@......@@",
        ".............................@.@",
        "@@...........@@@...@@@@@@@.....@",
        "............................@@@@",
        "@@.................@@@.@@@@@@@@@",
        "............................@@@@",
        "@@..................@@@@.@@@@@@@",
        "...........................@@@@@",
        "@@...................@@@@@@@@@@@",
        ".......................@.....@@@",
        "@@.....................@@@@.@@@@",
        ".............................@@@",
        "@@.....................@@@@@..@@",
        "........................@@@@@@@@",
        "@@......................@@@@@@@@",
        "..................@..@.@@@@@@@@@",
        "@@................@.@....@@@@@@@",
        ".....................@@@@@@@@@@@",
        "@@.....................@@@@@@@@@",
        ".................@......@@@@@@@@",
        "@@.................@@..@@@@@@@@@",
        "..........@.......@@...@@@@@@@@@",
        "....................@.@@@@@@@@@@",
        "................@...@.@@@@@@@@@@",
        "@@@@@@@@@@@@@@@@@@@@@@@@@@@@@@@@"
    ],
    "start": [
        [
            0,
            68,
            71,
            30,
            149,
            15,
            65,
            131,
            151,
            18,
            117,
            182,
            166,
            321,
            267,
            201,
            241,
            227,
            249,
            215,
            324,
            418,
            538,
            473,
            534,
            424,
            370,
            337,
            536,
            520,
            432,
            645,
            581,
            774,
            739,
            675,
            747,
            753,
            744,
            692,
            602,
            899,
            934,
            918,
            932,
            979,
            868,
            854,
            916,
            928
        ],
        [
            123,
            7,
            22,
            53,
            133,
            64,
            132,
            10,
            13,
            20,
            2,
            249,
            286,
            220,
            284,
            153,
            155,
            299,
            277,
            192,
            206,
            334,
            420,
            490,
            365,
            429,
            540,
            428,
            426,
            532,
            463,
            739,
            820,
            811,
            842,
            940,
            960,
            942,
            783,
            934,
            591,
            785,
            838,
            978,
            944,
            974,
            855,
            844,
            871,
            967
        ],
        [
            69,
            79,
            134,
            29,
            64,
            20,
            126,
            58,
            137,
            73,
            14,
            248,
            205,
            305,
            258,
            159,
            165,
            157,
            271,
            182,
            176,
            457,
            364,
            355,
            342,
            469,
            347,
            498,
            408,
            346,
            487,
            759,
            711,
            744,
            684,
            682,
            726,
            678,
            629,
            771,
            942,
            21,
            121,
            117,
            27,
            3,
            123,
            898,
            911,
            838
        ],
        [
            69,
            116,
            152,
            119,
            10,
            1,
            88,
            16,
            86,
            58,
            78,
            226,
            306,
            321,
            252,
            163,
            214,
            164,
            282,
            315,
            284,
            491,
            526,
            519,
            459,
            389,
            499,
            489,
            354,
            532,
            461,
            718,
            564,
            740,
            629,
            562,
            601,
            719,
            717,
            690,
            752,
            909,
            917,
            869,
            782,
            931,
            942,
            879,
            929,
            817
        ],
        [
            64,
            119,
            145,
            13,
            53,
            123,
            60,
            105,
            84,
            32,
            17,
            333,
            305,
            170,
            316,
            221,
            251,
            189,
            214,
            222,
            257,
            385,
            342,
            537,
            494,
            396,
            355,
            339,
            401,
            398,
            410,
            775,
            599,
            641,
            577,
            975,
            913,
            978,
            872,
            909,
            807,
            20,
            139,
            86,
            907,
            784,
            949,
            841,
            786,
            850
        ]
    ],
    "goal": [
        [
            524,
            528,
            451,
            194,
            531,
            339,
            626,
            400,
            846,
            904,
            844,
            909,
            341,
            743,
            612,
            689,
            581,
            679,
            821,
            513,
            978,
            316,
            68,
            419,
            73,
            933,
            903,
            759,
            493,
            24,
            155,
            2,
            0,
            404,
            121,
            565,
            259,
            577,
            189,
            76,
            841,
            81,
            145,
            331,
            154,
            562,
            131,
            384,
            838,
            79
        ],
        [
            392,
            621,
            977,
            134,
            538,
            408,
            742,
            155,
            721,
            317,
            643,
            327,
            582,
            356,
            930,
            519,
            299,
            752,
            686,
            747,
            448,
            942,
            819,
            855,
            807,
            743,
            674,
            577,
            91,
            149,
            283,
            850,
            197,
            131,
            449,
            32,
            783,
            194,
            79,
            726,
            103,
            67,
            271,
            90,
            61,
            770,
            73,
            128,
            102,
            147
        ],
        [
            692,
            559,
            848,
            723,
            515,
            405,
            110,
            3,
            62,
            965,
            898,
            968,
            786,
            771,
            494,
            871,
            805,
            531,
            60,
            599,
            969,
            6,
            316,
            119,
            356,
            264,
            721,
            897,
            646,
            740,
            571,
            196,
            366,
            155,
            57,
            473,
            101,
            24,
            395,
            86,
            548,
            489,
            555,
            391,
            657,
            95,
            645,
            760,
            418,
            270
        ],
        [
            834,
            457,
            229,
            397,
            600,
            94,
            628,
            810,
            341,
            3,
            527,
            973,
            616,
            241,
            816,
            52,
            262,
            536,
            482,
            131,
            422,
            879,
            969,
            784,
            723,
            757,
            613,
            753,
            306,
            158,
            974,
            144,
            325,
            394,
            487,
            160,
            145,
            62,
            191,
            674,
            296,
            470,
            297,
            434,
            323,
            344,
            216,
            427,
            813,
            79
        ],
        [
            431,
            680,
            775,
            364,
            814,
            68,
            686,
            706,
            589,
            558,
            903,
            913,
            885,
            159,
            269,
            708,
            769,
            141,
            555,
            600,
            23,
            820,
            16,
            137,
            93,
            787,
            277,
            261,
            4,
            936,
            963,
            297,
            971,
            105,
            751,
            176,
            79,
            403,
            429,
            74,
            18,
            931,
            867,
            228,
            27,
            213,
            385,
            55,
            126,
            15
        ]
    ],
    "std_bc": 0.0005298394094871014
}