{
    "name": "0_79",
    "weight": false,
    "n_row": 32,
    "n_col": 32,
    "layout": [
        "@@.@.@.@@@.@.@...@.....@.@...@..",
        "@.......@.....@.....@.@...@.@...",
        "@@.@.@...@.@...@.@.@...@.@...@..",
        "@.@...@.....@.......@.@.....@...",
        ".....@.@.@.@.@.@@@.@...@.@.@.@..",
        "@.@.@.....@.....@.@...@.@.......",
        "@..@.@.@...@.@.@...@.......@.@..",
        "@.....@.@.......@.....@.@.@@@...",
        ".@...@...@.@.@...@.@.@.@...@.@..",
        "..@.@.@.......@.@.......@.@.....",
        ".@.....@...@.@...@.@.@.@...@.@..",
        "....@...@.@.@.@.@...@.@.@.@.@...",
        ".@.@.@.@.@.....@...@.....@...@..",
        "..@...@...@.@.@.@.@.@.@...@.....",
        ".@.@...@.@.......@.......@@@.@..",
        "@...@.....@.@.@.@.....@...@.....",
        "@....@.@...@...@...@.....@...@..",
        "...@....@@..@.@.@...@.@.@.@.@...",
        "@...@....@.......@.@.......@.@..",
        "@@...@....@.@...@...@.@.@.@.....",
        "@.@.....@..@.@.@.@.@...@...@.@..",
        "...@.@...@....@...@.....@.@.....",
        "@.....@...@......@...@.@...@.@..",
        ".@@@.@...@.@....@...@.@...@.....",
        "..@.@...@...@..........@...@.@..",
        ".........@.....@....@.@.@.@.....",
        "@.@.@.@...@.@...@....@...@..@.@.",
        ".......@.@...@.@.@....@....@...@",
        "@...@.@...@.@.....@....@..@@@.@.",
        ".@.....@.@...@.@.@.@..@....@.@..",
        "..@.@...@...@@@@@...............",
        ".....@.@@@.....@@@.@@@@@@@@@@@@@"
    ],
    "start": [
        [
            186,
            26,
            132,
            74,
            148,
            41,
            88,
            175,
            48,
            110,
            193,
            284,
            306,
            268,
            325,
            226,
            256,
            258,
            355,
            338,
            299,
            414,
            459,
            460,
            498,
            489,
            466,
            557,
            554,
            543,
            386,
            718,
            586,
            769,
            717,
            763,
            599,
            782,
            612,
            707,
            567,
            912,
            931,
            909,
            801,
            928,
            893,
            825,
            913,
            993
        ],
        [
            130,
            150,
            36,
            20,
            121,
            185,
            2,
            119,
            113,
            18,
            103,
            357,
            241,
            214,
            271,
            354,
            441,
            546,
            471,
            439,
            427,
            584,
            637,
            652,
            697,
            761,
            626,
            670,
            405,
            522,
            452,
            622,
            684,
            702,
            596,
            650,
            616,
            563,
            639,
            699,
            671,
            163,
            897,
            933,
            898,
            940,
            865,
            864,
            978,
            785
        ],
        [
            131,
            188,
            15,
            128,
            187,
            18,
            43,
            186,
            132,
            125,
            61,
            198,
            365,
            216,
            325,
            262,
            326,
            206,
            353,
            367,
            351,
            406,
            467,
            732,
            649,
            596,
            599,
            583,
            728,
            643,
            778,
            867,
            932,
            817,
            1010,
            840,
            897,
            907,
            863,
            614,
            664,
            893,
            830,
            880,
            939,
            156,
            34,
            190,
            154,
            123
        ],
        [
            130,
            111,
            21,
            132,
            19,
            74,
            189,
            131,
            6,
            168,
            37,
            289,
            210,
            323,
            281,
            319,
            235,
            288,
            373,
            228,
            259,
            410,
            431,
            464,
            382,
            518,
            505,
            539,
            460,
            781,
            573,
            803,
            823,
            845,
            784,
            801,
            827,
            855,
            571,
            712,
            643,
            942,
            846,
            905,
            910,
            869,
            794,
            920,
            889,
            858
        ],
        [
            6,
            183,
            130,
            180,
            4,
            159,
            128,
            110,
            138,
            149,
            125,
            365,
            212,
            198,
            303,
            371,
            247,
            340,
            238,
            308,
            209,
            375,
            468,
            507,
            396,
            544,
            470,
            390,
            424,
            445,
            431,
            693,
            769,
            647,
            586,
            743,
            577,
            660,
            740,
            565,
            604,
            846,
            856,
            827,
            961,
            865,
            819,
            840,
            951,
            987
        ]
    ],
    "goal": [
        [
            1004,
            988,
            643,
            476,
            228,
            755,
            128,
            562,
            940,
            509,
            716,
            234,
            661,
            489,
            150,
            764,
            334,
            542,
            548,
            323,
            461,
            582,
            819,
            262,
            671,
            72,
            928,
            471,
            697,
            263,
            899,
            255,
            101,
            499,
            187,
            773,
            10,
            296,
            84,
            18,
            371,
            177,
            601,
            214,
            825,
            927,
            577,
            491,
            670,
            6
        ],
        [
            837,
            679,
            736,
            611,
            291,
            562,
            582,
            488,
            833,
            932,
            898,
            278,
            557,
            794,
            885,
            549,
            276,
            437,
            936,
            671,
            635,
            63,
            36,
            335,
            371,
            297,
            138,
            458,
            31,
            222,
            77,
            798,
            196,
            462,
            479,
            478,
            82,
            604,
            354,
            771,
            811,
            627,
            112,
            569,
            952,
            765,
            894,
            505,
            544,
            416
        ],
        [
            400,
            833,
            942,
            793,
            684,
            596,
            711,
            825,
            841,
            450,
            931,
            985,
            404,
            544,
            150,
            208,
            703,
            454,
            444,
            420,
            627,
            525,
            156,
            581,
            33,
            311,
            590,
            927,
            425,
            417,
            174,
            529,
            887,
            68,
            367,
            310,
            539,
            447,
            960,
            286,
            12,
            869,
            592,
            462,
            126,
            461,
            152,
            483,
            548,
            293
        ],
        [
            396,
            794,
            921,
            816,
            892,
            479,
            521,
            592,
            154,
            571,
            765,
            963,
            783,
            551,
            960,
            843,
            785,
            717,
            804,
            948,
            276,
            818,
            234,
            114,
            693,
            163,
            86,
            688,
            798,
            244,
            386,
            21,
            301,
            414,
            351,
            57,
            166,
            200,
            874,
            440,
            371,
            511,
            16,
            951,
            24,
            346,
            412,
            324,
            903,
            308
        ],
        [
            382,
            779,
            884,
            802,
            827,
            775,
            936,
            759,
            913,
            466,
            463,
            301,
            450,
            551,
            584,
            993,
            629,
            946,
            966,
            440,
            225,
            423,
            507,
            754,
            883,
            342,
            545,
            683,
            528,
            811,
            85,
            307,
            890,
            109,
            702,
            324,
            626,
            43,
            150,
            21,
            166,
            317,
            303,
            582,
            134,
            244,
            80,
            111,
            18,
            328
        ]
    ],
    "std_bc": 0.0013829227427275383
}