{
    "name": "38_79",
    "weight": false,
    "n_row": 32,
    "n_col": 32,
    "layout": [
        "@.@.@@.@.@.@@...@@.@.@.@.@...@.@",
        "@.@.@..@......@.@@.@.@.@...@.@.@",
        "@.@.@...@.@...@.@@.@.@.@...@.@.@",
        "..@.@.@...@.@.@.@..@.@.@.@@@.@.@",
        ".@@.@.@.@.@.@.@.@....@.@.@@..@.@",
        ".@@.@.@.@.@.@.@.@.@@.@.@.@.@...@",
        ".@....@.@.@.@.@.@.@@.@.@.@.@@.@@",
        ".@.@@.@.@.@.@.@.@.@@.@.....@@.@.",
        ".@.@..@.@.@.@.@.@.@@.@..@@.@@.@.",
        ".@.@.@@.@.@.@.@.@.@@.@.@@.@@..@.",
        "...@.@..@.@.@.@.@.@..@.@..@@..@.",
        "@@.@.@.@@.@.@..@@.@@.@.@.@@.@.@.",
        "@..@.@.@@.@.@..@...@.@.@.@@.@.@.",
        "@.@@.@.@..@.@.@@.@.@.@.@.@..@.@.",
        "@.@@.@.@.@@.@.@@.@.@.@.@.@..@.@.",
        "@.@..@.@.@@.@.@..@.@.@.@.@.@@.@.",
        ".@@.@@.@.@..@.@..@.@.@.@.@.@@.@.",
        ".@@.@@.@.@.@@.@@.@.@.@.@.@.@....",
        ".@..@..@.@.@@.@@.@.@.@.@.@.@.@@.",
        ".@.@@.@@.@.@..@@.@.@.@.@.@.@.@@.",
        "...@@.@@.@.@.@@@.@.@.@.@.@.@.@..",
        ".@.@..@..@.@.@.@.@.@.@.@.@.@.@..",
        "@@.@.@@.@@.@.@.@.@.@.@.@.@.@.@.@",
        "@..@.@@.@@.@.@.@.@.@.@.@...@.@.@",
        "@.@@.@..@..@.@.@.@.@.@.@..@@.@.@",
        "@.@@.@.@@.@@.@.@.@.@.@.@.@@..@.@",
        ".@@..@.@@.@@.@.@.@.@.@...@@.@@.@",
        ".@@.@@.@..@..@.@.@.@.@.@.@..@@.@",
        ".@..@@.@.@@.@@.@.@.@.@.@.@.@@..@",
        ".@.@@..@.@@.@@.@.@.@.@.@.@.@@.@@",
        "...@@.@@.@..@....@.@...@.@.@@.@@",
        "@..@..@@......@....@.@@@.@.@..@@"
    ],
    "start": [
        [
            15,
            88,
            57,
            41,
            73,
            195,
            150,
            126,
            62,
            10,
            177,
            366,
            214,
            256,
            231,
            216,
            310,
            247,
            335,
            313,
            205,
            618,
            621,
            442,
            543,
            511,
            534,
            750,
            650,
            760,
            641,
            828,
            711,
            818,
            754,
            820,
            688,
            724,
            772,
            679,
            720,
            1020,
            984,
            891,
            954,
            1005,
            1000,
            957,
            960,
            986
        ],
        [
            126,
            133,
            47,
            69,
            180,
            158,
            116,
            152,
            76,
            114,
            199,
            327,
            317,
            408,
            411,
            607,
            523,
            466,
            484,
            479,
            604,
            764,
            801,
            636,
            761,
            748,
            714,
            694,
            668,
            690,
            506,
            650,
            656,
            700,
            670,
            984,
            910,
            930,
            933,
            873,
            978,
            150,
            86,
            184,
            171,
            70,
            99,
            22,
            10,
            26
        ],
        [
            188,
            40,
            54,
            128,
            150,
            73,
            65,
            18,
            118,
            356,
            313,
            562,
            512,
            495,
            474,
            573,
            456,
            511,
            438,
            568,
            479,
            772,
            700,
            732,
            788,
            668,
            672,
            775,
            566,
            544,
            496,
            716,
            640,
            754,
            743,
            671,
            828,
            652,
            718,
            774,
            862,
            97,
            189,
            171,
            42,
            90,
            135,
            882,
            896,
            1000
        ],
        [
            156,
            15,
            45,
            86,
            186,
            155,
            308,
            276,
            322,
            397,
            152,
            316,
            224,
            381,
            278,
            342,
            445,
            536,
            512,
            566,
            538,
            777,
            645,
            660,
            670,
            639,
            804,
            769,
            624,
            495,
            562,
            944,
            867,
            1009,
            1018,
            925,
            891,
            875,
            841,
            954,
            882,
            47,
            84,
            146,
            997,
            1020,
            870,
            976,
            94,
            896
        ],
        [
            94,
            76,
            35,
            22,
            30,
            50,
            145,
            82,
            40,
            133,
            6,
            356,
            297,
            381,
            209,
            241,
            285,
            301,
            216,
            415,
            379,
            436,
            443,
            511,
            610,
            449,
            720,
            824,
            822,
            743,
            778,
            862,
            708,
            706,
            716,
            679,
            690,
            762,
            1007,
            838,
            664,
            976,
            971,
            993,
            954,
            974,
            169,
            189,
            167,
            56
        ]
    ],
    "goal": [
        [
            957,
            1001,
            737,
            894,
            830,
            114,
            898,
            128,
            724,
            474,
            859,
            762,
            997,
            58,
            888,
            1000,
            15,
            146,
            158,
            381,
            984,
            564,
            152,
            870,
            267,
            197,
            875,
            764,
            86,
            607,
            186,
            147,
            475,
            189,
            101,
            203,
            986,
            1018,
            401,
            212,
            424,
            650,
            449,
            239,
            608,
            700,
            413,
            962,
            586,
            698
        ],
        [
            297,
            247,
            790,
            596,
            415,
            641,
            192,
            333,
            607,
            249,
            60,
            950,
            971,
            523,
            624,
            299,
            313,
            58,
            686,
            14,
            930,
            205,
            1012,
            69,
            231,
            118,
            703,
            616,
            728,
            256,
            706,
            340,
            677,
            793,
            581,
            99,
            568,
            408,
            411,
            57,
            90,
            335,
            946,
            876,
            827,
            209,
            798,
            488,
            212,
            754
        ],
        [
            400,
            186,
            844,
            177,
            101,
            728,
            993,
            769,
            369,
            862,
            33,
            111,
            574,
            229,
            894,
            260,
            94,
            37,
            946,
            327,
            512,
            124,
            679,
            273,
            579,
            231,
            1001,
            952,
            934,
            541,
            67,
            278,
            918,
            680,
            980,
            404,
            420,
            761,
            827,
            730,
            554,
            438,
            594,
            762,
            282,
            774,
            118,
            982,
            397,
            192
        ],
        [
            968,
            345,
            400,
            390,
            197,
            782,
            425,
            804,
            1005,
            982,
            589,
            946,
            381,
            586,
            10,
            864,
            366,
            671,
            308,
            454,
            978,
            888,
            875,
            237,
            942,
            76,
            886,
            867,
            126,
            393,
            415,
            1018,
            52,
            317,
            536,
            677,
            408,
            60,
            894,
            472,
            670,
            58,
            233,
            706,
            190,
            356,
            305,
            738,
            288,
            88
        ],
        [
            454,
            20,
            952,
            113,
            621,
            640,
            33,
            459,
            766,
            474,
            344,
            1004,
            822,
            42,
            708,
            679,
            968,
            28,
            946,
            552,
            8,
            652,
            97,
            711,
            316,
            632,
            666,
            358,
            589,
            506,
            348,
            160,
            634,
            404,
            253,
            656,
            793,
            427,
            288,
            566,
            806,
            515,
            118,
            758,
            429,
            676,
            413,
            180,
            957,
            864
        ]
    ],
    "std_bc": 0.0007842760319920725
}