{
    "name": "45_27",
    "weight": false,
    "n_row": 32,
    "n_col": 32,
    "layout": [
        "@@@@@@@@@@@@@@@@@@@@@@@@@@@@@@@@",
        "@..........................@.@.@",
        "@@@@@@@@@@@@@@@@@@@@.@@@@@@@.@.@",
        "@..........................@.@.@",
        "@@@@@@@@@@@@@@@@@@@@@@@@@@.@.@.@",
        "@........................@.@.@.@",
        "@@@@@@@@@@@@@@@@@@.@@@@@.@.@.@.@",
        "@......................@.@.@.@.@",
        "@@@@@@@@@@@@@@@@@@@@@@@@.@...@.@",
        "@......................@.@.@.@.@",
        "@@@@@@@@@@@@@@@@@@@@@@...@.@.@.@",
        "@....................@.@.@.@.@.@",
        "@@@@@@@@@@@@.@@@@@@@@@.@.@.@.@.@",
        "@....................@.@.@.@.@.@",
        "@@.@@@@@@@@@@@@@@@@@.@.@.@.@.@.@",
        "@..................@.@.@...@.@.@",
        "@@@@@@@@@@@@@@@@@@@@.@.@.@.@...@",
        "@................@.@.@.@.@.@.@.@",
        "@@@@@@@@@@@@@.@@@@.@.@.@.@.@.@.@",
        "@................@.@.@.@.@.@.@.@",
        "@.@@@@@@@@@@@@@@@@.@...@.@.@.@.@",
        "@..............@.@.@.@.@.@.@.@.@",
        "@.@@@@@@@@@@@@@@.@.@.@.@.@.@.@.@",
        "@..............@.@.@.@.@.@.@.@.@",
        "@@@@@@@@@@@@.@.@.@.@.@.@.@.@.@.@",
        "@............@.@.@.@.@.@.@.@.@.@",
        "@@@@@@.@@@@@@@.@.@.@.@.@.@.@.@.@",
        "@..........@...@.@.@.@.@.@.@.@.@",
        "@@@@@@@@.@@@.@...@.@.@.@.@.@.@.@",
        "@..........@.@.@.@.@.@.@.@.@.@.@",
        "@.@@@@@@@@.@.@.@.....@.@.@.@.@.@",
        ".........@.@@@@@@@@@@@@@@@@@@@@@"
    ],
    "start": [
        [
            99,
            188,
            39,
            156,
            101,
            116,
            419,
            358,
            368,
            282,
            369,
            482,
            481,
            470,
            589,
            438,
            613,
            554,
            559,
            483,
            414,
            476,
            596,
            621,
            730,
            748,
            628,
            568,
            510,
            548,
            494,
            675,
            809,
            754,
            750,
            700,
            758,
            622,
            685,
            638,
            794,
            876,
            830,
            882,
            984,
            930,
            115,
            108,
            126,
            164
        ],
        [
            216,
            178,
            186,
            53,
            161,
            170,
            105,
            190,
            176,
            171,
            110,
            362,
            296,
            307,
            243,
            357,
            361,
            370,
            408,
            301,
            289,
            424,
            504,
            484,
            510,
            434,
            490,
            566,
            486,
            422,
            610,
            623,
            628,
            854,
            892,
            867,
            918,
            940,
            882,
            997,
            858,
            866,
            908,
            904,
            932,
            995,
            922,
            924,
            862,
            210
        ],
        [
            170,
            177,
            210,
            114,
            119,
            165,
            36,
            49,
            99,
            216,
            190,
            358,
            240,
            243,
            396,
            450,
            489,
            422,
            494,
            596,
            363,
            541,
            497,
            423,
            612,
            435,
            549,
            554,
            496,
            502,
            488,
            619,
            679,
            638,
            741,
            632,
            848,
            980,
            880,
            874,
            988,
            45,
            892,
            944,
            62,
            57,
            106,
            914,
            972,
            996
        ],
        [
            126,
            179,
            92,
            41,
            53,
            115,
            102,
            94,
            290,
            308,
            240,
            547,
            534,
            474,
            500,
            555,
            291,
            236,
            297,
            371,
            226,
            442,
            429,
            497,
            682,
            732,
            685,
            624,
            794,
            803,
            762,
            1000,
            994,
            680,
            749,
            634,
            670,
            632,
            814,
            617,
            618,
            920,
            998,
            858,
            892,
            952,
            161,
            50,
            977,
            992
        ],
        [
            175,
            166,
            174,
            60,
            179,
            48,
            102,
            109,
            114,
            58,
            42,
            292,
            361,
            248,
            296,
            302,
            300,
            358,
            280,
            406,
            240,
            550,
            551,
            435,
            555,
            614,
            494,
            492,
            487,
            508,
            442,
            804,
            662,
            668,
            740,
            734,
            626,
            682,
            805,
            636,
            684,
            978,
            934,
            961,
            924,
            931,
            998,
            954,
            852,
            976
        ]
    ],
    "goal": [
        [
            359,
            658,
            300,
            675,
            611,
            169,
            860,
            102,
            295,
            685,
            33,
            974,
            176,
            990,
            242,
            869,
            534,
            310,
            220,
            930,
            865,
            496,
            110,
            236,
            45,
            502,
            121,
            802,
            749,
            686,
            972,
            470,
            440,
            46,
            291,
            807,
            961,
            720,
            862,
            760,
            101,
            360,
            165,
            548,
            995,
            42,
            171,
            988,
            942,
            722
        ],
        [
            489,
            546,
            418,
            918,
            307,
            846,
            408,
            369,
            740,
            788,
            749,
            606,
            999,
            796,
            904,
            952,
            118,
            677,
            720,
            428,
            806,
            838,
            934,
            686,
            852,
            1000,
            58,
            382,
            182,
            666,
            483,
            419,
            108,
            988,
            555,
            549,
            356,
            367,
            498,
            374,
            232,
            431,
            540,
            886,
            40,
            705,
            104,
            105,
            594,
            676
        ],
        [
            55,
            746,
            984,
            436,
            362,
            293,
            549,
            970,
            931,
            938,
            360,
            442,
            993,
            848,
            154,
            282,
            690,
            558,
            343,
            478,
            594,
            101,
            852,
            183,
            444,
            167,
            854,
            826,
            804,
            748,
            550,
            483,
            504,
            676,
            108,
            972,
            38,
            551,
            760,
            364,
            109,
            740,
            846,
            998,
            882,
            303,
            589,
            175,
            52,
            474
        ],
        [
            728,
            289,
            741,
            874,
            935,
            493,
            786,
            747,
            34,
            107,
            920,
            788,
            740,
            494,
            292,
            504,
            808,
            222,
            936,
            626,
            980,
            488,
            780,
            166,
            114,
            752,
            58,
            668,
            110,
            545,
            933,
            677,
            685,
            370,
            606,
            619,
            745,
            682,
            442,
            798,
            184,
            737,
            604,
            225,
            910,
            48,
            622,
            824,
            702,
            350
        ],
        [
            156,
            396,
            956,
            236,
            551,
            296,
            804,
            860,
            422,
            307,
            698,
            752,
            682,
            104,
            961,
            112,
            490,
            890,
            612,
            546,
            62,
            175,
            353,
            807,
            119,
            179,
            884,
            888,
            382,
            997,
            615,
            367,
            801,
            484,
            106,
            292,
            431,
            124,
            188,
            244,
            976,
            168,
            154,
            600,
            364,
            158,
            344,
            500,
            796,
            491
        ]
    ],
    "std_bc": 0.0007481732675129777
}