{
    "name": "5_61",
    "weight": false,
    "n_row": 32,
    "n_col": 32,
    "layout": [
        "................................",
        "@@@@@@@@........@@@.......@@@@..",
        "..........@@@@.......@@.......@.",
        "@@@@@@@........@@@.......@@@....",
        ".........@@@@.......@@........@.",
        "@@@@@..........@........@@......",
        ".......@@@@.......@@@.......@@..",
        "@@@..........@@........@........",
        ".....@@@@........@@.......@@@...",
        "@..........@@........@@.........",
        "...@@@@@@......@@........@@.....",
        "...................@@........@..",
        "@@@@@@@@@@..@@@........@@.......",
        ".................@@........@@...",
        "@@@@@@@@@@@@@@@......@@.......@.",
        ".........................@@.....",
        "@@@@@@@@@@@@@@@....@@........@..",
        ".......................@@.......",
        "@@@@@@@@@@@@@@@@@@@@.......@@...",
        ".....................@@.........",
        "@@@@@@@@@@@@@@@@@@@@.....@@.....",
        ".............................@..",
        "@@@@@@@@@@@@@@@@@@@@..@@@.......",
        "...........................@@...",
        "@@@@@@@@@@@@@@@@@@@@@@@@@.....@.",
        "................................",
        "@@@@@@@@@@@@@@@@@@@@@@@@@....@..",
        "................................",
        "@@@@@@@@@@@@@@@@@@@@@@@@@@@@@@..",
        "................................",
        "@@@@@@@@@@@@@@@@@@@@@@@@@@@@@@..",
        "................................"
    ],
    "start": [
        [
            29,
            108,
            93,
            11,
            72,
            30,
            4,
            167,
            47,
            174,
            109,
            241,
            291,
            236,
            252,
            219,
            295,
            321,
            401,
            634,
            543,
            865,
            827,
            804,
            691,
            731,
            822,
            811,
            858,
            695,
            820,
            873,
            993,
            952,
            958,
            1006,
            950,
            881,
            992,
            867,
            793,
            887,
            995,
            999,
            877,
            994,
            955,
            1014,
            948,
            1003
        ],
        [
            172,
            129,
            135,
            167,
            132,
            145,
            15,
            126,
            108,
            187,
            28,
            352,
            353,
            253,
            242,
            367,
            294,
            338,
            348,
            295,
            252,
            556,
            561,
            464,
            575,
            474,
            555,
            602,
            529,
            548,
            540,
            804,
            744,
            754,
            811,
            731,
            762,
            858,
            683,
            745,
            801,
            868,
            893,
            931,
            992,
            141,
            895,
            998,
            954,
            869
        ],
        [
            186,
            7,
            0,
            117,
            181,
            51,
            166,
            67,
            53,
            70,
            46,
            362,
            402,
            377,
            193,
            318,
            417,
            317,
            276,
            280,
            298,
            636,
            424,
            619,
            607,
            570,
            549,
            663,
            482,
            423,
            671,
            740,
            824,
            799,
            806,
            820,
            800,
            735,
            766,
            826,
            864,
            998,
            1012,
            1000,
            993,
            80,
            145,
            73,
            144,
            124
        ],
        [
            26,
            82,
            6,
            4,
            117,
            83,
            172,
            42,
            27,
            15,
            159,
            244,
            361,
            348,
            193,
            479,
            533,
            492,
            635,
            668,
            422,
            684,
            738,
            756,
            758,
            703,
            730,
            867,
            696,
            804,
            691,
            891,
            996,
            1015,
            1008,
            873,
            887,
            888,
            997,
            750,
            732,
            946,
            880,
            959,
            956,
            889,
            936,
            938,
            937,
            1014
        ],
        [
            18,
            130,
            71,
            190,
            55,
            91,
            165,
            11,
            12,
            67,
            159,
            289,
            215,
            194,
            364,
            373,
            405,
            203,
            292,
            362,
            193,
            482,
            610,
            743,
            795,
            682,
            752,
            686,
            810,
            817,
            867,
            933,
            937,
            991,
            876,
            951,
            1017,
            1001,
            886,
            947,
            1008,
            118,
            155,
            1011,
            885,
            868,
            930,
            188,
            115,
            129
        ]
    ],
    "goal": [
        [
            569,
            735,
            40,
            500,
            857,
            692,
            607,
            818,
            811,
            940,
            694,
            698,
            742,
            549,
            133,
            758,
            90,
            159,
            863,
            931,
            487,
            243,
            235,
            295,
            357,
            120,
            348,
            507,
            355,
            935,
            134,
            128,
            239,
            1002,
            466,
            824,
            618,
            405,
            215,
            616,
            933,
            421,
            472,
            869,
            681,
            19,
            419,
            187,
            801,
            688
        ],
        [
            868,
            811,
            499,
            748,
            867,
            660,
            1004,
            827,
            608,
            859,
            948,
            762,
            700,
            165,
            892,
            3,
            286,
            611,
            227,
            958,
            1006,
            150,
            938,
            744,
            935,
            40,
            79,
            609,
            880,
            803,
            322,
            551,
            296,
            151,
            686,
            245,
            257,
            173,
            429,
            320,
            944,
            484,
            19,
            339,
            482,
            826,
            27,
            883,
            312,
            193
        ],
        [
            617,
            1014,
            509,
            739,
            669,
            610,
            807,
            527,
            677,
            955,
            414,
            810,
            797,
            484,
            574,
            108,
            183,
            1015,
            943,
            259,
            927,
            481,
            948,
            305,
            418,
            871,
            147,
            157,
            476,
            87,
            552,
            699,
            91,
            83,
            365,
            417,
            753,
            928,
            736,
            115,
            20,
            44,
            402,
            760,
            240,
            875,
            673,
            823,
            540,
            635
        ],
        [
            952,
            934,
            374,
            379,
            622,
            826,
            602,
            950,
            131,
            549,
            431,
            872,
            857,
            1021,
            1022,
            616,
            10,
            219,
            73,
            803,
            743,
            315,
            637,
            198,
            126,
            13,
            170,
            538,
            480,
            289,
            812,
            293,
            31,
            626,
            613,
            405,
            425,
            217,
            932,
            54,
            360,
            487,
            813,
            206,
            356,
            331,
            611,
            406,
            254,
            807
        ],
        [
            601,
            402,
            376,
            229,
            606,
            865,
            890,
            947,
            597,
            468,
            466,
            825,
            734,
            689,
            746,
            1006,
            805,
            802,
            740,
            23,
            869,
            192,
            1001,
            636,
            165,
            208,
            330,
            15,
            174,
            276,
            62,
            377,
            72,
            620,
            1017,
            752,
            688,
            828,
            356,
            362,
            823,
            702,
            131,
            472,
            1004,
            479,
            347,
            546,
            679,
            157
        ]
    ],
    "std_bc": 0.0004888035304632159
}