{
    "name": "5_69",
    "weight": false,
    "n_row": 32,
    "n_col": 32,
    "layout": [
        "................................",
        "@....@@@...@@@..@@..@@@@@@@.@@..",
        "...@.....@......................",
        "@......@.........@...@@@@@@@@@@@",
        "...@@@....@@...@................",
        ".....................@@@..@@@@@@",
        "@@@@@.@.@@@@.@@@@...............",
        ".....................@.@...@@.@@",
        "@@@@...@@@@...@@@@.@@...........",
        "...........................@...@",
        "@@@@..@@@@...@@@@...@@.@.@......",
        "................................",
        ".@@@@@@@@@.@@@@@...@@@..@@@@@@@@",
        "................................",
        "@@@@@@@@@...@@@...@@@...@@@.@@@@",
        "................................",
        "@@@@@@@@...@@@....@@@...@@@.@@@@",
        "................................",
        "@@@@@@@...@@@@....@@@...@@@.@@@@",
        "...............@@...............",
        "@@@@@@...@@@@......@@...@@@@@@@@",
        "...............@@...............",
        "@@@@@...@@@@@.....@@@..@@@@@@@@@",
        "................................",
        "@@@@...@@@@@...@.@@@...@@@.@@@@@",
        "................................",
        "@@@...@@@@@...@@@@@...@@@@.@@@@@",
        "................................",
        "@@@..@@@@@@..@@@@@@..@@@@@@@@@@@",
        "................................",
        "@@@@.@@@@@@@@@@@@@@@@@@@@@@@@@@@",
        "................................"
    ],
    "start": [
        [
            79,
            141,
            23,
            16,
            7,
            65,
            31,
            8,
            108,
            115,
            77,
            349,
            219,
            355,
            281,
            331,
            296,
            351,
            337,
            173,
            324,
            545,
            564,
            535,
            484,
            630,
            486,
            767,
            765,
            759,
            830,
            1007,
            933,
            1019,
            1014,
            1011,
            1010,
            1000,
            932,
            959,
            993,
            928,
            957,
            884,
            868,
            1005,
            953,
            155,
            64,
            93
        ],
        [
            0,
            142,
            83,
            129,
            30,
            36,
            75,
            144,
            128,
            80,
            97,
            159,
            279,
            269,
            260,
            227,
            287,
            316,
            313,
            280,
            324,
            598,
            482,
            591,
            486,
            584,
            380,
            590,
            428,
            402,
            379,
            763,
            663,
            767,
            692,
            674,
            740,
            653,
            941,
            950,
            877,
            63,
            894,
            942,
            1009,
            881,
            993,
            1011,
            934,
            958
        ],
        [
            1,
            64,
            128,
            88,
            0,
            156,
            11,
            6,
            74,
            68,
            87,
            185,
            350,
            164,
            224,
            309,
            215,
            307,
            236,
            316,
            362,
            480,
            569,
            611,
            617,
            380,
            631,
            558,
            550,
            544,
            556,
            674,
            814,
            813,
            698,
            676,
            647,
            790,
            677,
            836,
            1023,
            23,
            30,
            999,
            952,
            26,
            21,
            104,
            112,
            78
        ],
        [
            29,
            24,
            69,
            94,
            149,
            25,
            10,
            165,
            361,
            317,
            162,
            599,
            418,
            622,
            608,
            433,
            402,
            498,
            511,
            618,
            510,
            721,
            858,
            780,
            817,
            747,
            742,
            481,
            534,
            382,
            551,
            744,
            772,
            656,
            821,
            758,
            637,
            739,
            709,
            808,
            946,
            1002,
            1005,
            941,
            952,
            891,
            84,
            148,
            99,
            91
        ],
        [
            72,
            79,
            9,
            141,
            155,
            147,
            69,
            63,
            50,
            156,
            59,
            591,
            632,
            510,
            384,
            433,
            421,
            417,
            614,
            592,
            636,
            820,
            720,
            805,
            829,
            789,
            657,
            654,
            761,
            788,
            812,
            952,
            868,
            998,
            1023,
            1017,
            876,
            885,
            892,
            882,
            1009,
            15,
            41,
            1016,
            1010,
            29,
            893,
            879,
            899,
            881
        ]
    ],
    "goal": [
        [
            934,
            928,
            227,
            592,
            998,
            611,
            294,
            805,
            628,
            781,
            630,
            889,
            99,
            929,
            482,
            694,
            1011,
            689,
            763,
            673,
            937,
            1022,
            19,
            229,
            14,
            837,
            574,
            807,
            526,
            301,
            617,
            945,
            432,
            495,
            216,
            86,
            82,
            366,
            141,
            88,
            339,
            492,
            486,
            382,
            175,
            639,
            419,
            1006,
            888,
            1000
        ],
        [
            953,
            628,
            224,
            835,
            372,
            585,
            815,
            509,
            498,
            632,
            864,
            804,
            831,
            1023,
            573,
            25,
            553,
            958,
            1013,
            483,
            597,
            1006,
            314,
            3,
            281,
            950,
            104,
            865,
            995,
            996,
            889,
            1011,
            227,
            1009,
            931,
            302,
            12,
            101,
            167,
            92,
            570,
            658,
            97,
            204,
            879,
            313,
            59,
            303,
            381,
            13
        ],
        [
            995,
            147,
            83,
            806,
            875,
            585,
            993,
            634,
            1012,
            1004,
            553,
            996,
            24,
            620,
            646,
            353,
            895,
            956,
            508,
            824,
            941,
            9,
            843,
            316,
            342,
            1016,
            81,
            8,
            891,
            75,
            1018,
            446,
            379,
            144,
            33,
            1014,
            571,
            999,
            285,
            215,
            89,
            720,
            238,
            685,
            325,
            383,
            485,
            547,
            695,
            821
        ],
        [
            653,
            673,
            220,
            894,
            725,
            262,
            737,
            772,
            287,
            352,
            1013,
            1010,
            3,
            101,
            762,
            939,
            672,
            1012,
            237,
            508,
            929,
            160,
            260,
            357,
            162,
            1017,
            304,
            342,
            1021,
            585,
            314,
            571,
            2,
            17,
            93,
            171,
            810,
            18,
            381,
            82,
            1016,
            68,
            145,
            574,
            94,
            291,
            355,
            934,
            407,
            1001
        ],
        [
            556,
            631,
            915,
            622,
            698,
            1018,
            220,
            1016,
            894,
            551,
            609,
            958,
            145,
            109,
            744,
            766,
            115,
            11,
            372,
            6,
            935,
            1001,
            1004,
            227,
            141,
            35,
            996,
            1005,
            70,
            485,
            230,
            34,
            563,
            893,
            492,
            701,
            175,
            27,
            168,
            130,
            224,
            553,
            936,
            169,
            843,
            313,
            1013,
            282,
            197,
            16
        ]
    ],
    "std_bc": 0.0006157202050085098
}