{
    "name": "18_50",
    "weight": false,
    "n_row": 32,
    "n_col": 32,
    "layout": [
        "................................",
        ".@@@@@@@@@@@@@@@.@@.@@@.@@.@@@.@",
        "................................",
        "@@@@@@@@@@@@@@@@.@@@.@@@@@@.@@.@",
        "................................",
        ".@@@@@@@@@@@@@@@.@@@.@@@.@@.@@.@",
        "................................",
        "@@@@@@@@@@@@@@@@.@@@@@@@.@@.@@.@",
        "................................",
        ".@@@@@@@@@@@@@@@.@@@@.@@.@@.@@.@",
        "................................",
        "@@@@@@@@@@@@@.@@@@@@@.@@.@@.@@.@",
        "................................",
        ".@@@@@@@@@@@@.@@@.@@@.@@.@@.@@@@",
        "................................",
        ".@@@@@@@@.@@@.@@@.@@@.@@.@@.@@@@",
        "................................",
        ".@@@@@@@@.@@@@@@@@.@@.@@.@@.@@@@",
        "................................",
        ".@@@@@@@@.@@@@.@@@.@@.@@.@@.@@@@",
        "................................",
        ".@@@@@.@@@@.@@@.@@.@@.@@.@@.@@@@",
        "................................",
        ".@@@@@@@@@@.@@@.@@.@@.@@.@@.@@@.",
        "................................",
        ".@@@@@@@.@@@.@@.@@.@@.@@.@@.@..@",
        "@@@..........................@@.",
        ".........@@@.@@.@@@@@@@.........",
        "@@@@@@@@@@.............@@@@@@@@@",
        ".............@@@@@..............",
        ".@@@@@@@@@@@@@@@.@@@@@@@@@@@@@@@",
        "................................"
    ],
    "start": [
        [
            0,
            76,
            112,
            10,
            51,
            67,
            1,
            4,
            269,
            264,
            341,
            654,
            452,
            465,
            453,
            600,
            278,
            206,
            200,
            268,
            259,
            541,
            601,
            586,
            784,
            887,
            837,
            776,
            779,
            727,
            724,
            1006,
            940,
            997,
            1019,
            958,
            959,
            863,
            858,
            792,
            851,
            1014,
            957,
            938,
            1010,
            78,
            976,
            952,
            948,
            953
        ],
        [
            24,
            126,
            22,
            12,
            153,
            26,
            27,
            8,
            29,
            5,
            76,
            269,
            200,
            210,
            286,
            315,
            251,
            393,
            343,
            336,
            197,
            412,
            474,
            539,
            543,
            507,
            644,
            518,
            453,
            580,
            889,
            1015,
            940,
            933,
            907,
            957,
            959,
            997,
            946,
            894,
            1017,
            71,
            89,
            948,
            1013,
            909,
            1016,
            893,
            952,
            1018
        ],
        [
            76,
            130,
            131,
            16,
            89,
            68,
            83,
            133,
            86,
            66,
            10,
            333,
            198,
            271,
            180,
            287,
            158,
            202,
            278,
            199,
            334,
            590,
            475,
            518,
            528,
            449,
            407,
            668,
            665,
            565,
            458,
            678,
            721,
            868,
            785,
            796,
            852,
            777,
            843,
            714,
            708,
            911,
            915,
            1014,
            934,
            1006,
            917,
            937,
            957,
            1009
        ],
        [
            68,
            13,
            16,
            130,
            7,
            133,
            73,
            67,
            77,
            71,
            128,
            387,
            343,
            214,
            287,
            344,
            332,
            205,
            376,
            275,
            204,
            504,
            601,
            669,
            553,
            398,
            751,
            869,
            863,
            842,
            696,
            1001,
            952,
            946,
            957,
            930,
            959,
            937,
            960,
            916,
            1012,
            29,
            1023,
            918,
            1014,
            154,
            126,
            28,
            993,
            1008
        ],
        [
            55,
            133,
            72,
            8,
            143,
            58,
            129,
            132,
            94,
            131,
            88,
            265,
            259,
            277,
            206,
            390,
            158,
            260,
            331,
            276,
            254,
            696,
            728,
            863,
            711,
            773,
            770,
            747,
            791,
            667,
            669,
            866,
            708,
            840,
            871,
            778,
            735,
            782,
            1007,
            867,
            785,
            994,
            1008,
            934,
            996,
            1014,
            1019,
            995,
            1002,
            911
        ]
    ],
    "goal": [
        [
            30,
            320,
            712,
            455,
            647,
            954,
            137,
            406,
            860,
            867,
            935,
            64,
            89,
            193,
            73,
            768,
            1022,
            778,
            539,
            864,
            727,
            326,
            1017,
            70,
            190,
            91,
            443,
            112,
            48,
            126,
            1002,
            212,
            409,
            382,
            222,
            390,
            267,
            585,
            150,
            256,
            211,
            154,
            1019,
            413,
            210,
            870,
            7,
            520,
            28,
            74
        ],
        [
            774,
            830,
            724,
            736,
            720,
            131,
            818,
            531,
            708,
            404,
            387,
            931,
            451,
            622,
            259,
            320,
            914,
            1008,
            581,
            768,
            687,
            1013,
            913,
            997,
            328,
            1000,
            1012,
            865,
            89,
            796,
            72,
            800,
            280,
            829,
            64,
            278,
            513,
            535,
            416,
            523,
            579,
            683,
            953,
            58,
            456,
            48,
            218,
            391,
            461,
            946
        ],
        [
            607,
            329,
            999,
            704,
            865,
            751,
            781,
            221,
            717,
            838,
            513,
            950,
            539,
            895,
            976,
            6,
            594,
            667,
            544,
            66,
            1,
            18,
            843,
            3,
            1003,
            733,
            1002,
            451,
            131,
            954,
            1011,
            9,
            31,
            452,
            126,
            263,
            194,
            19,
            78,
            157,
            408,
            14,
            1019,
            657,
            123,
            853,
            1001,
            1018,
            25,
            89
        ],
        [
            392,
            791,
            808,
            126,
            1022,
            1,
            852,
            586,
            915,
            910,
            287,
            262,
            160,
            843,
            288,
            1007,
            1017,
            939,
            997,
            707,
            515,
            708,
            68,
            64,
            130,
            67,
            351,
            12,
            949,
            443,
            69,
            513,
            455,
            285,
            394,
            30,
            468,
            331,
            518,
            640,
            11,
            829,
            582,
            269,
            891,
            3,
            717,
            865,
            147,
            501
        ],
        [
            763,
            607,
            678,
            722,
            642,
            718,
            585,
            914,
            1016,
            876,
            721,
            385,
            769,
            895,
            790,
            666,
            948,
            647,
            890,
            871,
            908,
            20,
            391,
            131,
            283,
            395,
            266,
            9,
            68,
            933,
            142,
            467,
            404,
            212,
            1009,
            273,
            839,
            215,
            67,
            223,
            24,
            540,
            515,
            347,
            671,
            187,
            159,
            217,
            282,
            143
        ]
    ],
    "std_bc": 0.0008825352086146593
}