{
    "name": "23_78",
    "weight": false,
    "n_row": 32,
    "n_col": 32,
    "layout": [
        "........@..@...@.@.@.@.@.@....@.",
        ".@..@.@.@.@.@..@...@...@...@@.@.",
        "@@.@..@.@.@....@.@.@.@.@.@..@.@.",
        ".@..@.@.@.@.@@.@.@.@.@.@.@..@.@.",
        ".@..@.@.@.@..@.@.@.@.@.@.@..@.@.",
        ".@..@.@.@.@.@..@.@.@.@.@.@..@.@.",
        "....@.@.@.@@...@.@.@.@.@.@..@.@.",
        ".@..@.@.@.@@.@.@.@.@.@.@.@.@@.@.",
        "..@.@.@.@.@..@.@.@.@.@.@.@..@...",
        "..@.@.@.@..@.@.@.@.@.@.@.@.@@.@@",
        "@.@.@.@.@..@.@.@.@.@.@.@.@..@..@",
        "@.@.@.@.@@.@.@.@.@.@.@.@.@..@@.@",
        "@.@.@.@..@.@.@.@.@.@.@.@.@.@.@..",
        "@.@.@.@..@.@.@.@.....@.@.@.@.@.@",
        "@.@.@.@@.@.@.@...@.@.@.@.@.@.@.@",
        "@.@.@.@@.@.@...@@..@.@.@.@.@.@.@",
        "@.@.@..@.@...@@..@.@.@.@.@.@.@.@",
        "@.@.@@.@...@@.@..@.@.@.@.@.@.@.@",
        ".....@.@.@..@.@@.@.@.@.@.@.@.@.@",
        "@.@@.@.@....@.@@.@.@.@.@.@.@.@.@",
        "...@.@.@@.@.@..@.@.@.@.@.@.@.@..",
        "@@.@.@.@..@.@..@.@.@.@.@.@.@.@..",
        ".@.@.@.@..@.@@.@.@.@.@.@.@.@.@..",
        ".@.@.@.@.....@.@.@.@.@.@.@.@.@..",
        ".@.@.@....@@.@.@.@.@.@.@.@.@..@.",
        ".@.@.@.@..@@.@.@.@.@.@.@.@.@..@.",
        ".@.@.@..@..@.@.@.@.@.@.@.@....@.",
        ".@.@.@@..@.@.@.@.@.@.@.@.@.@....",
        ".@.@..@....@.@.@.@.@.@.@.@..@...",
        ".@.......@.....@.@.@.@.@........",
        "...........@...@.@.@.@.@....@...",
        "................................"
    ],
    "start": [
        [
            107,
            29,
            154,
            56,
            128,
            61,
            122,
            35,
            80,
            50,
            261,
            547,
            456,
            559,
            400,
            498,
            224,
            344,
            350,
            282,
            250,
            434,
            382,
            538,
            542,
            372,
            582,
            421,
            478,
            664,
            658,
            930,
            996,
            959,
            985,
            928,
            589,
            671,
            736,
            628,
            654,
            912,
            26,
            105,
            1012,
            1019,
            957,
            892,
            931,
            871
        ],
        [
            18,
            154,
            10,
            71,
            53,
            86,
            0,
            48,
            78,
            14,
            84,
            267,
            256,
            276,
            353,
            289,
            221,
            178,
            197,
            223,
            321,
            440,
            557,
            444,
            568,
            490,
            392,
            527,
            376,
            451,
            481,
            646,
            797,
            756,
            634,
            660,
            668,
            1004,
            898,
            910,
            703,
            864,
            890,
            959,
            940,
            876,
            868,
            908,
            842,
            1015
        ],
        [
            90,
            110,
            43,
            107,
            95,
            118,
            76,
            39,
            46,
            137,
            26,
            323,
            216,
            310,
            308,
            205,
            342,
            306,
            174,
            259,
            231,
            584,
            508,
            379,
            577,
            394,
            391,
            419,
            402,
            466,
            474,
            748,
            746,
            708,
            735,
            656,
            706,
            654,
            632,
            828,
            999,
            165,
            128,
            123,
            14,
            66,
            78,
            13,
            50,
            120
        ],
        [
            99,
            165,
            160,
            57,
            139,
            163,
            101,
            50,
            88,
            282,
            347,
            472,
            552,
            442,
            578,
            468,
            453,
            538,
            449,
            510,
            564,
            634,
            726,
            770,
            799,
            730,
            722,
            790,
            715,
            676,
            808,
            861,
            908,
            965,
            953,
            928,
            894,
            780,
            809,
            756,
            720,
            1013,
            950,
            966,
            58,
            18,
            157,
            922,
            824,
            892
        ],
        [
            56,
            14,
            66,
            68,
            69,
            80,
            98,
            49,
            76,
            75,
            142,
            293,
            193,
            169,
            204,
            304,
            347,
            310,
            201,
            171,
            199,
            402,
            538,
            419,
            576,
            502,
            536,
            417,
            578,
            524,
            478,
            752,
            617,
            792,
            814,
            589,
            676,
            796,
            758,
            678,
            896,
            107,
            950,
            893,
            960,
            1021,
            863,
            886,
            978,
            963
        ]
    ],
    "goal": [
        [
            346,
            927,
            238,
            957,
            428,
            267,
            456,
            686,
            782,
            321,
            272,
            276,
            923,
            334,
            483,
            73,
            638,
            776,
            114,
            876,
            866,
            796,
            463,
            22,
            560,
            1002,
            685,
            362,
            347,
            208,
            125,
            861,
            174,
            344,
            481,
            391,
            584,
            706,
            594,
            265,
            259,
            57,
            752,
            688,
            187,
            82,
            493,
            736,
            500,
            442
        ],
        [
            1009,
            402,
            349,
            959,
            391,
            280,
            690,
            901,
            906,
            614,
            927,
            580,
            715,
            944,
            871,
            242,
            969,
            925,
            50,
            204,
            438,
            790,
            502,
            846,
            528,
            125,
            374,
            68,
            289,
            636,
            504,
            986,
            300,
            776,
            48,
            66,
            481,
            312,
            32,
            566,
            562,
            302,
            646,
            547,
            634,
            347,
            61,
            88,
            120,
            462
        ],
        [
            972,
            963,
            52,
            710,
            13,
            910,
            4,
            932,
            966,
            43,
            520,
            336,
            764,
            926,
            640,
            863,
            802,
            288,
            752,
            1023,
            931,
            852,
            808,
            683,
            1010,
            3,
            58,
            892,
            103,
            920,
            508,
            860,
            732,
            180,
            964,
            582,
            630,
            596,
            498,
            584,
            406,
            985,
            904,
            760,
            362,
            276,
            671,
            788,
            28,
            654
        ],
        [
            986,
            278,
            171,
            589,
            182,
            800,
            408,
            216,
            84,
            804,
            775,
            80,
            790,
            618,
            186,
            451,
            532,
            644,
            485,
            560,
            218,
            580,
            736,
            434,
            626,
            9,
            706,
            868,
            27,
            197,
            157,
            58,
            767,
            298,
            5,
            32,
            135,
            438,
            762,
            288,
            105,
            453,
            430,
            255,
            54,
            204,
            114,
            167,
            577,
            502
        ],
        [
            139,
            624,
            866,
            1002,
            75,
            638,
            1005,
            481,
            49,
            355,
            105,
            642,
            127,
            224,
            923,
            772,
            704,
            146,
            863,
            577,
            950,
            836,
            722,
            747,
            84,
            802,
            287,
            178,
            208,
            995,
            110,
            154,
            29,
            498,
            162,
            790,
            270,
            24,
            344,
            754,
            80,
            878,
            586,
            874,
            792,
            238,
            244,
            103,
            98,
            189
        ]
    ],
    "std_bc": 0.0007643496090187611
}