{
    "name": "35_53",
    "weight": false,
    "n_row": 32,
    "n_col": 32,
    "layout": [
        "................................",
        ".@@@@@@@@@@@@@@@@@@@@@@@@@@@@@@@",
        "................................",
        "@@@@@@@@@@.@@@@@@@@@@@@@@@@@@@@@",
        "................................",
        "@@@@@@@@@@@@@@@.@@@@@@@@@@@@@@@@",
        "................................",
        "@@@@@@@@@@@@@@@@@@@@@@@@@.@@@@@@",
        "................................",
        "@@@@@@@@@@@@@@@@@@@@@@@@@@.@@@@@",
        "................................",
        "@@@@@@@@@@@@@@@@@@@@@@@@@@@@@.@@",
        "................................",
        "@@@@@@@@@@@@@@@@@@@.@@@@@@@@@@@@",
        "................................",
        "@@.@@@@@@@@@@@@@@@@@@@@@@@@@@@@@",
        "................................",
        "@@@@@@@@@@@@@@@@@@@@@@@@@@@.@@@@",
        "................................",
        "@@@@@@@@@@@@@@@@@@@@@@@@@@@@@.@@",
        "................................",
        "@@@@@@@@@@@@@@@@@@@@@@@@@@@@@@@.",
        ".............................@@.",
        "@@@@@@@@@@@@@@@@@@@@@@@@@@@.....",
        "....................@@@@@@@.@@@@",
        "@@@@@@@@@@@@@@@@@@..............",
        ".@@@@@@@@@@@@@@@@@@@@@.@@@@@@@@@",
        "................................",
        "@@@@@@@@@@@@@@@@@@@@@.@@@@@@@@@@",
        "................................",
        "@@@.@@@@@@@@@@@@@@@@@@@@@@@@@@@@",
        "................................"
    ],
    "start": [
        [
            131,
            85,
            19,
            28,
            155,
            152,
            70,
            15,
            74,
            20,
            12,
            381,
            391,
            387,
            524,
            457,
            515,
            476,
            473,
            396,
            588,
            654,
            642,
            710,
            763,
            719,
            665,
            826,
            660,
            643,
            662,
            946,
            996,
            658,
            766,
            651,
            646,
            728,
            770,
            724,
            637,
            945,
            930,
            929,
            935,
            1007,
            880,
            1021,
            883,
            1002
        ],
        [
            138,
            94,
            7,
            69,
            24,
            10,
            155,
            137,
            89,
            70,
            90,
            386,
            284,
            210,
            218,
            192,
            271,
            330,
            528,
            476,
            593,
            822,
            641,
            765,
            710,
            667,
            764,
            668,
            703,
            735,
            605,
            950,
            867,
            928,
            1010,
            1023,
            963,
            670,
            706,
            663,
            785,
            1012,
            880,
            1011,
            86,
            151,
            131,
            20,
            0,
            4
        ],
        [
            19,
            2,
            77,
            29,
            144,
            84,
            17,
            149,
            390,
            392,
            198,
            597,
            536,
            402,
            591,
            514,
            578,
            576,
            519,
            455,
            515,
            663,
            732,
            776,
            665,
            643,
            513,
            457,
            531,
            512,
            592,
            667,
            773,
            708,
            777,
            714,
            1014,
            880,
            884,
            893,
            943,
            8,
            992,
            963,
            935,
            1002,
            940,
            894,
            950,
            832
        ],
        [
            154,
            84,
            65,
            95,
            29,
            153,
            75,
            78,
            81,
            74,
            26,
            194,
            334,
            277,
            203,
            392,
            266,
            201,
            332,
            323,
            387,
            584,
            394,
            469,
            435,
            576,
            411,
            513,
            470,
            591,
            451,
            795,
            664,
            827,
            600,
            603,
            770,
            775,
            661,
            723,
            828,
            882,
            854,
            135,
            133,
            946,
            868,
            930,
            872,
            71
        ],
        [
            997,
            71,
            524,
            87,
            213,
            128,
            468,
            667,
            530,
            320,
            596,
            1006,
            591,
            67,
            132,
            893,
            823,
            957,
            336,
            19,
            764,
            589,
            143,
            268,
            880,
            958,
            1008,
            85,
            389,
            519,
            482,
            767,
            137,
            1021,
            941,
            351,
            386,
            1007,
            642,
            17,
            259,
            578,
            12,
            204,
            1013,
            996,
            821,
            205,
            662,
            600
        ]
    ],
    "goal": [
        [
            323,
            596,
            259,
            1010,
            999,
            604,
            704,
            407,
            787,
            1013,
            451,
            869,
            587,
            646,
            71,
            20,
            576,
            783,
            658,
            85,
            1003,
            284,
            872,
            141,
            13,
            285,
            195,
            474,
            467,
            12,
            389,
            32,
            133,
            929,
            8,
            399,
            1017,
            134,
            449,
            397,
            142,
            401,
            7,
            196,
            106,
            331,
            343,
            404,
            211,
            642
        ],
        [
            735,
            954,
            456,
            1008,
            256,
            1021,
            1004,
            819,
            391,
            578,
            541,
            1,
            723,
            668,
            783,
            325,
            870,
            947,
            175,
            941,
            90,
            30,
            715,
            393,
            209,
            142,
            146,
            395,
            286,
            21,
            273,
            260,
            134,
            587,
            156,
            390,
            580,
            347,
            453,
            155,
            339,
            19,
            29,
            16,
            643,
            605,
            939,
            660,
            435,
            579
        ],
        [
            717,
            1008,
            782,
            592,
            519,
            593,
            476,
            994,
            825,
            650,
            723,
            1003,
            339,
            92,
            408,
            770,
            24,
            780,
            134,
            706,
            933,
            1009,
            407,
            21,
            469,
            769,
            65,
            198,
            259,
            175,
            1022,
            285,
            17,
            11,
            273,
            207,
            718,
            260,
            276,
            338,
            205,
            265,
            327,
            534,
            587,
            472,
            581,
            143,
            208,
            644
        ],
        [
            715,
            659,
            658,
            524,
            95,
            576,
            1005,
            766,
            780,
            535,
            222,
            867,
            875,
            664,
            528,
            592,
            996,
            543,
            606,
            713,
            774,
            273,
            605,
            5,
            18,
            66,
            735,
            773,
            1007,
            146,
            94,
            203,
            1006,
            221,
            132,
            397,
            1021,
            405,
            202,
            26,
            435,
            329,
            401,
            775,
            892,
            338,
            286,
            65,
            68,
            730
        ],
        [
            527,
            516,
            1001,
            464,
            1013,
            540,
            884,
            320,
            74,
            571,
            324,
            286,
            928,
            384,
            654,
            64,
            218,
            582,
            528,
            640,
            129,
            338,
            718,
            651,
            31,
            285,
            525,
            29,
            25,
            993,
            157,
            16,
            820,
            818,
            278,
            717,
            768,
            145,
            212,
            395,
            603,
            314,
            449,
            648,
            266,
            513,
            201,
            728,
            326,
            66
        ]
    ],
    "std_bc": 0.0006071889280461723
}