{
    "name": "37_79",
    "weight": false,
    "n_row": 32,
    "n_col": 32,
    "layout": [
        "@@@@@@@@@@@@@@@.@@@@@@@@@@@...@@",
        "@........@...@...........@@.@.@@",
        ".@@.@@...@@@.@@..@.@@@.@@@@@@.@@",
        ".....@@@...........@.@.@..@.....",
        "@@@@@@@@@.@..@..@@@@..@@@...@@@@",
        ".@.@@@....@@@@....@....@........",
        "....@..@@@.....@@@@@@@..@@@.@@@@",
        ".@.@@....@@@@@.......@@..@@....@",
        "...@.@@@@......@@@@@.@......@@..",
        ".@@@..@@@.@@@@@..@@@..@@@@.@@...",
        "...@.@@@@....@@.@@@@@..@@....@@@",
        ".@......@@@.@@@.....@...@@..@..@",
        "@@@.@@@...@.....@@@@@@@....@@.@.",
        ".@@..@@@.@@@@@@.....@@@..@@@....",
        ".@@.@@.@.....@@@.@@@@@@@....@.@@",
        "....@@...@@...@@......@@@@@...@@",
        "....@...@@@.@..@@@.....@....@@@@",
        ".@@..@@@@@@.@@@.@@@@.@.@@@@.....",
        "...@@...@@...............@.@@@@.",
        ".@.@@@.@@.@@@@@@@.@@@.@@.@...@..",
        "@@.@@.........@....@.......@@@@@",
        "......@@@@@@.@@@@@....@@@......@",
        ".@@.@.....@@...@@@@@.@@...@@@@@@",
        ".@.@@@@.@@@@@@@@@..@.@@@......@@",
        "@@...@@....@@...@@.@..@@@@@@@@@@",
        "@.@@..@@@@@@@.@.........@......@",
        "..@@...@@@....@.@@@@@@@..@@@@.@@",
        ".....@.@@@@.@@@..@..@.@@........",
        ".@.@@@@@..@...@@.@....@@.@@@@@@@",
        "@@..@......@@.@....@@@@.......@.",
        "@@.@.@@@@.@.@.@@@@@.....@@@@@@@.",
        "@@................@@@@.........."
    ],
    "start": [
        [
            97,
            52,
            182,
            59,
            96,
            168,
            56,
            49,
            34,
            169,
            107,
            204,
            303,
            286,
            292,
            279,
            392,
            359,
            341,
            566,
            539,
            707,
            712,
            818,
            776,
            698,
            783,
            664,
            573,
            514,
            578,
            684,
            647,
            652,
            778,
            658,
            639,
            1000,
            880,
            979,
            991,
            179,
            186,
            143,
            43,
            861,
            962,
            867,
            956,
            959
        ],
        [
            49,
            116,
            160,
            148,
            184,
            120,
            37,
            142,
            174,
            40,
            124,
            243,
            204,
            205,
            257,
            439,
            444,
            536,
            474,
            459,
            594,
            786,
            673,
            447,
            486,
            473,
            420,
            497,
            487,
            544,
            492,
            829,
            820,
            813,
            677,
            662,
            991,
            935,
            957,
            904,
            636,
            969,
            938,
            934,
            997,
            908,
            885,
            980,
            861,
            837
        ],
        [
            59,
            167,
            125,
            162,
            33,
            160,
            79,
            324,
            303,
            214,
            204,
            610,
            439,
            456,
            523,
            474,
            559,
            592,
            458,
            433,
            195,
            578,
            493,
            525,
            617,
            672,
            830,
            658,
            760,
            649,
            778,
            964,
            837,
            934,
            870,
            632,
            701,
            1008,
            1007,
            898,
            833,
            956,
            953,
            1016,
            894,
            944,
            1009,
            885,
            180,
            188
        ],
        [
            82,
            38,
            126,
            188,
            175,
            192,
            169,
            148,
            123,
            116,
            50,
            393,
            356,
            265,
            407,
            373,
            297,
            378,
            280,
            230,
            253,
            419,
            424,
            458,
            433,
            523,
            610,
            496,
            533,
            413,
            473,
            648,
            754,
            828,
            704,
            896,
            952,
            870,
            1021,
            868,
            1003,
            104,
            47,
            943,
            879,
            916,
            898,
            936,
            1017,
            1023
        ],
        [
            64,
            113,
            142,
            61,
            123,
            79,
            108,
            120,
            37,
            47,
            104,
            354,
            256,
            341,
            332,
            322,
            194,
            342,
            303,
            266,
            243,
            475,
            832,
            677,
            770,
            738,
            727,
            660,
            816,
            716,
            492,
            653,
            712,
            655,
            760,
            829,
            649,
            675,
            753,
            645,
            837,
            192,
            917,
            867,
            885,
            847,
            1009,
            1023,
            909,
            964
        ]
    ],
    "goal": [
        [
            256,
            672,
            137,
            980,
            293,
            892,
            358,
            783,
            951,
            508,
            155,
            864,
            229,
            67,
            70,
            861,
            778,
            61,
            454,
            959,
            1008,
            754,
            575,
            224,
            434,
            971,
            583,
            139,
            599,
            1018,
            232,
            51,
            52,
            868,
            763,
            474,
            496,
            193,
            182,
            650,
            352,
            1015,
            701,
            451,
            822,
            607,
            523,
            1014,
            1006,
            109
        ],
        [
            943,
            177,
            905,
            822,
            363,
            491,
            634,
            805,
            944,
            724,
            707,
            778,
            653,
            655,
            566,
            37,
            597,
            399,
            973,
            205,
            44,
            409,
            253,
            293,
            98,
            813,
            445,
            33,
            49,
            600,
            829,
            578,
            475,
            297,
            907,
            832,
            53,
            265,
            1007,
            356,
            47,
            894,
            244,
            241,
            304,
            460,
            898,
            610,
            837,
            303
        ],
        [
            1021,
            566,
            486,
            832,
            1000,
            938,
            93,
            753,
            116,
            168,
            836,
            276,
            457,
            507,
            254,
            866,
            118,
            248,
            614,
            356,
            893,
            894,
            371,
            244,
            635,
            166,
            645,
            252,
            265,
            195,
            373,
            983,
            358,
            826,
            348,
            574,
            711,
            224,
            598,
            776,
            292,
            581,
            937,
            576,
            155,
            483,
            258,
            332,
            908,
            690
        ],
        [
            515,
            571,
            936,
            592,
            392,
            781,
            775,
            914,
            416,
            588,
            788,
            938,
            1021,
            875,
            434,
            905,
            909,
            880,
            42,
            93,
            1009,
            1019,
            890,
            239,
            707,
            930,
            600,
            162,
            168,
            82,
            770,
            120,
            314,
            999,
            894,
            816,
            174,
            475,
            1003,
            697,
            371,
            530,
            727,
            318,
            126,
            646,
            661,
            885,
            447,
            410
        ],
        [
            764,
            575,
            938,
            649,
            951,
            358,
            219,
            76,
            458,
            838,
            684,
            177,
            534,
            754,
            487,
            35,
            805,
            818,
            983,
            753,
            566,
            357,
            184,
            342,
            500,
            252,
            154,
            716,
            247,
            998,
            64,
            109,
            48,
            934,
            70,
            451,
            868,
            564,
            832,
            231,
            548,
            905,
            167,
            332,
            642,
            97,
            368,
            381,
            1021,
            114
        ]
    ],
    "std_bc": 0.0012515886705474761
}