{
    "name": "7_79",
    "weight": false,
    "n_row": 32,
    "n_col": 32,
    "layout": [
        "..@.@@.@@..@..@@..@.......@@....",
        ".@..@.....@....@@...@..@.....@.@",
        "...@.@..@@..@..@@.....@........@",
        "@..@...@@..@.@.@.@..@@..@..@...@",
        ".....@...@@......@.....@..@..@..",
        ".@.....@....@.@.@....@...@..@...",
        "@..@..@..@.@.@@...@.@..@........",
        ".....@..@..@...@@@....@....@.@..",
        ".@..@..@.@..@.@..@.@......@....@",
        "@.....@..@.@.........@.@....@..@",
        "..@.@@.....@.@@..........@.@@...",
        "...@@..@.@..@@..@.@..@..@....@@.",
        "@.@@.@..@@.@@..@..@.@..@..@.@...",
        "..@..@.@@.@@.@@..@.@..@..@...@..",
        "...@...@...@.@..@....@..@@.@..@@",
        "@..@.@..@.@..@....@.@..@@....@@.",
        "..@.@@.@@.@.@..@.@..@...@.@.....",
        "....@.@@.........@...@.@...@.@..",
        "...@..@.@.@..@....@..@.@..@....@",
        "...@.....@..@..@.@..@.@.@...@..@",
        "..@@@...@..@..@..@.@..@..@....@@",
        "@....@.@@.@..@..@.@@.@@.@..@@@..",
        "....@....@@.@..@..@..@..@.@...@.",
        "@.@...@....@@.@....@..@..@@.....",
        ".@@@....@.@..@..@..@...@..@....@",
        ".@.@.@.@..@.@@.@..@...@..@..@...",
        "...@@..@.@@...@..@......@..@..@@",
        "@...@.@.@..@@...@..@...@..@..@.@",
        ".@..@...@.....@...@@..@....@....",
        ".@.@@@.@.@@.@@..@...@@@.@.@..@.@",
        "...............@.........@..@..@",
        "..@.@@.@@@.@@.@..@.@@.@.@@@@@.@@"
    ],
    "start": [
        [
            34,
            68,
            164,
            211,
            220,
            41,
            59,
            0,
            1,
            9,
            13,
            385,
            388,
            286,
            338,
            280,
            326,
            374,
            320,
            403,
            415,
            502,
            463,
            542,
            530,
            484,
            587,
            489,
            537,
            534,
            638,
            837,
            746,
            664,
            775,
            766,
            660,
            866,
            885,
            939,
            942,
            1005,
            1015,
            971,
            1002,
            892,
            891,
            978,
            913,
            71
        ],
        [
            34,
            54,
            177,
            23,
            142,
            70,
            38,
            132,
            32,
            74,
            98,
            343,
            449,
            419,
            308,
            258,
            420,
            416,
            357,
            379,
            442,
            622,
            635,
            646,
            540,
            518,
            577,
            458,
            484,
            604,
            775,
            886,
            877,
            899,
            902,
            850,
            992,
            916,
            1002,
            936,
            927,
            130,
            182,
            907,
            995,
            998,
            857,
            982,
            917,
            942
        ],
        [
            54,
            101,
            83,
            118,
            186,
            22,
            31,
            43,
            126,
            128,
            202,
            367,
            262,
            296,
            321,
            352,
            308,
            454,
            314,
            256,
            326,
            570,
            626,
            616,
            535,
            553,
            608,
            578,
            546,
            507,
            649,
            718,
            689,
            687,
            692,
            757,
            702,
            756,
            735,
            821,
            661,
            1007,
            866,
            851,
            1015,
            911,
            963,
            928,
            960,
            905
        ],
        [
            16,
            46,
            128,
            90,
            85,
            78,
            126,
            37,
            21,
            226,
            40,
            454,
            358,
            290,
            312,
            261,
            320,
            411,
            612,
            634,
            627,
            774,
            721,
            757,
            724,
            793,
            511,
            618,
            583,
            552,
            590,
            809,
            746,
            743,
            727,
            1007,
            943,
            970,
            877,
            1002,
            924,
            217,
            105,
            77,
            83,
            184,
            91,
            66,
            130,
            187
        ],
        [
            144,
            101,
            66,
            75,
            12,
            65,
            81,
            98,
            191,
            207,
            40,
            296,
            236,
            388,
            300,
            420,
            231,
            419,
            457,
            352,
            230,
            559,
            467,
            609,
            626,
            653,
            546,
            592,
            658,
            557,
            491,
            715,
            823,
            740,
            739,
            766,
            692,
            783,
            684,
            833,
            660,
            848,
            958,
            966,
            911,
            945,
            928,
            943,
            974,
            912
        ]
    ],
    "goal": [
        [
            301,
            816,
            797,
            792,
            967,
            664,
            456,
            745,
            94,
            411,
            830,
            992,
            336,
            848,
            971,
            983,
            666,
            731,
            721,
            256,
            162,
            740,
            675,
            40,
            833,
            306,
            580,
            408,
            927,
            578,
            329,
            21,
            425,
            131,
            629,
            220,
            25,
            695,
            344,
            121,
            89,
            496,
            211,
            259,
            293,
            934,
            779,
            673,
            544,
            840
        ],
        [
            964,
            814,
            969,
            768,
            943,
            724,
            428,
            656,
            664,
            673,
            911,
            980,
            380,
            332,
            920,
            619,
            481,
            650,
            28,
            513,
            779,
            968,
            981,
            637,
            640,
            182,
            300,
            702,
            753,
            166,
            124,
            616,
            566,
            506,
            537,
            66,
            280,
            545,
            892,
            457,
            208,
            156,
            982,
            16,
            9,
            360,
            508,
            217,
            502,
            180
        ],
        [
            854,
            927,
            979,
            710,
            850,
            961,
            925,
            575,
            795,
            820,
            800,
            947,
            531,
            901,
            879,
            183,
            614,
            646,
            71,
            619,
            447,
            385,
            676,
            357,
            329,
            976,
            521,
            505,
            219,
            200,
            704,
            549,
            156,
            326,
            57,
            809,
            134,
            168,
            491,
            1021,
            6,
            82,
            760,
            307,
            272,
            266,
            383,
            889,
            101,
            56
        ],
        [
            321,
            885,
            300,
            773,
            789,
            782,
            746,
            766,
            631,
            731,
            508,
            826,
            440,
            796,
            768,
            759,
            686,
            971,
            494,
            706,
            905,
            458,
            23,
            43,
            349,
            51,
            264,
            777,
            626,
            330,
            882,
            721,
            197,
            87,
            383,
            216,
            35,
            106,
            82,
            3,
            792,
            886,
            608,
            970,
            610,
            515,
            737,
            922,
            543,
            262
        ],
        [
            733,
            621,
            924,
            942,
            982,
            993,
            886,
            796,
            687,
            926,
            121,
            979,
            981,
            50,
            928,
            495,
            718,
            634,
            136,
            471,
            564,
            612,
            39,
            590,
            664,
            989,
            305,
            668,
            772,
            998,
            766,
            224,
            581,
            177,
            591,
            501,
            1021,
            344,
            74,
            211,
            66,
            91,
            411,
            375,
            21,
            627,
            371,
            280,
            158,
            31
        ]
    ],
    "std_bc": 0.0010650464413944427
}