{
    "name": "2_26",
    "weight": false,
    "n_row": 32,
    "n_col": 32,
    "layout": [
        "@.@@@@@@.@@.@@.@@.@@.@@.@@.@@.@@",
        "..@@@@@@..@..@..@..@..@..@..@..@",
        ".......@@..@..@..@..@..@..@....@",
        "........@@.....@..@..@..@.....@@",
        ".........@@..@..@..@..@..@..@..@",
        "..........@@..@..@..@..@..@..@.@",
        "...........@@..@..@..@..@..@..@@",
        "............@@..@..@.....@.....@",
        ".............@@..@..@..@.....@.@",
        "..............@@..@..@..@..@..@@",
        "...............@@..@..@..@..@..@",
        "................@@..@..@..@..@.@",
        ".................@@.@@..@..@..@@",
        ".................@@..@@..@..@..@",
        ".................@@...@@..@..@.@",
        "..................@@...@@..@..@@",
        "...............@..@@@..@@@..@..@",
        "...............@@..@@@..@@@..@.@",
        "................@...@@...@@..@..",
        ".............@..@@...@@...@@...@",
        ".............@@..@@...@@...@@.@@",
        "..............@...@@...@@...@@.@",
        "...........@..@@...@@...@@...@.@",
        "...........@@..@@...@@...@@..@..",
        "............@...@@...@@...@@....",
        ".........@..@@...@@...@@..@@..@@",
        ".@.......@@..@@...@@...@@.....@@",
        "..@.......@...@@...@@..@@..@@..@",
        "...@......@@...@@..@@@..@..@@..@",
        "....@...@..@.@..@@..@@..@@..@@..",
        "....@@..@..@..@..@@.@@..@@..@@..",
        ".@@@@@@@@@@@@@@@@@@.@@@.@@@.@@@."
    ],
    "start": [
        [
            17,
            92,
            44,
            89,
            146,
            79,
            93,
            50,
            256,
            226,
            209,
            206,
            247,
            314,
            288,
            201,
            286,
            178,
            245,
            274,
            224,
            282,
            275,
            214,
            313,
            290,
            284,
            208,
            198,
            148,
            73,
            308,
            253,
            281,
            374,
            467,
            346,
            478,
            440,
            395,
            502,
            344,
            380,
            333,
            409,
            427,
            360,
            451,
            476,
            173,
            218,
            361,
            338,
            473,
            453,
            261,
            220,
            242,
            277,
            283,
            349,
            609,
            674,
            585,
            716,
            620,
            561,
            647,
            645,
            699,
            694,
            550,
            461,
            327,
            343,
            362,
            468,
            325,
            486,
            526,
            632,
            698,
            587,
            681,
            77,
            205,
            301,
            684,
            868,
            881,
            464,
            600,
            29,
            633,
            307,
            80,
            211,
            233,
            890,
            514,
            41,
            711,
            490,
            53,
            1023,
            370,
            412,
            124,
            640,
            497,
            852,
            664,
            872,
            975,
            836,
            854,
            46,
            766,
            697,
            188,
            669,
            304,
            445,
            798,
            230,
            652,
            340,
            139,
            238,
            322,
            557,
            603,
            341,
            583,
            250,
            96,
            804,
            598,
            446,
            330,
            805,
            458,
            579,
            954,
            983,
            562,
            607,
            172,
            859,
            581
        ],
        [
            158,
            98,
            102,
            66,
            8,
            125,
            124,
            46,
            154,
            93,
            62,
            103,
            184,
            206,
            220,
            164,
            205,
            280,
            248,
            217,
            241,
            284,
            77,
            123,
            43,
            23,
            190,
            225,
            308,
            314,
            208,
            380,
            413,
            346,
            486,
            478,
            502,
            340,
            448,
            262,
            218,
            185,
            215,
            422,
            331,
            446,
            324,
            265,
            197,
            179,
            409,
            468,
            407,
            256,
            187,
            882,
            867,
            226,
            119,
            49,
            160,
            959,
            325,
            288,
            749,
            305,
            143,
            396,
            673,
            919,
            394,
            626,
            88,
            26,
            188,
            736,
            107,
            406,
            192,
            221,
            296,
            730,
            501,
            713,
            132,
            598,
            475,
            1023,
            467,
            702,
            682,
            731,
            991,
            73,
            606,
            791,
            721,
            333,
            825,
            464,
            707,
            182,
            162,
            643,
            332,
            425,
            766,
            963,
            181,
            660,
            782,
            847,
            293,
            819,
            544,
            886,
            921,
            428,
            472,
            755,
            934,
            310,
            460,
            533,
            246,
            656,
            796,
            364,
            603,
            937,
            852,
            328,
            338,
            44,
            556,
            449,
            848,
            894,
            512,
            252,
            870,
            613,
            453,
            542,
            553,
            135,
            897,
            110,
            815,
            485
        ],
        [
            26,
            80,
            125,
            123,
            142,
            58,
            55,
            113,
            92,
            67,
            56,
            64,
            8,
            145,
            74,
            313,
            179,
            184,
            169,
            178,
            215,
            220,
            190,
            65,
            77,
            108,
            11,
            140,
            143,
            98,
            158,
            230,
            217,
            261,
            247,
            250,
            167,
            274,
            211,
            350,
            403,
            346,
            463,
            453,
            322,
            399,
            382,
            431,
            181,
            194,
            245,
            329,
            423,
            787,
            99,
            877,
            694,
            316,
            925,
            508,
            534,
            963,
            731,
            767,
            282,
            547,
            492,
            990,
            517,
            304,
            636,
            824,
            343,
            119,
            661,
            660,
            122,
            226,
            955,
            82,
            370,
            960,
            446,
            533,
            839,
            699,
            864,
            308,
            115,
            962,
            283,
            979,
            934,
            462,
            225,
            567,
            445,
            97,
            698,
            327,
            176,
            267,
            622,
            571,
            524,
            551,
            631,
            554,
            867,
            807,
            110,
            212,
            69,
            50,
            337,
            228,
            262,
            52,
            829,
            838,
            792,
            182,
            959,
            188,
            93,
            94,
            41,
            791,
            951,
            848,
            497,
            305,
            152,
            918,
            799,
            173,
            208,
            417,
            689,
            638,
            233,
            265,
            506,
            849,
            926,
            665,
            121,
            443,
            229,
            154
        ],
        [
            121,
            113,
            154,
            92,
            47,
            55,
            85,
            88,
            98,
            59,
            143,
            91,
            79,
            112,
            295,
            176,
            314,
            281,
            94,
            248,
            110,
            49,
            40,
            140,
            115,
            246,
            198,
            218,
            29,
            11,
            23,
            208,
            209,
            286,
            172,
            376,
            442,
            380,
            364,
            406,
            387,
            344,
            419,
            403,
            329,
            358,
            488,
            211,
            229,
            182,
            162,
            173,
            304,
            261,
            307,
            214,
            365,
            58,
            323,
            642,
            130,
            400,
            730,
            428,
            293,
            958,
            446,
            803,
            101,
            736,
            330,
            294,
            353,
            742,
            824,
            898,
            158,
            549,
            572,
            136,
            698,
            959,
            473,
            56,
            853,
            359,
            583,
            250,
            533,
            754,
            161,
            70,
            77,
            65,
            238,
            910,
            242,
            440,
            738,
            505,
            688,
            478,
            86,
            810,
            796,
            175,
            421,
            659,
            982,
            139,
            589,
            145,
            192,
            472,
            720,
            904,
            297,
            221,
            244,
            135,
            427,
            491,
            873,
            768,
            538,
            272,
            637,
            681,
            445,
            46,
            116,
            496,
            937,
            131,
            374,
            97,
            69,
            990,
            122,
            600,
            386,
            541,
            646,
            108,
            772,
            516,
            193,
            179,
            951,
            894
        ],
        [
            155,
            98,
            119,
            74,
            106,
            103,
            93,
            123,
            271,
            313,
            225,
            209,
            23,
            149,
            133,
            44,
            142,
            148,
            26,
            110,
            59,
            108,
            89,
            115,
            168,
            206,
            305,
            182,
            176,
            314,
            238,
            475,
            473,
            343,
            436,
            467,
            461,
            389,
            427,
            356,
            317,
            316,
            478,
            344,
            422,
            458,
            349,
            435,
            337,
            311,
            169,
            275,
            388,
            228,
            234,
            280,
            246,
            175,
            310,
            167,
            247,
            367,
            705,
            689,
            702,
            641,
            606,
            731,
            548,
            497,
            522,
            684,
            523,
            505,
            539,
            558,
            516,
            485,
            325,
            331,
            424,
            47,
            413,
            652,
            734,
            919,
            681,
            226,
            212,
            469,
            659,
            162,
            1011,
            706,
            347,
            819,
            889,
            65,
            987,
            546,
            777,
            370,
            154,
            698,
            250,
            472,
            520,
            295,
            486,
            758,
            727,
            788,
            79,
            571,
            787,
            843,
            468,
            17,
            678,
            890,
            118,
            730,
            551,
            859,
            616,
            930,
            736,
            290,
            697,
            665,
            538,
            772,
            848,
            109,
            67,
            609,
            196,
            490,
            488,
            612,
            608,
            857,
            954,
            913,
            508,
            699,
            377,
            442,
            373,
            61
        ]
    ],
    "goal": [
        [
            806,
            590,
            311,
            705,
            664,
            525,
            954,
            73,
            152,
            379,
            131,
            70,
            68,
            704,
            123,
            271,
            807,
            300,
            767,
            781,
            344,
            937,
            709,
            272,
            561,
            187,
            298,
            417,
            926,
            746,
            675,
            649,
            469,
            521,
            717,
            69,
            230,
            819,
            797,
            403,
            322,
            620,
            897,
            157,
            589,
            310,
            599,
            252,
            925,
            816,
            970,
            371,
            491,
            20,
            14,
            304,
            666,
            902,
            711,
            716,
            986,
            278,
            286,
            603,
            313,
            340,
            280,
            305,
            143,
            679,
            108,
            26,
            46,
            173,
            337,
            604,
            281,
            23,
            377,
            77,
            331,
            739,
            80,
            697,
            763,
            642,
            608,
            66,
            847,
            317,
            598,
            291,
            992,
            406,
            619,
            612,
            140,
            930,
            652,
            239,
            779,
            725,
            572,
            982,
            226,
            655,
            393,
            616,
            951,
            50,
            115,
            742,
            79,
            1011,
            96,
            758,
            158,
            392,
            962,
            523,
            660,
            913,
            497,
            647,
            112,
            145,
            600,
            420,
            353,
            541,
            244,
            495,
            443,
            29,
            201,
            721,
            268,
            395,
            459,
            571,
            860,
            959,
            467,
            419,
            732,
            808,
            232,
            919,
            167,
            506
        ],
        [
            816,
            403,
            766,
            893,
            163,
            258,
            491,
            304,
            641,
            500,
            322,
            115,
            231,
            17,
            623,
            11,
            931,
            429,
            710,
            256,
            169,
            904,
            611,
            67,
            595,
            355,
            406,
            637,
            626,
            659,
            228,
            865,
            448,
            620,
            74,
            738,
            409,
            886,
            154,
            376,
            296,
            320,
            419,
            278,
            317,
            136,
            534,
            767,
            307,
            929,
            963,
            644,
            487,
            239,
            992,
            900,
            829,
            901,
            14,
            160,
            139,
            482,
            20,
            632,
            959,
            947,
            1015,
            954,
            979,
            251,
            763,
            244,
            49,
            774,
            770,
            655,
            463,
            490,
            176,
            990,
            73,
            209,
            301,
            313,
            541,
            292,
            672,
            613,
            519,
            449,
            286,
            226,
            903,
            664,
            125,
            311,
            190,
            181,
            366,
            908,
            103,
            430,
            779,
            476,
            666,
            538,
            513,
            265,
            711,
            777,
            26,
            604,
            253,
            970,
            815,
            480,
            424,
            730,
            825,
            61,
            40,
            389,
            32,
            277,
            294,
            151,
            843,
            149,
            524,
            950,
            205,
            919,
            520,
            473,
            982,
            55,
            122,
            740,
            242,
            452,
            432,
            82,
            91,
            385,
            110,
            773,
            636,
            280,
            162,
            502
        ],
        [
            627,
            512,
            241,
            459,
            951,
            594,
            359,
            102,
            523,
            607,
            903,
            59,
            578,
            673,
            975,
            232,
            881,
            305,
            157,
            143,
            260,
            894,
            365,
            760,
            769,
            83,
            961,
            840,
            360,
            697,
            859,
            893,
            779,
            52,
            732,
            643,
            636,
            301,
            898,
            142,
            929,
            726,
            238,
            281,
            112,
            275,
            750,
            188,
            66,
            307,
            798,
            94,
            187,
            198,
            558,
            539,
            76,
            463,
            211,
            388,
            587,
            256,
            113,
            206,
            384,
            572,
            40,
            304,
            380,
            868,
            793,
            272,
            857,
            786,
            897,
            73,
            699,
            959,
            149,
            161,
            514,
            96,
            593,
            646,
            468,
            619,
            326,
            325,
            896,
            717,
            299,
            436,
            890,
            382,
            108,
            669,
            175,
            346,
            548,
            913,
            685,
            638,
            225,
            672,
            212,
            1011,
            322,
            727,
            561,
            661,
            692,
            721,
            711,
            492,
            609,
            796,
            23,
            364,
            202,
            759,
            297,
            400,
            928,
            44,
            900,
            487,
            509,
            674,
            934,
            902,
            443,
            190,
            193,
            338,
            608,
            1015,
            873,
            406,
            349,
            480,
            118,
            283,
            106,
            61,
            448,
            526,
            571,
            226,
            876,
            100
        ],
        [
            853,
            387,
            720,
            40,
            175,
            582,
            307,
            674,
            254,
            103,
            705,
            969,
            800,
            102,
            49,
            260,
            332,
            689,
            743,
            545,
            82,
            609,
            329,
            615,
            107,
            362,
            734,
            623,
            32,
            656,
            909,
            931,
            991,
            424,
            692,
            363,
            682,
            835,
            85,
            55,
            633,
            43,
            316,
            97,
            350,
            209,
            272,
            324,
            472,
            425,
            406,
            325,
            607,
            14,
            938,
            643,
            538,
            534,
            725,
            509,
            767,
            637,
            261,
            79,
            702,
            754,
            321,
            33,
            76,
            1011,
            410,
            925,
            857,
            467,
            848,
            130,
            271,
            954,
            212,
            816,
            488,
            384,
            693,
            584,
            379,
            699,
            436,
            798,
            918,
            187,
            749,
            124,
            64,
            727,
            231,
            960,
            196,
            500,
            561,
            680,
            990,
            257,
            875,
            793,
            807,
            468,
            722,
            645,
            455,
            98,
            125,
            166,
            208,
            650,
            340,
            371,
            935,
            567,
            641,
            58,
            828,
            698,
            135,
            460,
            769,
            457,
            590,
            987,
            805,
            788,
            707,
            250,
            218,
            622,
            23,
            367,
            797,
            497,
            133,
            801,
            382,
            611,
            829,
            577,
            946,
            377,
            839,
            539,
            464,
            305
        ],
        [
            494,
            732,
            961,
            648,
            614,
            173,
            567,
            946,
            290,
            933,
            282,
            230,
            324,
            321,
            93,
            314,
            816,
            829,
            224,
            68,
            529,
            396,
            452,
            840,
            20,
            358,
            233,
            682,
            805,
            259,
            88,
            677,
            364,
            1019,
            804,
            26,
            502,
            11,
            599,
            606,
            258,
            450,
            699,
            43,
            338,
            112,
            266,
            379,
            546,
            928,
            347,
            758,
            40,
            146,
            304,
            482,
            631,
            943,
            786,
            109,
            165,
            53,
            505,
            86,
            55,
            501,
            902,
            782,
            221,
            284,
            157,
            305,
            506,
            717,
            577,
            29,
            79,
            373,
            882,
            983,
            118,
            389,
            209,
            698,
            308,
            541,
            886,
            628,
            731,
            74,
            234,
            734,
            586,
            17,
            533,
            876,
            267,
            83,
            248,
            766,
            130,
            121,
            103,
            62,
            422,
            552,
            110,
            694,
            600,
            313,
            976,
            32,
            811,
            585,
            469,
            445,
            607,
            166,
            660,
            865,
            295,
            572,
            598,
            333,
            376,
            164,
            893,
            697,
            711,
            771,
            425,
            205,
            442,
            399,
            926,
            500,
            820,
            349,
            828,
            337,
            798,
            901,
            47,
            161,
            124,
            873,
            274,
            232,
            595,
            611
        ]
    ]
}