{
    "name": "72_23",
    "weight": false,
    "n_row": 32,
    "n_col": 32,
    "layout": [
        "@@@@@@@@@@@@@@@@@@@@@@@@@@@@@@@@",
        "@@@@@.........................@@",
        "@@@@....@@@.....@@@@@@@@@@@@@@@@",
        "@@......@@.......@@@@@@@@@@@@@@@",
        ".......@@@@......@@@@@@@@@@@@@@@",
        ".@@@.....@@@.....@@@@@@@@@@@@@@@",
        ".@@@....@@@@.....@@@@@@@@@@@@@@@",
        ".@@@.....@@@.....@@@@@@@@@@@@@@@",
        ".@@@.....@@@.....@@@@@@@@@@@@@@@",
        "@@@@.....@@@.....@@@@@@@@@@@@@@@",
        "@@@@.....@@@.....@@@@@@@@@@@@@@@",
        "@@@@.....@@@.....@@@@@@@@@@@@@@@",
        "@@@......@@@.....@@@@@@@@@@@@@@@",
        ".........@@@.....@@@@@@@@@@@@@@@",
        "........@@@@.....@@@@@@@@@@@@@@@",
        "@.......@@@@.....@@@@@@@@@@@@@@@",
        ".......@@@@@.....@@@@@@@@@@@@@@@",
        ".......@@@@@.....@@@@@@@@@@@@@@@",
        ".@@@@.@@@@@@.....@@@@@@@@@@@@@@@",
        ".@@@@@@@@@@@.....@@@@@@@@@@@@@@@",
        "@@@@@@@@@@@@.....@@@@@@@@@@@@@@@",
        "@@@@@@@@@@@......@@@@@@@@@@@@@@@",
        "@@@@@@@@@@.......@@@@@@@@@@@@@@@",
        "@@@@@@@@@........@@@@@@@@@@@@@@@",
        "@@@@@@@.........@@@@@@@@@@@@@@@@",
        "@...............@@@@@@@@@@@@@@@@",
        "@..............@@@@@@@@@@@@@@@@@",
        "@.............@@@@@@@@@@@@@@@@@@",
        ".............@@@@@@@@@@@@@@@@@@@",
        "@............@@@@@@@@@@@@@@@@@@@",
        "........@@................@@@@@@",
        "@@@@@@@@@@@@@@@@@@@@@@@@@@@@@@@@"
    ],
    "start": [
        [
            110,
            47,
            68,
            107,
            164,
            71,
            102,
            129,
            103,
            59,
            112,
            229,
            174,
            272,
            325,
            166,
            57,
            42,
            99,
            98,
            333,
            389,
            56,
            167,
            324,
            224,
            240,
            175,
            271,
            358,
            357,
            512,
            418,
            452,
            483,
            481,
            487,
            419,
            208,
            294,
            263,
            232,
            304,
            262,
            231,
            260,
            238,
            359,
            197,
            295,
            302,
            366,
            334,
            495,
            429,
            464,
            398,
            417,
            453,
            485,
            400,
            846,
            933,
            620,
            496,
            840,
            964,
            902,
            41,
            450,
            652,
            416,
            111,
            806,
            388,
            207,
            493,
            904,
            160,
            397,
            516,
            460,
            906,
            718,
            841,
            230,
            929,
            983,
            935,
            961,
            845,
            592,
            420,
            985,
            356,
            581,
            513,
            962,
            451,
            608,
            907,
            165,
            810,
            871,
            424,
            399,
            896,
            75,
            292,
            51,
            100,
            300,
            932,
            365,
            301,
            40,
            144,
            746,
            560,
            61,
            141,
            462,
            975,
            903,
            335,
            801,
            50,
            776,
            268,
            45,
            524,
            623,
            960,
            874,
            876,
            683,
            842,
            963,
            809,
            106,
            777,
            518,
            198,
            621,
            720,
            204,
            844,
            43,
            49,
            750
        ],
        [
            128,
            99,
            142,
            60,
            53,
            58,
            61,
            107,
            70,
            38,
            166,
            129,
            164,
            292,
            256,
            176,
            238,
            332,
            140,
            78,
            39,
            134,
            366,
            356,
            56,
            49,
            43,
            76,
            192,
            368,
            387,
            485,
            360,
            263,
            301,
            236,
            228,
            224,
            269,
            261,
            237,
            389,
            232,
            424,
            486,
            452,
            390,
            483,
            525,
            462,
            548,
            422,
            985,
            110,
            938,
            802,
            79,
            652,
            749,
            976,
            165,
            455,
            239,
            75,
            367,
            581,
            974,
            111,
            51,
            622,
            591,
            655,
            294,
            898,
            45,
            112,
            935,
            487,
            589,
            556,
            560,
            448,
            133,
            903,
            836,
            270,
            978,
            813,
            69,
            656,
            870,
            967,
            484,
            416,
            807,
            815,
            454,
            970,
            814,
            981,
            984,
            933,
            715,
            833,
            805,
            775,
            431,
            719,
            900,
            132,
            44,
            683,
            143,
            871,
            421,
            204,
            962,
            963,
            174,
            931,
            514,
            160,
            293,
            432,
            544,
            897,
            397,
            983,
            98,
            684,
            975,
            608,
            419,
            778,
            262,
            396,
            979,
            492,
            588,
            874,
            207,
            982,
            494,
            460,
            336,
            37,
            206,
            516,
            130,
            838
        ],
        [
            46,
            101,
            69,
            75,
            47,
            106,
            165,
            100,
            56,
            131,
            240,
            224,
            238,
            335,
            204,
            205,
            231,
            51,
            133,
            303,
            174,
            128,
            52,
            49,
            43,
            269,
            293,
            230,
            296,
            176,
            98,
            327,
            196,
            359,
            175,
            368,
            333,
            432,
            421,
            516,
            358,
            268,
            357,
            391,
            550,
            846,
            50,
            780,
            936,
            978,
            714,
            748,
            460,
            907,
            874,
            79,
            813,
            935,
            576,
            908,
            960,
            57,
            836,
            875,
            843,
            422,
            810,
            655,
            621,
            429,
            684,
            900,
            451,
            972,
            545,
            332,
            76,
            518,
            143,
            805,
            965,
            656,
            777,
            962,
            139,
            262,
            271,
            549,
            746,
            842,
            482,
            59,
            752,
            716,
            40,
            906,
            963,
            687,
            939,
            132,
            70,
            776,
            973,
            745,
            901,
            931,
            560,
            392,
            839,
            228,
            781,
            778,
            873,
            58,
            160,
            514,
            877,
            976,
            61,
            197,
            527,
            899,
            840,
            256,
            198,
            866,
            515,
            750,
            870,
            932,
            365,
            324,
            806,
            556,
            336,
            102,
            39,
            871,
            111,
            783,
            167,
            261,
            325,
            975,
            172,
            462,
            494,
            398,
            937,
            896
        ],
        [
            43,
            167,
            71,
            165,
            53,
            240,
            205,
            264,
            198,
            38,
            58,
            55,
            45,
            51,
            46,
            358,
            292,
            324,
            327,
            208,
            357,
            176,
            207,
            140,
            61,
            172,
            47,
            77,
            272,
            294,
            271,
            397,
            514,
            396,
            260,
            526,
            547,
            516,
            461,
            453,
            492,
            392,
            421,
            230,
            197,
            296,
            423,
            462,
            837,
            173,
            965,
            545,
            302,
            838,
            903,
            961,
            199,
            872,
            812,
            544,
            54,
            971,
            688,
            102,
            168,
            452,
            231,
            809,
            559,
            906,
            98,
            431,
            56,
            867,
            424,
            37,
            301,
            548,
            304,
            454,
            174,
            904,
            846,
            262,
            263,
            747,
            160,
            898,
            111,
            899,
            981,
            236,
            139,
            976,
            745,
            206,
            979,
            336,
            844,
            429,
            52,
            964,
            877,
            806,
            592,
            751,
            300,
            164,
            48,
            68,
            962,
            808,
            546,
            873,
            130,
            451,
            527,
            720,
            388,
            654,
            896,
            973,
            549,
            134,
            449,
            932,
            60,
            876,
            366,
            128,
            515,
            868,
            430,
            517,
            229,
            496,
            328,
            576,
            133,
            112,
            591,
            746,
            524,
            107,
            238,
            901,
            398,
            367,
            581,
            460
        ],
        [
            78,
            56,
            164,
            166,
            47,
            61,
            102,
            130,
            44,
            328,
            388,
            263,
            231,
            109,
            142,
            98,
            174,
            131,
            55,
            140,
            71,
            108,
            367,
            198,
            58,
            79,
            134,
            168,
            59,
            106,
            261,
            528,
            486,
            495,
            417,
            464,
            448,
            483,
            453,
            430,
            268,
            236,
            238,
            207,
            237,
            360,
            240,
            324,
            389,
            292,
            264,
            327,
            334,
            449,
            518,
            356,
            906,
            172,
            687,
            418,
            873,
            461,
            608,
            45,
            396,
            60,
            525,
            966,
            391,
            623,
            512,
            262,
            75,
            592,
            481,
            452,
            513,
            782,
            748,
            99,
            546,
            544,
            985,
            654,
            981,
            69,
            842,
            482,
            867,
            454,
            141,
            903,
            718,
            167,
            983,
            560,
            550,
            808,
            365,
            749,
            270,
            271,
            938,
            516,
            54,
            652,
            899,
            48,
            230,
            982,
            52,
            429,
            526,
            875,
            776,
            559,
            745,
            939,
            581,
            192,
            980,
            398,
            40,
            129,
            839,
            979,
            517,
            423,
            812,
            133,
            977,
            422,
            965,
            450,
            77,
            70,
            50,
            972,
            419,
            39,
            777,
            780,
            838,
            872,
            399,
            931,
            975,
            272,
            809,
            293
        ]
    ],
    "goal": [
        [
            424,
            517,
            492,
            938,
            58,
            545,
            752,
            463,
            930,
            836,
            844,
            749,
            965,
            68,
            111,
            813,
            512,
            544,
            622,
            495,
            867,
            620,
            516,
            934,
            806,
            110,
            327,
            131,
            99,
            333,
            332,
            745,
            876,
            838,
            53,
            172,
            557,
            985,
            834,
            833,
            365,
            173,
            979,
            364,
            303,
            59,
            837,
            398,
            368,
            933,
            775,
            513,
            263,
            482,
            483,
            38,
            387,
            41,
            978,
            206,
            192,
            576,
            175,
            975,
            196,
            37,
            776,
            524,
            518,
            809,
            205,
            49,
            453,
            549,
            868,
            417,
            130,
            685,
            652,
            418,
            133,
            841,
            961,
            262,
            228,
            550,
            76,
            484,
            655,
            873,
            326,
            296,
            143,
            232,
            400,
            716,
            396,
            292,
            44,
            843,
            134,
            899,
            493,
            168,
            907,
            866,
            69,
            56,
            966,
            452,
            238,
            197,
            654,
            962,
            54,
            558,
            871,
            224,
            608,
            334,
            57,
            874,
            51,
            750,
            485,
            589,
            814,
            931,
            588,
            487,
            981,
            935,
            974,
            237,
            360,
            42,
            514,
            515,
            301,
            560,
            302,
            781,
            78,
            388,
            389,
            964,
            897,
            976,
            875,
            805
        ],
        [
            866,
            591,
            840,
            875,
            160,
            451,
            973,
            963,
            544,
            843,
            975,
            781,
            237,
            984,
            806,
            358,
            932,
            328,
            356,
            776,
            907,
            835,
            867,
            980,
            720,
            836,
            904,
            966,
            333,
            59,
            803,
            368,
            77,
            400,
            903,
            865,
            833,
            460,
            132,
            985,
            972,
            300,
            964,
            896,
            871,
            780,
            335,
            240,
            976,
            967,
            750,
            205,
            143,
            417,
            167,
            261,
            686,
            983,
            978,
            527,
            431,
            524,
            54,
            420,
            418,
            272,
            931,
            815,
            834,
            876,
            196,
            164,
            112,
            428,
            60,
            70,
            39,
            496,
            71,
            752,
            424,
            620,
            845,
            464,
            238,
            929,
            624,
            236,
            868,
            873,
            392,
            106,
            129,
            960,
            47,
            399,
            748,
            294,
            550,
            78,
            808,
            687,
            419,
            43,
            982,
            269,
            974,
            486,
            877,
            429,
            981,
            199,
            935,
            515,
            777,
            485,
            139,
            296,
            874,
            422,
            869,
            557,
            590,
            846,
            683,
            493,
            581,
            128,
            775,
            41,
            462,
            432,
            107,
            398,
            779,
            715,
            230,
            939,
            325,
            173,
            719,
            110,
            103,
            838,
            810,
            109,
            481,
            813,
            454,
            229
        ],
        [
            980,
            336,
            876,
            905,
            387,
            513,
            430,
            493,
            777,
            751,
            975,
            143,
            418,
            974,
            908,
            576,
            962,
            494,
            940,
            487,
            875,
            79,
            396,
            718,
            589,
            231,
            906,
            621,
            812,
            424,
            239,
            174,
            937,
            461,
            293,
            804,
            196,
            807,
            492,
            172,
            686,
            984,
            938,
            973,
            78,
            432,
            934,
            485,
            782,
            61,
            103,
            327,
            208,
            518,
            47,
            716,
            38,
            801,
            45,
            588,
            453,
            70,
            431,
            397,
            357,
            50,
            205,
            907,
            808,
            929,
            390,
            131,
            129,
            420,
            51,
            714,
            496,
            779,
            164,
            56,
            260,
            366,
            608,
            356,
            495,
            268,
            815,
            560,
            982,
            144,
            775,
            224,
            166,
            902,
            683,
            40,
            810,
            391,
            133,
            939,
            781,
            272,
            301,
            932,
            684,
            76,
            806,
            111,
            37,
            837,
            142,
            263,
            417,
            971,
            931,
            872,
            49,
            106,
            451,
            840,
            833,
            592,
            557,
            69,
            960,
            687,
            977,
            300,
            77,
            549,
            232,
            527,
            528,
            484,
            421,
            460,
            874,
            591,
            967,
            68,
            933,
            332,
            333,
            514,
            483,
            39,
            976,
            873,
            546,
            176
        ],
        [
            687,
            751,
            907,
            815,
            902,
            873,
            454,
            527,
            866,
            875,
            985,
            869,
            655,
            978,
            801,
            897,
            461,
            556,
            977,
            782,
            460,
            962,
            809,
            846,
            328,
            833,
            865,
            747,
            804,
            591,
            908,
            484,
            303,
            418,
            428,
            128,
            172,
            624,
            263,
            59,
            482,
            750,
            834,
            870,
            937,
            715,
            904,
            518,
            589,
            898,
            304,
            208,
            814,
            240,
            269,
            160,
            464,
            44,
            592,
            781,
            99,
            961,
            422,
            936,
            896,
            867,
            300,
            388,
            144,
            132,
            652,
            142,
            807,
            590,
            559,
            332,
            486,
            716,
            653,
            903,
            231,
            129,
            166,
            775,
            481,
            47,
            656,
            60,
            935,
            294,
            359,
            256,
            100,
            839,
            229,
            133,
            836,
            77,
            485,
            107,
            841,
            455,
            550,
            514,
            966,
            301,
            686,
            140,
            621,
            272,
            69,
            237,
            719,
            335,
            207,
            61,
            360,
            967,
            940,
            260,
            43,
            192,
            806,
            745,
            76,
            431,
            779,
            46,
            106,
            397,
            164,
            130,
            165,
            173,
            979,
            293,
            932,
            812,
            57,
            718,
            964,
            54,
            845,
            517,
            52,
            685,
            515,
            938,
            48,
            876
        ],
        [
            224,
            809,
            840,
            935,
            513,
            814,
            967,
            528,
            392,
            877,
            842,
            963,
            396,
            976,
            748,
            493,
            129,
            750,
            749,
            751,
            546,
            683,
            424,
            652,
            454,
            905,
            654,
            747,
            449,
            897,
            940,
            360,
            808,
            931,
            527,
            806,
            50,
            106,
            929,
            422,
            512,
            776,
            978,
            196,
            904,
            975,
            960,
            431,
            779,
            804,
            399,
            841,
            326,
            687,
            720,
            982,
            718,
            100,
            423,
            973,
            516,
            901,
            623,
            898,
            294,
            172,
            833,
            332,
            871,
            328,
            132,
            866,
            715,
            293,
            230,
            867,
            460,
            49,
            903,
            656,
            964,
            811,
            53,
            356,
            486,
            428,
            545,
            256,
            52,
            934,
            461,
            581,
            448,
            111,
            324,
            205,
            813,
            304,
            417,
            139,
            977,
            166,
            496,
            56,
            624,
            453,
            777,
            518,
            802,
            837,
            807,
            418,
            168,
            400,
            451,
            300,
            271,
            420,
            160,
            985,
            517,
            388,
            621,
            874,
            78,
            810,
            239,
            782,
            481,
            592,
            38,
            556,
            464,
            494,
            68,
            333,
            387,
            462,
            112,
            365,
            207,
            514,
            390,
            110,
            937,
            843,
            781,
            902,
            930,
            805
        ]
    ]
}