{
    "name": "4_57",
    "weight": false,
    "n_row": 32,
    "n_col": 32,
    "layout": [
        "@.@...@.@..@.@.@.@..@.@.@..@..@.",
        "@.@..@..@..@.@.@.@..@...@..@..@.",
        "@....@..@..@.@...@..@..@@..@..@.",
        "@....@..@.@..@...@..@..@..@...@.",
        "@..@.@.@..@..@..@@..@..@..@..@@.",
        "@..@.@.@..@..@......@..@..@..@..",
        "@..@...@..@..@.@....@..@..@..@..",
        "@..@...@..@..@.@..@.@.@@..@..@..",
        "@..@...@..@..@.@..@...@...@..@..",
        "@..@...@..@..@.@...@..@...@..@..",
        "@..@...@..@..@.@...@..@...@..@..",
        "@..@...@..@..@.@...@..@@..@..@..",
        "@..@...@..@..@.@...@...@..@..@..",
        "@..@..@..@@..@.....@...@..@.@...",
        "@..@..@..@...@..@..@...@..@.@.@.",
        "@..@..@..@...@..@..@...@..@...@.",
        "@..@..@..@...@..@..@...@..@...@.",
        "@..@..@..@...@..@..@@..@..@...@.",
        "@..@..@..@...@..@...@..@..@...@.",
        "@..@..@..@..@@..@...@..@..@...@.",
        "@..@..@..@..@...@...@..@..@...@.",
        "@..@..@..@..@@..@...@..@..@...@.",
        "@..@..@..@..@@..@...@..@..@..@..",
        "@..@..@..@..@@..@...@..@..@..@..",
        "@..@..@@.....@..@...@..@..@..@..",
        "@..@...@..@...@.@...@..@..@..@..",
        "@..@...@..@.@@..@...@..@..@..@..",
        "@..@...@..@.@...@...@..@..@..@..",
        "@...@..@..@...@..@..@..@..@..@..",
        "@...@..@..@...@..@..@..@..@..@..",
        "@...@..@..@...@..@..@..@..@..@..",
        "@..............................."
    ],
    "start": [
        [
            42,
            190,
            129,
            48,
            152,
            80,
            44,
            9,
            99,
            229,
            351,
            559,
            522,
            534,
            438,
            455,
            519,
            393,
            558,
            523,
            459,
            651,
            766,
            497,
            417,
            511,
            513,
            445,
            460,
            565,
            414,
            648,
            721,
            783,
            586,
            618,
            718,
            703,
            694,
            744,
            676,
            899,
            914,
            1018,
            857,
            972,
            936,
            1004,
            969,
            854
        ],
        [
            190,
            100,
            85,
            82,
            68,
            150,
            153,
            132,
            117,
            156,
            80,
            196,
            252,
            326,
            208,
            366,
            287,
            204,
            286,
            348,
            324,
            502,
            380,
            437,
            569,
            472,
            449,
            411,
            700,
            600,
            740,
            877,
            949,
            836,
            647,
            746,
            693,
            659,
            769,
            708,
            627,
            952,
            905,
            188,
            53,
            137,
            63,
            172,
            111,
            57
        ],
        [
            3,
            152,
            74,
            129,
            115,
            164,
            153,
            125,
            29,
            83,
            190,
            287,
            379,
            360,
            204,
            357,
            322,
            315,
            203,
            275,
            284,
            433,
            390,
            491,
            440,
            452,
            520,
            470,
            458,
            472,
            530,
            642,
            689,
            760,
            658,
            777,
            587,
            705,
            738,
            677,
            895,
            149,
            82,
            95,
            98,
            65,
            156,
            61,
            14,
            838
        ],
        [
            98,
            168,
            150,
            51,
            115,
            79,
            188,
            107,
            66,
            71,
            136,
            235,
            241,
            232,
            322,
            309,
            332,
            255,
            217,
            293,
            290,
            405,
            573,
            468,
            428,
            507,
            508,
            534,
            516,
            466,
            423,
            787,
            575,
            604,
            607,
            693,
            763,
            701,
            669,
            603,
            610,
            802,
            898,
            862,
            921,
            997,
            142,
            927,
            78,
            883
        ],
        [
            174,
            85,
            105,
            121,
            172,
            103,
            177,
            142,
            99,
            123,
            21,
            228,
            225,
            351,
            379,
            354,
            289,
            222,
            336,
            194,
            353,
            438,
            472,
            491,
            529,
            393,
            428,
            396,
            641,
            694,
            761,
            918,
            804,
            962,
            859,
            868,
            995,
            877,
            979,
            969,
            882,
            28,
            7,
            92,
            930,
            811,
            854,
            818,
            872,
            914
        ]
    ],
    "goal": [
        [
            495,
            396,
            264,
            987,
            433,
            927,
            841,
            261,
            558,
            728,
            838,
            952,
            500,
            687,
            1006,
            597,
            729,
            705,
            610,
            311,
            360,
            97,
            1002,
            99,
            622,
            241,
            174,
            85,
            14,
            361,
            587,
            991,
            226,
            706,
            514,
            289,
            363,
            469,
            523,
            513,
            979,
            734,
            504,
            296,
            105,
            566,
            294,
            277,
            536,
            86
        ],
        [
            911,
            907,
            390,
            458,
            787,
            7,
            902,
            121,
            551,
            587,
            353,
            777,
            653,
            897,
            459,
            604,
            882,
            798,
            92,
            139,
            127,
            98,
            527,
            761,
            392,
            996,
            156,
            492,
            833,
            718,
            273,
            233,
            152,
            958,
            261,
            409,
            356,
            597,
            142,
            223,
            377,
            744,
            66,
            569,
            408,
            95,
            182,
            719,
            287,
            132
        ],
        [
            539,
            502,
            732,
            856,
            811,
            1002,
            23,
            566,
            286,
            130,
            939,
            645,
            895,
            687,
            127,
            492,
            661,
            975,
            370,
            869,
            899,
            3,
            941,
            477,
            5,
            632,
            93,
            92,
            601,
            456,
            123,
            822,
            418,
            21,
            500,
            546,
            162,
            434,
            229,
            551,
            840,
            1001,
            350,
            533,
            368,
            679,
            373,
            969,
            610,
            120
        ],
        [
            778,
            337,
            93,
            411,
            388,
            1006,
            76,
            276,
            558,
            1015,
            968,
            275,
            953,
            941,
            1013,
            188,
            166,
            198,
            1003,
            668,
            21,
            491,
            516,
            509,
            537,
            86,
            623,
            487,
            462,
            223,
            1016,
            161,
            915,
            554,
            243,
            127,
            804,
            272,
            270,
            115,
            629,
            228,
            28,
            971,
            54,
            193,
            580,
            18,
            965,
            436
        ],
        [
            776,
            549,
            899,
            118,
            686,
            1009,
            664,
            793,
            254,
            769,
            642,
            332,
            830,
            140,
            911,
            657,
            718,
            455,
            568,
            176,
            627,
            902,
            347,
            706,
            767,
            134,
            853,
            603,
            245,
            78,
            137,
            58,
            206,
            984,
            619,
            446,
            316,
            35,
            441,
            164,
            63,
            66,
            687,
            661,
            569,
            548,
            79,
            699,
            279,
            124
        ]
    ],
    "std_bc": 0.001036501746424905
}