{
    "name": "16_75",
    "weight": false,
    "n_row": 32,
    "n_col": 32,
    "layout": [
        "..@.@.@.@..@.@@...@.....@..@.@.@",
        "..@.@.@.@..@.@...@.@.@.@@..@...@",
        "..@.@...@....@.@.@.@.@.@.@.@...@",
        "@...@.@.@..@.@.@.@.@.@...@.@.@.@",
        "@.@.@.@.@..@.@.@.@...@...@.@.@.@",
        "@.@...@.@..@.@...@.@.@.@.@.@.@.@",
        "..@.@...@....@.@...@...@...@...@",
        "@.@.@.@....@.@.@.@.@.@.@...@.@.@",
        "@...@.@..@.@...@.@...@.@...@.@.@",
        "@.@.@.@..@.@.@...@.@...@.@...@.@",
        "@.@.@....@.@.@.....@.@...@...@.@",
        "@.@.@.@..@.@.@.@...@.@...@.@.@.@",
        "@.@...@..@...@.@.@...@.@.@.@...@",
        "@..@@@...@.@...@.@.@...@...@.@.@",
        ".@.@.@.@.@.@.@...@.@...@.@.@.@.@",
        "...@.@.@...@.@.@.@.@.@...@...@.@",
        ".@.@.@.@.@...@.@...@.@.@.@.@.@.@",
        ".@...@.@.@.@...@.@...@.@...@...@",
        ".@.@...@.@.@...@.@...@.@.@.@.@.@",
        ".@.@.@...@.@.@...@.@...@.@...@.@",
        "...@.@...@.@.@.@.@.@.@...@.@.@.@",
        ".@...@.....@.@.@...@.@...@.@...@",
        ".@.@.@.@...@.@.@.@.@.@.....@.@.@",
        ".@.@...@...@.@...@...@.@...@.@.@",
        "...@.@.@.....@...@.@.@.@.....@.@",
        "...@.@.@.@...@.@...@...@.@...@.@",
        ".....@.@.@...@.@...@.@.@.@.@.@.@",
        ".@...@...@.....@.@.....@.@.@...@",
        ".@.@.@...@.@.@.@.@.@.....@.@.@.@",
        ".@.@.@.....@...@.@.@.....@...@.@",
        ".@.@.@.@...@.@.@.@.@.@...@.@.@.@",
        ".@.@...@...@.@...@.@...@.@.@.@.."
    ],
    "start": [
        [
            41,
            161,
            142,
            57,
            137,
            60,
            16,
            62,
            178,
            170,
            32,
            293,
            193,
            258,
            360,
            303,
            240,
            229,
            400,
            298,
            212,
            574,
            558,
            544,
            615,
            528,
            441,
            426,
            446,
            569,
            594,
            713,
            670,
            748,
            794,
            647,
            660,
            762,
            638,
            778,
            706,
            932,
            894,
            858,
            918,
            997,
            98,
            890,
            944,
            958
        ],
        [
            52,
            97,
            174,
            58,
            57,
            21,
            75,
            103,
            44,
            99,
            84,
            282,
            398,
            332,
            315,
            210,
            254,
            327,
            206,
            389,
            480,
            774,
            802,
            679,
            788,
            675,
            746,
            812,
            696,
            710,
            506,
            808,
            714,
            712,
            738,
            834,
            776,
            896,
            893,
            796,
            690,
            1002,
            1004,
            941,
            934,
            1020,
            996,
            952,
            982,
            932
        ],
        [
            16,
            116,
            140,
            137,
            15,
            74,
            76,
            42,
            25,
            9,
            17,
            347,
            327,
            395,
            330,
            232,
            225,
            337,
            348,
            193,
            364,
            552,
            586,
            610,
            514,
            438,
            542,
            474,
            466,
            600,
            444,
            728,
            674,
            647,
            662,
            732,
            800,
            727,
            770,
            675,
            698,
            896,
            902,
            1000,
            908,
            942,
            935,
            883,
            842,
            914
        ],
        [
            67,
            70,
            146,
            112,
            118,
            65,
            120,
            122,
            86,
            60,
            108,
            229,
            315,
            268,
            350,
            376,
            366,
            353,
            269,
            310,
            257,
            615,
            584,
            426,
            470,
            450,
            406,
            438,
            574,
            506,
            526,
            644,
            919,
            944,
            900,
            867,
            842,
            984,
            862,
            940,
            936,
            1,
            22,
            32,
            78,
            186,
            15,
            47,
            152,
            64
        ],
        [
            156,
            154,
            76,
            16,
            99,
            26,
            82,
            73,
            124,
            94,
            114,
            360,
            293,
            298,
            334,
            204,
            263,
            216,
            342,
            372,
            323,
            578,
            548,
            589,
            562,
            490,
            602,
            580,
            550,
            538,
            586,
            666,
            760,
            701,
            658,
            746,
            756,
            786,
            778,
            700,
            670,
            33,
            172,
            151,
            135,
            886,
            1008,
            951,
            990,
            864
        ]
    ],
    "goal": [
        [
            353,
            26,
            131,
            850,
            768,
            830,
            833,
            864,
            190,
            724,
            720,
            148,
            557,
            862,
            996,
            644,
            629,
            208,
            552,
            604,
            772,
            529,
            769,
            75,
            110,
            648,
            906,
            1023,
            144,
            484,
            510,
            216,
            917,
            347,
            679,
            880,
            548,
            972,
            430,
            76,
            174,
            276,
            330,
            610,
            334,
            388,
            623,
            652,
            199,
            220
        ],
        [
            552,
            19,
            708,
            426,
            686,
            920,
            698,
            730,
            1002,
            726,
            878,
            1004,
            900,
            116,
            674,
            131,
            892,
            510,
            598,
            350,
            342,
            259,
            622,
            169,
            514,
            692,
            502,
            856,
            612,
            338,
            558,
            372,
            917,
            463,
            240,
            430,
            980,
            620,
            817,
            866,
            204,
            231,
            576,
            118,
            232,
            108,
            198,
            335,
            218,
            61
        ],
        [
            284,
            261,
            318,
            700,
            928,
            152,
            122,
            832,
            1023,
            934,
            766,
            614,
            466,
            990,
            448,
            880,
            902,
            32,
            777,
            1012,
            916,
            595,
            291,
            810,
            94,
            524,
            112,
            776,
            969,
            623,
            821,
            430,
            238,
            476,
            204,
            523,
            350,
            336,
            764,
            92,
            178,
            745,
            147,
            62,
            374,
            272,
            327,
            930,
            186,
            22
        ],
        [
            428,
            894,
            508,
            902,
            1,
            46,
            827,
            272,
            430,
            1012,
            784,
            758,
            876,
            998,
            736,
            520,
            764,
            395,
            23,
            922,
            932,
            257,
            217,
            722,
            556,
            500,
            746,
            802,
            302,
            357,
            131,
            374,
            546,
            336,
            572,
            242,
            80,
            206,
            284,
            88,
            574,
            573,
            360,
            832,
            28,
            986,
            259,
            712,
            65,
            581
        ],
        [
            689,
            434,
            408,
            42,
            842,
            303,
            258,
            342,
            172,
            556,
            886,
            822,
            1018,
            871,
            348,
            782,
            972,
            714,
            1,
            514,
            806,
            105,
            315,
            442,
            20,
            632,
            1012,
            914,
            624,
            484,
            1006,
            656,
            231,
            910,
            892,
            257,
            969,
            70,
            470,
            325,
            71,
            210,
            547,
            718,
            660,
            868,
            350,
            269,
            110,
            720
        ]
    ],
    "std_bc": 0.0007654662667500792
}