{
    "name": "24_38",
    "weight": false,
    "n_row": 32,
    "n_col": 32,
    "layout": [
        "................................",
        ".@@@@@@@@@@@@@@@@@@@@@@@@@@@@@@.",
        "................................",
        ".@@@@@@@@@@@@@@@@@@@@@@@@@@@@@@.",
        "................................",
        ".@@@@@@@@@@@@@@@@@@@@@@@@@@@@@@.",
        "................................",
        ".@@@@@@@@@@@@@@@@@@@@@@@@@@@@@@.",
        "................................",
        ".@@@@@@@@@@@@@@@@@@@@@@@@@@....@",
        "................................",
        ".@@@@@@@@@@@@@@@@@..............",
        "....................@@@@@@@@@@@.",
        ".@@@@@@@@@@@@@@.................",
        ".................@@@@@@@@@@@@@@.",
        ".@@@@@@@@@@@....................",
        "..............@@@@@@@@@@@@@@@@@.",
        ".@@@@@@@@@......................",
        "...........@@@@@@@@@@@@@@@@@@@@.",
        ".@@@@@@@........................",
        ".........@@@@@@@@@@@@@@@@@@@@@@.",
        ".@@@@@..........................",
        "........@@@@@@@@@@@@@@@@@@@@@@@.",
        ".@@@............................",
        "......@@@@@@@@@@@@@@@@@@@@@@@@@.",
        ".@..............................",
        "....@@@@@@@@@@@@@@@@@@@@@@@@@@@.",
        "................................",
        ".@@@@@@@@@@@@@@@@@@@@@@@@@@@@@@.",
        "................................",
        ".@@@@@@@@@@@@@@@@@@@@@@@@@@@@@@.",
        "................................"
    ],
    "start": [
        [
            144,
            7,
            195,
            10,
            147,
            139,
            197,
            80,
            82,
            155,
            193,
            372,
            209,
            375,
            351,
            274,
            326,
            320,
            204,
            206,
            341,
            461,
            440,
            559,
            565,
            452,
            451,
            400,
            443,
            578,
            564,
            692,
            748,
            746,
            942,
            928,
            866,
            929,
            882,
            952,
            953,
            142,
            95,
            875,
            870,
            931,
            883,
            946,
            1010,
            1008
        ],
        [
            10,
            149,
            64,
            67,
            22,
            66,
            15,
            16,
            18,
            9,
            74,
            259,
            386,
            318,
            214,
            279,
            374,
            266,
            288,
            439,
            397,
            575,
            570,
            437,
            569,
            446,
            451,
            510,
            581,
            620,
            580,
            638,
            799,
            672,
            807,
            813,
            817,
            736,
            682,
            699,
            680,
            866,
            1023,
            927,
            1002,
            950,
            143,
            12,
            937,
            948
        ],
        [
            130,
            18,
            17,
            128,
            159,
            80,
            10,
            9,
            141,
            11,
            25,
            320,
            329,
            256,
            324,
            211,
            208,
            328,
            340,
            282,
            343,
            623,
            415,
            501,
            556,
            499,
            522,
            437,
            575,
            441,
            503,
            627,
            706,
            693,
            752,
            799,
            647,
            744,
            633,
            943,
            884,
            68,
            127,
            30,
            72,
            73,
            74,
            156,
            201,
            8
        ],
        [
            96,
            3,
            77,
            5,
            146,
            27,
            160,
            25,
            152,
            72,
            1,
            370,
            206,
            211,
            332,
            336,
            330,
            284,
            259,
            222,
            317,
            437,
            607,
            561,
            818,
            691,
            753,
            763,
            629,
            740,
            762,
            943,
            886,
            1020,
            1016,
            872,
            947,
            824,
            826,
            936,
            1012,
            64,
            151,
            142,
            81,
            139,
            893,
            953,
            93,
            87
        ],
        [
            6,
            27,
            17,
            25,
            130,
            69,
            82,
            0,
            15,
            144,
            91,
            286,
            511,
            584,
            520,
            449,
            492,
            461,
            452,
            402,
            500,
            633,
            692,
            771,
            498,
            436,
            566,
            565,
            497,
            493,
            440,
            697,
            812,
            807,
            821,
            813,
            895,
            869,
            929,
            1010,
            874,
            198,
            86,
            127,
            1020,
            954,
            887,
            998,
            828,
            872
        ]
    ],
    "goal": [
        [
            1008,
            416,
            341,
            941,
            1007,
            938,
            344,
            343,
            569,
            446,
            957,
            220,
            944,
            879,
            434,
            583,
            637,
            757,
            816,
            710,
            769,
            508,
            205,
            870,
            275,
            571,
            139,
            887,
            448,
            1006,
            76,
            556,
            1020,
            279,
            561,
            748,
            201,
            213,
            2,
            696,
            520,
            521,
            17,
            159,
            584,
            559,
            261,
            745,
            372,
            763
        ],
        [
            772,
            577,
            445,
            95,
            556,
            863,
            457,
            495,
            607,
            1009,
            941,
            631,
            896,
            513,
            557,
            134,
            684,
            146,
            825,
            85,
            284,
            996,
            827,
            761,
            431,
            813,
            147,
            434,
            4,
            877,
            401,
            544,
            130,
            76,
            628,
            214,
            523,
            318,
            931,
            270,
            206,
            1012,
            140,
            201,
            93,
            928,
            561,
            621,
            878,
            580
        ],
        [
            559,
            512,
            221,
            339,
            320,
            436,
            624,
            1006,
            617,
            893,
            997,
            279,
            68,
            957,
            755,
            751,
            950,
            7,
            705,
            821,
            194,
            453,
            800,
            994,
            345,
            218,
            92,
            77,
            497,
            939,
            576,
            561,
            149,
            1012,
            146,
            495,
            205,
            22,
            881,
            695,
            434,
            566,
            387,
            213,
            464,
            946,
            563,
            944,
            73,
            1014
        ],
        [
            991,
            262,
            374,
            73,
            461,
            456,
            571,
            1004,
            256,
            806,
            63,
            212,
            828,
            274,
            69,
            64,
            269,
            1016,
            953,
            503,
            877,
            451,
            403,
            1010,
            524,
            803,
            934,
            873,
            1012,
            759,
            8,
            572,
            807,
            513,
            495,
            224,
            268,
            757,
            387,
            397,
            324,
            770,
            196,
            371,
            927,
            523,
            260,
            1011,
            492,
            508
        ],
        [
            207,
            584,
            452,
            580,
            872,
            443,
            347,
            80,
            815,
            73,
            636,
            619,
            1,
            755,
            831,
            278,
            25,
            700,
            199,
            1011,
            936,
            887,
            927,
            946,
            154,
            642,
            517,
            1008,
            89,
            687,
            804,
            343,
            753,
            401,
            142,
            350,
            28,
            463,
            210,
            896,
            583,
            814,
            524,
            699,
            259,
            992,
            435,
            29,
            586,
            374
        ]
    ],
    "std_bc": 0.0004307781201177459
}