{
    "name": "50_79",
    "weight": false,
    "n_row": 32,
    "n_col": 32,
    "layout": [
        "@@@............@..@@.......@@..@",
        "@@@.@@.@@@@@.@.@.@@..@@@.@@@..@@",
        "@@..@@.@@.@..@...@@.@@@..@@..@@@",
        "@..@@.@@..@.@@...@..@@..@@..@@@@",
        "..@@.....@..@..@...@@..@@@.@@@.@",
        ".@@@.@@.@@.@@.@@@.@@@.@@@..@@..@",
        ".@@.@@@.@@.@@.@@.@@@.@@@..@@..@@",
        "@@@.@@..@..@..@..@@..@@..@@..@@@",
        "@@..@..@@.@@....@@..@@..@@..@@@.",
        "@@.@@.@@..@@.@.@@@.@@@.@@@.@@@..",
        "@..@@.@@.@@..@@@@..@@..@@..@@..@",
        ".........@@.@@@@..@@..@@..@@..@@",
        ".@@@.@@.@@..@@...@@@.@@..@@@.@@@",
        ".@@.@@@.@@.@@@.@.@.@.@..@@@..@@@",
        "@@@.@@..@..@@..@.@...@.@@@..@@@@",
        "@@..@..@@.@@..@@...@.@.@@..@@@.@",
        "@..@@.@@@.@@.@@@.@.@.@.@..@@@..@",
        "@.@@@.@@..@..@@@.@.@.@.@.@@@..@@",
        "......@..@@.@@.@.@.@.@.@.@@..@@@",
        ".@@@.@@.@@@.@@.@.@.@.@...@@.@@@.",
        ".@@..@..@@..@@...@.@.@.@@@..@@..",
        "@@..@@.@@..@@.@@.@.@.@.@@@.@@..@",
        "@@.@@..@@.@@..@@.@.@.@.@...@@.@@",
        "@..@@.@@..@@.@@@.@.@.@.@.@@@..@@",
        "..@@..@@.@@..@@..@.@.@...@@@.@@@",
        ".@@..@@.@@@.@@@..@.@.@.@.@@..@@@",
        "@@..@@..@@..@@..@@.@...@@@..@@.@",
        "@@.@@..@@..@@..@@@.@.@.@@@.@@..@",
        "@..@@.@@..@@@.@@@@.@.@..@..@...@",
        ".........@@@..@@.@@@.@@...@@.@.@",
        ".@@.@@.@..@@.@@..@@@.@@@..@..@..",
        "@@@@@@@@........@@@..@@@@...@@.@"
    ],
    "start": [
        [
            97,
            154,
            123,
            128,
            16,
            164,
            170,
            101,
            48,
            46,
            114,
            346,
            325,
            221,
            190,
            186,
            199,
            195,
            278,
            368,
            482,
            728,
            803,
            552,
            528,
            510,
            580,
            603,
            545,
            493,
            541,
            646,
            738,
            658,
            744,
            651,
            654,
            650,
            619,
            818,
            769,
            948,
            944,
            877,
            21,
            141,
            92,
            893,
            932,
            1003
        ],
        [
            25,
            38,
            13,
            23,
            98,
            5,
            139,
            16,
            8,
            173,
            136,
            314,
            244,
            341,
            355,
            310,
            275,
            321,
            268,
            328,
            356,
            496,
            407,
            688,
            654,
            748,
            536,
            464,
            485,
            412,
            489,
            701,
            1019,
            897,
            898,
            926,
            985,
            640,
            804,
            870,
            854,
            154,
            122,
            21,
            87,
            146,
            17,
            6,
            80,
            976
        ],
        [
            52,
            24,
            135,
            167,
            142,
            60,
            48,
            61,
            111,
            38,
            136,
            212,
            205,
            271,
            287,
            259,
            265,
            349,
            321,
            268,
            376,
            536,
            436,
            466,
            451,
            505,
            573,
            400,
            568,
            517,
            552,
            730,
            760,
            658,
            674,
            788,
            772,
            651,
            660,
            678,
            681,
            935,
            924,
            16,
            1007,
            956,
            984,
            854,
            922,
            1012
        ],
        [
            139,
            22,
            4,
            149,
            23,
            8,
            14,
            29,
            318,
            262,
            269,
            474,
            384,
            584,
            185,
            355,
            259,
            202,
            221,
            270,
            244,
            388,
            541,
            513,
            530,
            489,
            524,
            579,
            436,
            475,
            603,
            662,
            709,
            816,
            786,
            972,
            1007,
            1022,
            873,
            858,
            909,
            134,
            123,
            146,
            160,
            934,
            890,
            925,
            1001,
            935
        ],
        [
            91,
            149,
            22,
            29,
            160,
            66,
            154,
            3,
            73,
            83,
            88,
            221,
            319,
            261,
            230,
            265,
            217,
            216,
            236,
            352,
            555,
            647,
            688,
            724,
            788,
            430,
            497,
            464,
            528,
            461,
            581,
            796,
            722,
            650,
            619,
            662,
            765,
            615,
            803,
            748,
            639,
            914,
            1004,
            858,
            975,
            847,
            882,
            988,
            932,
            1001
        ]
    ],
    "goal": [
        [
            678,
            1003,
            144,
            498,
            244,
            600,
            350,
            870,
            936,
            345,
            744,
            784,
            850,
            373,
            173,
            804,
            1004,
            914,
            322,
            66,
            497,
            48,
            578,
            231,
            128,
            898,
            408,
            1000,
            925,
            190,
            555,
            690,
            349,
            240,
            443,
            78,
            233,
            282,
            644,
            932,
            926,
            76,
            136,
            893,
            318,
            800,
            510,
            748,
            924,
            796
        ],
        [
            579,
            29,
            987,
            909,
            513,
            922,
            319,
            467,
            931,
            92,
            457,
            14,
            111,
            354,
            349,
            932,
            356,
            980,
            796,
            843,
            786,
            8,
            88,
            353,
            521,
            7,
            615,
            297,
            671,
            5,
            60,
            458,
            122,
            886,
            850,
            897,
            874,
            816,
            190,
            192,
            352,
            6,
            144,
            788,
            274,
            534,
            342,
            542,
            960,
            600
        ],
        [
            702,
            654,
            158,
            884,
            628,
            314,
            820,
            921,
            279,
            744,
            1006,
            23,
            369,
            398,
            671,
            839,
            764,
            514,
            893,
            854,
            930,
            322,
            101,
            20,
            960,
            769,
            780,
            258,
            261,
            407,
            549,
            748,
            580,
            358,
            560,
            932,
            129,
            240,
            644,
            26,
            17,
            729,
            352,
            859,
            579,
            391,
            651,
            807,
            713,
            933
        ],
        [
            717,
            220,
            884,
            358,
            251,
            1001,
            733,
            139,
            738,
            341,
            513,
            454,
            639,
            744,
            355,
            890,
            916,
            630,
            275,
            212,
            644,
            434,
            545,
            337,
            80,
            60,
            407,
            756,
            164,
            217,
            482,
            97,
            380,
            52,
            395,
            149,
            98,
            882,
            208,
            115,
            991,
            914,
            502,
            818,
            1012,
            248,
            105,
            877,
            6,
            119
        ],
        [
            282,
            893,
            619,
            952,
            877,
            941,
            35,
            212,
            729,
            1003,
            564,
            969,
            434,
            186,
            1022,
            940,
            83,
            67,
            594,
            432,
            66,
            373,
            486,
            167,
            363,
            804,
            240,
            287,
            25,
            769,
            929,
            133,
            205,
            932,
            97,
            261,
            578,
            608,
            580,
            123,
            300,
            944,
            318,
            160,
            352,
            701,
            779,
            416,
            796,
            666
        ]
    ],
    "std_bc": 0.0009118479209004593
}