{
    "name": "0_52",
    "weight": false,
    "n_row": 32,
    "n_col": 32,
    "layout": [
        ".@..@..@..@....@..@..@..@...@...",
        "..@..@..@..@....@..@..@..@....@.",
        "@..@..@..@..@.@..@..@..@..@.....",
        ".@..@..@..@..@.@..@..@..@..@.@..",
        "..@..@..@..@....@..@..@..@....@.",
        "...@..@..@..@.@..@..@..@..@.@...",
        "@..@...@..@..@.@..@..@..@.@..@..",
        ".@..@......@...@..@...@....@..@.",
        "..@..@..@..@....@..@...@.@..@...",
        "@..@..@..@..@.@..@..@.....@..@..",
        ".@..@..@..@....@..@..@@....@..@.",
        "..@..@..@....@..@..@...@.@..@...",
        "@..@..@..@....@..@..@...@@@..@..",
        ".@..@..@..@.@..@......@..@....@.",
        "..@..@..@....@....@.@..@..@.....",
        "@..@..@..@....@.@..@.@..@..@..@.",
        ".@..@..@..@.@....@....@..@..@...",
        "..@..@..@....@....@..@....@..@..",
        "@..@..@..@....@.@..@..@.......@.",
        ".@..@..@..@.@....@..@..@..@.....",
        "..@..@..@..@.@.@..@..@..@..@..@.",
        "@..@..@..@......@..@..@..@..@..@",
        ".@..@..@..@.@....@..@..@..@..@..",
        "..@..@..@..@@@.@..@..@..@..@..@.",
        "@..@..@..@..@...@..@..@..@..@..@",
        ".@..@..@..@..@...@..@..@..@..@..",
        ".....@..@..@..@...@..@..@..@..@.",
        ".@....@..@..@...@..@..@..@..@..@",
        "..@.@..@..@......@..@..@..@..@..",
        "...@.@..@..@...@..@..@..@..@..@.",
        "............@@..@..@..@..@..@...",
        ".@..@.@...@.........@..@..@..@.@"
    ],
    "start": [
        [
            72,
            143,
            0,
            66,
            165,
            85,
            89,
            2,
            95,
            30,
            19,
            27,
            126,
            161,
            69,
            98,
            38,
            233,
            200,
            247,
            280,
            378,
            304,
            189,
            182,
            312,
            323,
            266,
            293,
            355,
            359,
            568,
            477,
            388,
            528,
            442,
            553,
            478,
            405,
            543,
            219,
            370,
            301,
            349,
            271,
            320,
            259,
            278,
            340,
            181,
            309,
            333,
            214,
            436,
            547,
            400,
            572,
            597,
            574,
            435,
            316,
            601,
            473,
            492,
            500,
            407,
            567,
            434,
            558,
            561,
            604,
            589,
            394,
            520,
            610,
            447,
            611,
            517,
            451,
            541,
            739,
            736,
            789,
            385,
            605,
            379,
            551,
            577,
            646,
            75,
            662,
            770,
            262,
            162,
            743,
            822,
            318,
            311,
            758,
            374,
            969,
            361,
            904,
            956,
            273,
            440,
            644,
            337,
            58,
            845,
            514,
            77,
            362,
            669,
            555,
            329,
            815,
            839,
            79,
            970,
            119,
            32,
            356,
            63,
            666,
            831,
            765,
            848,
            322,
            885,
            458,
            286,
            935,
            475,
            325,
            432,
            679,
            629,
            1004,
            348,
            894,
            488,
            849,
            448,
            427,
            929,
            482,
            800,
            25,
            9
        ],
        [
            170,
            146,
            68,
            36,
            55,
            41,
            148,
            30,
            161,
            121,
            119,
            33,
            47,
            95,
            89,
            58,
            145,
            50,
            35,
            298,
            274,
            315,
            262,
            189,
            352,
            334,
            273,
            128,
            45,
            0,
            11,
            497,
            481,
            485,
            581,
            406,
            391,
            492,
            500,
            482,
            559,
            196,
            265,
            190,
            355,
            299,
            256,
            277,
            232,
            320,
            283,
            249,
            233,
            353,
            266,
            362,
            248,
            349,
            224,
            220,
            303,
            467,
            547,
            389,
            589,
            539,
            528,
            580,
            473,
            512,
            544,
            394,
            533,
            490,
            508,
            382,
            477,
            746,
            647,
            713,
            613,
            701,
            662,
            469,
            432,
            379,
            816,
            729,
            789,
            779,
            797,
            995,
            861,
            1017,
            975,
            948,
            836,
            932,
            911,
            963,
            845,
            887,
            957,
            956,
            690,
            758,
            798,
            830,
            717,
            659,
            677,
            668,
            640,
            947,
            935,
            572,
            282,
            626,
            238,
            611,
            372,
            86,
            914,
            964,
            421,
            116,
            864,
            263,
            253,
            953,
            699,
            96,
            222,
            986,
            271,
            160,
            185,
            588,
            102,
            31,
            112,
            908,
            879,
            436,
            5,
            944,
            434,
            990,
            373,
            636
        ],
        [
            137,
            92,
            12,
            85,
            160,
            45,
            86,
            63,
            58,
            83,
            16,
            32,
            323,
            313,
            215,
            273,
            197,
            241,
            270,
            376,
            36,
            171,
            91,
            162,
            66,
            33,
            41,
            283,
            378,
            309,
            274,
            422,
            502,
            556,
            610,
            399,
            482,
            580,
            506,
            536,
            478,
            541,
            412,
            548,
            569,
            527,
            596,
            257,
            331,
            307,
            222,
            217,
            244,
            369,
            349,
            237,
            293,
            266,
            290,
            407,
            388,
            736,
            770,
            740,
            779,
            676,
            830,
            728,
            789,
            707,
            806,
            786,
            652,
            702,
            627,
            690,
            758,
            386,
            563,
            629,
            833,
            514,
            449,
            421,
            429,
            444,
            520,
            445,
            637,
            614,
            353,
            593,
            1009,
            116,
            967,
            419,
            418,
            538,
            673,
            753,
            93,
            659,
            725,
            656,
            475,
            126,
            467,
            146,
            1003,
            759,
            145,
            602,
            0,
            809,
            1022,
            299,
            227,
            638,
            961,
            26,
            866,
            881,
            372,
            427,
            818,
            316,
            1020,
            937,
            662,
            198,
            343,
            904,
            322,
            558,
            677,
            430,
            772,
            574,
            550,
            890,
            481,
            497,
            47,
            271,
            424,
            959,
            851,
            89,
            151,
            769
        ],
        [
            63,
            20,
            58,
            165,
            23,
            129,
            86,
            41,
            85,
            69,
            137,
            146,
            171,
            74,
            39,
            161,
            173,
            138,
            99,
            115,
            0,
            79,
            132,
            22,
            44,
            131,
            68,
            2,
            143,
            119,
            229,
            514,
            425,
            374,
            372,
            488,
            512,
            502,
            567,
            467,
            270,
            176,
            201,
            370,
            263,
            226,
            277,
            578,
            459,
            484,
            548,
            497,
            407,
            412,
            234,
            211,
            224,
            262,
            189,
            329,
            292,
            448,
            406,
            783,
            699,
            693,
            663,
            611,
            382,
            506,
            545,
            477,
            584,
            610,
            419,
            574,
            580,
            416,
            635,
            803,
            742,
            800,
            734,
            707,
            622,
            816,
            676,
            980,
            50,
            194,
            500,
            134,
            603,
            509,
            187,
            259,
            66,
            320,
            1003,
            571,
            636,
            575,
            966,
            915,
            842,
            6,
            762,
            433,
            236,
            1010,
            814,
            238,
            554,
            421,
            528,
            318,
            312,
            544,
            392,
            773,
            443,
            639,
            608,
            616,
            818,
            640,
            249,
            369,
            389,
            897,
            122,
            791,
            348,
            250,
            652,
            849,
            872,
            9,
            159,
            559,
            475,
            49,
            696,
            808,
            809,
            987,
            206,
            222,
            828,
            243
        ],
        [
            148,
            82,
            58,
            14,
            107,
            3,
            134,
            128,
            105,
            35,
            63,
            121,
            86,
            20,
            42,
            33,
            108,
            6,
            9,
            104,
            167,
            112,
            79,
            290,
            245,
            247,
            176,
            229,
            190,
            293,
            326,
            418,
            584,
            379,
            527,
            568,
            485,
            385,
            472,
            551,
            421,
            473,
            429,
            416,
            462,
            476,
            405,
            488,
            593,
            505,
            506,
            407,
            596,
            451,
            528,
            227,
            312,
            233,
            224,
            310,
            449,
            641,
            737,
            770,
            712,
            772,
            769,
            715,
            396,
            406,
            553,
            554,
            544,
            734,
            564,
            597,
            580,
            479,
            439,
            547,
            809,
            791,
            794,
            613,
            782,
            932,
            776,
            762,
            378,
            433,
            181,
            215,
            930,
            611,
            204,
            765,
            69,
            616,
            262,
            25,
            888,
            351,
            875,
            13,
            348,
            869,
            465,
            935,
            758,
            243,
            346,
            911,
            16,
            575,
            778,
            523,
            212,
            619,
            795,
            142,
            893,
            687,
            252,
            665,
            975,
            362,
            436,
            548,
            143,
            558,
            660,
            574,
            821,
            541,
            127,
            798,
            581,
            95,
            914,
            369,
            311,
            270,
            518,
            339,
            759,
            497,
            343,
            515,
            236,
            607
        ]
    ],
    "goal": [
        [
            30,
            55,
            641,
            85,
            74,
            759,
            687,
            746,
            902,
            374,
            436,
            611,
            935,
            673,
            643,
            956,
            861,
            247,
            475,
            975,
            659,
            881,
            220,
            481,
            38,
            698,
            819,
            82,
            991,
            945,
            605,
            56,
            1011,
            707,
            52,
            888,
            143,
            845,
            256,
            676,
            917,
            962,
            1004,
            402,
            712,
            940,
            50,
            623,
            353,
            942,
            141,
            541,
            875,
            951,
            1009,
            713,
            834,
            162,
            577,
            250,
            839,
            424,
            905,
            348,
            27,
            1005,
            838,
            938,
            803,
            311,
            868,
            548,
            613,
            113,
            289,
            454,
            107,
            921,
            105,
            967,
            93,
            358,
            544,
            926,
            961,
            563,
            478,
            276,
            959,
            116,
            923,
            179,
            830,
            68,
            386,
            732,
            77,
            575,
            63,
            715,
            890,
            315,
            816,
            334,
            278,
            58,
            463,
            847,
            863,
            1022,
            337,
            185,
            717,
            630,
            901,
            75,
            42,
            596,
            472,
            947,
            745,
            509,
            740,
            640,
            274,
            25,
            515,
            259,
            526,
            621,
            647,
            882,
            286,
            627,
            405,
            132,
            684,
            490,
            671,
            33,
            118,
            736,
            963,
            457,
            383,
            842,
            170,
            762,
            320,
            479
        ],
        [
            911,
            798,
            901,
            864,
            449,
            11,
            1006,
            328,
            252,
            761,
            611,
            762,
            138,
            770,
            822,
            160,
            359,
            455,
            512,
            484,
            478,
            394,
            636,
            2,
            113,
            775,
            1003,
            134,
            329,
            241,
            932,
            156,
            630,
            16,
            525,
            1000,
            680,
            287,
            22,
            8,
            547,
            141,
            286,
            80,
            122,
            920,
            641,
            237,
            791,
            66,
            591,
            756,
            726,
            500,
            482,
            47,
            849,
            436,
            624,
            13,
            211,
            647,
            739,
            577,
            894,
            164,
            181,
            185,
            280,
            974,
            319,
            742,
            146,
            987,
            289,
            728,
            527,
            311,
            253,
            434,
            589,
            869,
            788,
            779,
            376,
            824,
            20,
            867,
            1008,
            168,
            493,
            535,
            343,
            444,
            954,
            676,
            89,
            637,
            179,
            555,
            233,
            262,
            548,
            198,
            214,
            797,
            38,
            1016,
            50,
            126,
            904,
            96,
            245,
            285,
            124,
            693,
            490,
            984,
            325,
            626,
            594,
            5,
            619,
            574,
            145,
            878,
            182,
            786,
            1022,
            491,
            429,
            36,
            334,
            566,
            769,
            882,
            337,
            842,
            928,
            295,
            463,
            293,
            389,
            88,
            994,
            473,
            112,
            362,
            684,
            119
        ],
        [
            974,
            704,
            402,
            630,
            56,
            686,
            71,
            107,
            833,
            857,
            61,
            179,
            85,
            740,
            695,
            286,
            765,
            897,
            9,
            597,
            894,
            1017,
            991,
            407,
            821,
            887,
            124,
            333,
            35,
            448,
            159,
            240,
            838,
            344,
            189,
            934,
            405,
            502,
            984,
            91,
            994,
            326,
            545,
            155,
            888,
            41,
            736,
            743,
            58,
            709,
            693,
            713,
            572,
            1008,
            890,
            640,
            376,
            278,
            961,
            578,
            351,
            828,
            231,
            611,
            236,
            899,
            518,
            232,
            55,
            677,
            560,
            45,
            316,
            421,
            379,
            104,
            455,
            0,
            33,
            638,
            168,
            77,
            135,
            185,
            444,
            548,
            604,
            806,
            1009,
            739,
            113,
            6,
            963,
            296,
            580,
            203,
            157,
            422,
            960,
            968,
            276,
            241,
            352,
            74,
            626,
            331,
            419,
            198,
            574,
            340,
            970,
            945,
            397,
            182,
            815,
            8,
            488,
            88,
            526,
            440,
            101,
            551,
            622,
            385,
            310,
            80,
            563,
            274,
            38,
            665,
            175,
            834,
            403,
            46,
            803,
            715,
            415,
            689,
            977,
            999,
            863,
            443,
            196,
            845,
            583,
            660,
            992,
            719,
            683,
            1016
        ],
        [
            366,
            828,
            689,
            613,
            523,
            816,
            752,
            257,
            706,
            692,
            386,
            5,
            515,
            975,
            550,
            739,
            47,
            649,
            1003,
            584,
            951,
            385,
            309,
            282,
            364,
            720,
            530,
            601,
            593,
            1001,
            603,
            984,
            841,
            146,
            224,
            71,
            930,
            343,
            289,
            119,
            917,
            233,
            947,
            674,
            671,
            503,
            726,
            531,
            960,
            455,
            756,
            13,
            866,
            200,
            256,
            676,
            569,
            802,
            832,
            888,
            723,
            968,
            160,
            286,
            77,
            761,
            140,
            352,
            0,
            38,
            1010,
            11,
            512,
            374,
            190,
            971,
            161,
            94,
            80,
            312,
            1017,
            668,
            983,
            295,
            479,
            280,
            310,
            563,
            831,
            541,
            518,
            430,
            68,
            226,
            567,
            923,
            644,
            35,
            745,
            660,
            290,
            545,
            61,
            1016,
            701,
            786,
            863,
            356,
            498,
            962,
            128,
            475,
            311,
            359,
            201,
            493,
            20,
            277,
            116,
            926,
            779,
            266,
            411,
            637,
            209,
            890,
            481,
            27,
            203,
            643,
            214,
            189,
            274,
            469,
            249,
            95,
            247,
            842,
            402,
            860,
            734,
            990,
            782,
            770,
            445,
            663,
            208,
            9,
            1004,
            442
        ],
        [
            58,
            359,
            737,
            553,
            460,
            41,
            319,
            444,
            788,
            831,
            624,
            1014,
            332,
            434,
            416,
            984,
            326,
            122,
            844,
            53,
            506,
            855,
            433,
            197,
            644,
            407,
            685,
            614,
            101,
            36,
            30,
            397,
            154,
            425,
            59,
            421,
            333,
            449,
            851,
            1016,
            411,
            19,
            452,
            20,
            42,
            39,
            256,
            637,
            22,
            746,
            118,
            2,
            833,
            1008,
            508,
            827,
            899,
            909,
            238,
            974,
            82,
            223,
            720,
            389,
            95,
            414,
            273,
            17,
            1011,
            378,
            896,
            181,
            520,
            960,
            676,
            971,
            830,
            929,
            707,
            312,
            828,
            289,
            310,
            867,
            74,
            660,
            50,
            635,
            994,
            759,
            594,
            419,
            816,
            344,
            596,
            234,
            547,
            309,
            292,
            554,
            418,
            65,
            765,
            835,
            230,
            881,
            226,
            215,
            864,
            967,
            613,
            293,
            381,
            113,
            232,
            1010,
            271,
            121,
            649,
            89,
            581,
            980,
            944,
            99,
            29,
            890,
            523,
            682,
            924,
            31,
            679,
            257,
            203,
            38,
            822,
            502,
            391,
            112,
            373,
            969,
            782,
            11,
            151,
            578,
            992,
            632,
            930,
            436,
            184,
            887
        ]
    ]
}