{
    "name": "36_29",
    "weight": false,
    "n_row": 32,
    "n_col": 32,
    "layout": [
        "@.@@@@..@@@@..@@@...@@@...@@@..@",
        "..@@@...@@@...@@@...@@...@@@...@",
        ".......@@@...@@@...@@@...@@@..@@",
        ".@@@...@@@...@@@...@@@...@@...@@",
        "@@@@...@@@...@@@...@@@...@@...@.",
        "@@@....@@@...@@@...@@@...@@@....",
        "@@@....@@@...@@@...@@@...@@@...@",
        "@@.....@@@...@@@...@@@...@@@...@",
        "@...@@.@@@...@@@...@@@...@@@...@",
        "@..@@..@@@...@@@...@@@...@@@...@",
        "...@@..@@@...@@@...@@@...@@@...@",
        "..@@...@@@...@@@...@@@...@@@...@",
        "..@@...@@@...@@@...@@@...@@@...@",
        ".@@@...@@@...@@@...@@@...@@@...@",
        ".@@@...@@@...@@@...@@@...@@@...@",
        "@@@@...@@@...@@@...@@@...@@@...@",
        "@@@....@@@...@@@...@@@...@@@...@",
        "@@@....@@@...@@@...@@@...@@@...@",
        "@@.....@@@...@@@...@@@...@@@...@",
        "@...@@.@@@...@@@...@@@...@@@...@",
        "@...@..@@@...@@@...@@@...@@@...@",
        "...@@..@@@...@@@...@@@...@@@..@@",
        "..@@...@@@...@@@..@@@...@@@...@@",
        ".@@@...@@...@@@...@@@...@@@...@@",
        ".@@@..@@@...@@@...@@@...@@...@@@",
        "@@@...@@@...@@@...@@...@@@...@@@",
        "@@@...@@@...@@@..@@@...@@@..@@@.",
        "@@@...@@...@@@...@@@........@@..",
        "@@...@@@...@@@........@@@...@@..",
        "@....@@@.....@..@@@...@@@..@@@..",
        "..@..@@@...@....@@@...@@........",
        ".@@.......@@@...@@...@@@..@@@..@"
    ],
    "start": [
        [
            132,
            107,
            54,
            43,
            151,
            101,
            66,
            157,
            80,
            68,
            146,
            164,
            62,
            50,
            64,
            18,
            74,
            38,
            170,
            7,
            69,
            178,
            55,
            25,
            312,
            304,
            285,
            305,
            342,
            310,
            362,
            396,
            502,
            402,
            434,
            478,
            191,
            273,
            197,
            293,
            465,
            432,
            325,
            226,
            344,
            332,
            567,
            460,
            380,
            555,
            426,
            439,
            188,
            343,
            472,
            330,
            208,
            337,
            190,
            374,
            453,
            708,
            625,
            605,
            641,
            636,
            642,
            643,
            581,
            912,
            246,
            657,
            747,
            841,
            620,
            843,
            448,
            668,
            938,
            803,
            138,
            195,
            252,
            688,
            6,
            741,
            915,
            182,
            574,
            745,
            60,
            364,
            999,
            234,
            560,
            964,
            508,
            594,
            959,
            529,
            942,
            835,
            363,
            356,
            381,
            600,
            322,
            784,
            582,
            228,
            470,
            931,
            593,
            981,
            904,
            985,
            975,
            413,
            930,
            586,
            858,
            705,
            548,
            102,
            61,
            485,
            125,
            809,
            49,
            914,
            804,
            783,
            32,
            145,
            874,
            1016,
            420,
            406,
            811,
            974,
            879,
            445,
            112,
            272,
            637,
            753,
            118,
            215,
            658,
            369
        ],
        [
            44,
            134,
            151,
            165,
            39,
            118,
            108,
            32,
            23,
            102,
            183,
            177,
            19,
            68,
            166,
            49,
            178,
            7,
            96,
            145,
            64,
            65,
            56,
            196,
            363,
            209,
            305,
            228,
            316,
            262,
            234,
            412,
            390,
            203,
            221,
            348,
            278,
            229,
            364,
            220,
            272,
            357,
            247,
            336,
            321,
            279,
            191,
            384,
            444,
            369,
            427,
            421,
            459,
            516,
            491,
            485,
            556,
            382,
            385,
            396,
            330,
            376,
            657,
            650,
            763,
            684,
            594,
            593,
            604,
            747,
            705,
            540,
            464,
            406,
            624,
            939,
            471,
            273,
            929,
            524,
            765,
            1001,
            625,
            975,
            477,
            1010,
            55,
            33,
            45,
            66,
            119,
            758,
            701,
            107,
            547,
            389,
            69,
            466,
            1012,
            753,
            504,
            677,
            803,
            900,
            317,
            984,
            954,
            439,
            942,
            208,
            842,
            636,
            503,
            572,
            651,
            1005,
            523,
            996,
            663,
            664,
            573,
            715,
            777,
            821,
            816,
            566,
            961,
            289,
            880,
            470,
            725,
            172,
            906,
            1,
            1011,
            694,
            535,
            668,
            632,
            848,
            400,
            133,
            878,
            947,
            222,
            1016,
            81,
            210,
            496,
            1006
        ],
        [
            176,
            178,
            50,
            146,
            102,
            51,
            70,
            54,
            96,
            49,
            65,
            38,
            86,
            33,
            69,
            37,
            81,
            114,
            165,
            254,
            228,
            362,
            209,
            348,
            321,
            226,
            285,
            191,
            234,
            156,
            258,
            536,
            458,
            416,
            246,
            229,
            299,
            331,
            496,
            567,
            381,
            566,
            375,
            253,
            326,
            189,
            195,
            247,
            204,
            358,
            352,
            279,
            306,
            272,
            445,
            477,
            214,
            220,
            196,
            202,
            406,
            696,
            657,
            701,
            764,
            726,
            710,
            733,
            705,
            619,
            139,
            293,
            1000,
            497,
            484,
            652,
            913,
            573,
            66,
            106,
            593,
            911,
            784,
            594,
            163,
            322,
            107,
            578,
            88,
            709,
            210,
            984,
            1,
            682,
            108,
            155,
            80,
            841,
            478,
            294,
            76,
            183,
            842,
            746,
            683,
            24,
            1021,
            460,
            757,
            144,
            560,
            140,
            721,
            119,
            523,
            242,
            67,
            556,
            509,
            172,
            968,
            182,
            884,
            236,
            987,
            374,
            498,
            853,
            432,
            87,
            7,
            338,
            837,
            716,
            64,
            166,
            980,
            221,
            673,
            732,
            384,
            132,
            742,
            222,
            777,
            25,
            826,
            535,
            939,
            674
        ],
        [
            170,
            37,
            38,
            17,
            108,
            65,
            151,
            92,
            177,
            155,
            19,
            44,
            146,
            139,
            56,
            1,
            88,
            32,
            74,
            253,
            86,
            156,
            332,
            278,
            357,
            215,
            322,
            358,
            242,
            248,
            279,
            381,
            432,
            252,
            216,
            236,
            342,
            305,
            220,
            316,
            262,
            191,
            241,
            195,
            465,
            508,
            561,
            394,
            523,
            414,
            311,
            330,
            247,
            294,
            568,
            478,
            522,
            492,
            380,
            453,
            471,
            705,
            777,
            672,
            646,
            582,
            682,
            637,
            779,
            578,
            524,
            446,
            384,
            406,
            408,
            540,
            529,
            695,
            726,
            132,
            631,
            716,
            320,
            1017,
            427,
            144,
            82,
            476,
            841,
            510,
            70,
            960,
            428,
            62,
            530,
            420,
            1021,
            869,
            134,
            556,
            172,
            905,
            226,
            765,
            995,
            872,
            669,
            504,
            12,
            674,
            1022,
            290,
            656,
            230,
            273,
            914,
            106,
            847,
            980,
            990,
            385,
            93,
            912,
            940,
            641,
            930,
            6,
            69,
            931,
            433,
            120,
            50,
            725,
            975,
            444,
            979,
            152,
            915,
            18,
            401,
            664,
            484,
            783,
            609,
            102,
            927,
            96,
            368,
            197,
            795
        ],
        [
            113,
            82,
            70,
            152,
            32,
            144,
            171,
            55,
            183,
            74,
            1,
            138,
            30,
            191,
            262,
            298,
            316,
            254,
            267,
            198,
            332,
            285,
            196,
            227,
            39,
            68,
            124,
            177,
            120,
            51,
            159,
            311,
            330,
            406,
            394,
            374,
            412,
            290,
            234,
            364,
            210,
            252,
            439,
            524,
            402,
            536,
            554,
            390,
            504,
            490,
            400,
            438,
            562,
            384,
            220,
            357,
            221,
            236,
            561,
            279,
            258,
            413,
            421,
            645,
            720,
            600,
            611,
            709,
            985,
            1022,
            811,
            517,
            923,
            164,
            268,
            208,
            325,
            656,
            240,
            470,
            209,
            518,
            54,
            528,
            714,
            741,
            620,
            550,
            414,
            33,
            731,
            1010,
            356,
            914,
            979,
            973,
            195,
            123,
            132,
            664,
            674,
            150,
            96,
            163,
            49,
            662,
            789,
            216,
            784,
            588,
            416,
            102,
            847,
            936,
            568,
            222,
            23,
            529,
            133,
            432,
            433,
            619,
            732,
            118,
            899,
            895,
            190,
            688,
            358,
            305,
            375,
            975,
            942,
            643,
            45,
            618,
            349,
            61,
            836,
            486,
            503,
            917,
            853,
            572,
            726,
            471,
            911,
            927,
            751,
            631
        ]
    ],
    "goal": [
        [
            651,
            123,
            997,
            874,
            670,
            30,
            848,
            440,
            188,
            476,
            96,
            178,
            320,
            267,
            108,
            567,
            452,
            491,
            352,
            975,
            478,
            887,
            931,
            1,
            953,
            523,
            422,
            904,
            266,
            465,
            344,
            496,
            421,
            614,
            363,
            529,
            624,
            895,
            140,
            458,
            69,
            214,
            568,
            305,
            62,
            343,
            705,
            995,
            689,
            817,
            177,
            974,
            428,
            370,
            752,
            358,
            789,
            620,
            988,
            836,
            248,
            247,
            605,
            368,
            914,
            768,
            598,
            65,
            316,
            796,
            863,
            518,
            6,
            701,
            826,
            803,
            67,
            816,
            835,
            504,
            37,
            742,
            388,
            286,
            989,
            119,
            542,
            1022,
            626,
            101,
            17,
            311,
            587,
            92,
            384,
            318,
            246,
            795,
            594,
            631,
            985,
            725,
            498,
            19,
            300,
            107,
            204,
            114,
            753,
            50,
            731,
            369,
            221,
            964,
            448,
            940,
            12,
            395,
            294,
            911,
            536,
            664,
            777,
            960,
            332,
            922,
            949,
            672,
            747,
            325,
            254,
            280,
            837,
            873,
            720,
            732,
            872,
            338,
            382,
            600,
            336,
            176,
            516,
            348,
            312,
            118,
            517,
            60,
            894,
            841
        ],
        [
            890,
            926,
            657,
            567,
            432,
            459,
            338,
            867,
            700,
            364,
            12,
            293,
            898,
            554,
            624,
            605,
            556,
            701,
            55,
            108,
            145,
            733,
            620,
            859,
            1017,
            258,
            614,
            960,
            727,
            820,
            440,
            132,
            785,
            54,
            353,
            758,
            305,
            445,
            822,
            485,
            195,
            990,
            981,
            863,
            491,
            356,
            841,
            394,
            421,
            905,
            306,
            746,
            548,
            284,
            321,
            670,
            688,
            101,
            763,
            274,
            765,
            400,
            535,
            86,
            464,
            150,
            29,
            566,
            82,
            189,
            376,
            368,
            289,
            959,
            573,
            708,
            929,
            222,
            949,
            144,
            492,
            134,
            773,
            384,
            943,
            803,
            555,
            895,
            618,
            736,
            992,
            252,
            390,
            663,
            318,
            407,
            923,
            598,
            92,
            516,
            242,
            317,
            30,
            460,
            280,
            650,
            254,
            24,
            498,
            652,
            76,
            753,
            230,
            352,
            720,
            453,
            1000,
            198,
            414,
            74,
            267,
            96,
            835,
            236,
            999,
            202,
            542,
            550,
            795,
            325,
            19,
            641,
            869,
            948,
            49,
            240,
            970,
            402,
            331,
            220,
            510,
            689,
            64,
            266,
            311,
            159,
            868,
            954,
            764,
            454
        ],
        [
            102,
            587,
            380,
            12,
            588,
            975,
            936,
            826,
            948,
            486,
            157,
            317,
            321,
            594,
            566,
            298,
            741,
            279,
            888,
            678,
            234,
            82,
            33,
            364,
            926,
            816,
            465,
            853,
            535,
            657,
            43,
            240,
            348,
            1010,
            682,
            929,
            662,
            858,
            554,
            656,
            989,
            561,
            582,
            873,
            159,
            290,
            125,
            498,
            416,
            593,
            568,
            522,
            331,
            695,
            24,
            643,
            817,
            987,
            984,
            274,
            688,
            542,
            221,
            267,
            165,
            497,
            822,
            230,
            947,
            384,
            304,
            973,
            652,
            810,
            286,
            605,
            229,
            67,
            460,
            114,
            960,
            1016,
            927,
            195,
            55,
            426,
            208,
            764,
            177,
            132,
            592,
            573,
            736,
            848,
            1021,
            968,
            804,
            636,
            922,
            940,
            476,
            938,
            363,
            913,
            631,
            581,
            182,
            1005,
            446,
            534,
            953,
            227,
            29,
            445,
            574,
            516,
            305,
            530,
            610,
            906,
            1022,
            235,
            326,
            673,
            202,
            556,
            438,
            252,
            87,
            273,
            964,
            439,
            889,
            374,
            1007,
            869,
            119,
            632,
            242,
            491,
            278,
            827,
            382,
            385,
            344,
            809,
            549,
            572,
            357,
            979
        ],
        [
            222,
            593,
            401,
            573,
            317,
            471,
            510,
            311,
            888,
            747,
            752,
            940,
            694,
            272,
            75,
            25,
            259,
            594,
            605,
            214,
            643,
            727,
            356,
            267,
            777,
            124,
            790,
            592,
            791,
            835,
            203,
            216,
            731,
            453,
            942,
            33,
            556,
            164,
            151,
            916,
            947,
            587,
            631,
            732,
            38,
            879,
            999,
            484,
            696,
            554,
            62,
            516,
            50,
            989,
            779,
            332,
            406,
            113,
            240,
            656,
            364,
            492,
            61,
            178,
            252,
            140,
            953,
            385,
            325,
            600,
            984,
            1006,
            300,
            672,
            783,
            342,
            828,
            102,
            92,
            146,
            221,
            412,
            280,
            381,
            80,
            227,
            822,
            863,
            446,
            991,
            836,
            872,
            210,
            68,
            677,
            74,
            454,
            985,
            344,
            114,
            274,
            498,
            496,
            745,
            921,
            108,
            895,
            268,
            931,
            651,
            803,
            674,
            646,
            891,
            253,
            165,
            195,
            93,
            134,
            913,
            459,
            23,
            517,
            350,
            352,
            247,
            485,
            714,
            683,
            171,
            1007,
            789,
            369,
            515,
            228,
            773,
            927,
            490,
            39,
            742,
            198,
            184,
            293,
            209,
            439,
            125,
            316,
            938,
            704,
            620
        ],
        [
            885,
            937,
            959,
            884,
            689,
            124,
            578,
            736,
            562,
            229,
            478,
            100,
            320,
            580,
            859,
            1021,
            1005,
            87,
            357,
            964,
            1022,
            503,
            936,
            446,
            863,
            19,
            325,
            166,
            102,
            67,
            326,
            498,
            382,
            108,
            316,
            427,
            710,
            204,
            280,
            448,
            670,
            290,
            990,
            816,
            727,
            837,
            246,
            911,
            485,
            700,
            381,
            209,
            842,
            374,
            268,
            566,
            517,
            662,
            191,
            13,
            433,
            900,
            406,
            695,
            652,
            992,
            132,
            310,
            522,
            878,
            422,
            605,
            262,
            253,
            177,
            235,
            930,
            356,
            852,
            24,
            284,
            587,
            452,
            396,
            600,
            663,
            322,
            305,
            783,
            567,
            272,
            524,
            171,
            330,
            714,
            572,
            895,
            968,
            894,
            641,
            247,
            331,
            609,
            657,
            183,
            637,
            530,
            338,
            273,
            592,
            502,
            1000,
            336,
            477,
            350,
            642,
            509,
            146,
            159,
            421,
            93,
            690,
            259,
            92,
            278,
            535,
            752,
            226,
            716,
            416,
            606,
            257,
            745,
            51,
            811,
            18,
            75,
            926,
            484,
            721,
            165,
            344,
            510,
            466,
            753,
            986,
            298,
            579,
            778,
            779
        ]
    ]
}