{
    "name": "75_72",
    "weight": false,
    "n_row": 32,
    "n_col": 32,
    "layout": [
        "@@.@@.@@.@@.@@.@@.@@.@@.@@.@@.@@",
        "@@.@@.@@.@@.@@.@@.@@.@@.@@.@@.@@",
        "@@.@@.@@.@@....@@.@@.@@.@@.@@.@@",
        "@@.@@.@@.@@.@@.@@.@@.@@.@@.@@.@@",
        "@@.@@.@@.@@.@@.@@.@@.@@.@@.@@.@@",
        "@@.@@.@@.@@.@@.@@.@@.@@.@@.@@.@@",
        "@@.@@.@@.@@.@@.@@.@@.@@.@@.@@.@@",
        "@@.@@.@@.@@.@@.@@.@@.@@.@@....@@",
        "@@....@@.@@.@@....@@.@@.@@.@@.@@",
        "@@.@@.@@.@@.@@.@@.......@@.@@.@@",
        "@@.@@.@@.@@.@@.@@.@@.@@.@@.@@.@@",
        "@@.@@....@@.@@.@@.@@.@@.@@.@@.@@",
        "@@.@@.@@.@@.@@.@@.@@.@@.@@.@@.@@",
        "@@.@@.@@.@@.@@.@@.@@.@@.@@.@@.@@",
        "@@.@@.@@.@@.@@.@@.@@.@@.@@.@@.@@",
        "@@.@@.@@.@@.@@.@@.@@.@@.@@.@@.@@",
        "@@.@@.@@.@@.@@.@@.@@.@@.@@.@@.@@",
        "@@.@@.@@.@@.@@.@@.@@.@@.@@.@@.@@",
        "@@.@@.@@.@@.@@.@@.@@.@@.@@.@@.@@",
        "@@.@@.@@.@@.@@.@@.@@.@@.@@.@@.@@",
        "@@.@@.@@.@@.@@.@@.@@.@@.@@.@@.@@",
        "@@.@@.@@.@@.@@.@@.@@.@@.@@.@@.@@",
        "@@.@@.@@.@@.@@.@@.@@.@@.@@.@@.@@",
        "@@.@@.@@....@@.@@.@@.@@.@@.@@.@@",
        "@@.@@.@@.@@.@@.@@.@@.@@.@@.@@.@@",
        "@@.@@.@@.@@.@@.@@.@@.@@.@@.@@.@@",
        "@@.@@.@@.@@.@@.@@.@@.@@....@@.@@",
        "@@.@@.@@.@@.@@.@@.@@.@@.@@.@@.@@",
        "@@.@@.@@.@@.@@.@@.@@.@@.@@.@@.@@",
        "@@.@@.@@.@@.@@.@@.@@.@@.@@.@@.@@",
        "@@.@@.@@.@@.@@.@@.@@.@@.@@.@@.@@",
        "@@@@@@@@@@@@@@@@@@@@@@@@@@@@@@@@"
    ],
    "start": [
        [
            107,
            37,
            90,
            162,
            84,
            2,
            81,
            197,
            145,
            194,
            119,
            14,
            148,
            58,
            98,
            77,
            272,
            346,
            251,
            357,
            226,
            260,
            293,
            349,
            43,
            125,
            110,
            29,
            340,
            331,
            282,
            445,
            430,
            491,
            439,
            410,
            555,
            482,
            247,
            264,
            302,
            314,
            218,
            308,
            459,
            395,
            413,
            581,
            596,
            593,
            366,
            311,
            359,
            258,
            363,
            381,
            273,
            392,
            506,
            532,
            450,
            805,
            471,
            424,
            773,
            939,
            817,
            325,
            20,
            613,
            404,
            977,
            750,
            299,
            814,
            433,
            834,
            203,
            244,
            642,
            753,
            849,
            136,
            846,
            901,
            40,
            317,
            151,
            401,
            913,
            756,
            76,
            485,
            309,
            779,
            808,
            791,
            724,
            113,
            584,
            535,
            360,
            154,
            869,
            221,
            942,
            290,
            695,
            852,
            677,
            514,
            916,
            427,
            389,
            549,
            157,
            209,
            820,
            561,
            546,
            701,
            785,
            279,
            925,
            133,
            986,
            494,
            55,
            267,
            936,
            285,
            229,
            948,
            823,
            570,
            797,
            462,
            503,
            884,
            686,
            599,
            968,
            271,
            418,
            436,
            378,
            526,
            651,
            718,
            709
        ],
        [
            194,
            119,
            72,
            49,
            76,
            148,
            165,
            90,
            110,
            14,
            186,
            34,
            238,
            270,
            293,
            250,
            389,
            226,
            299,
            221,
            113,
            357,
            307,
            273,
            26,
            66,
            174,
            285,
            290,
            314,
            328,
            442,
            541,
            413,
            407,
            602,
            529,
            259,
            235,
            317,
            360,
            468,
            439,
            282,
            363,
            253,
            590,
            465,
            523,
            558,
            456,
            450,
            517,
            564,
            453,
            424,
            884,
            104,
            890,
            418,
            980,
            43,
            593,
            957,
            229,
            746,
            712,
            619,
            142,
            648,
            857,
            168,
            922,
            715,
            701,
            2,
            162,
            846,
            392,
            474,
            750,
            354,
            322,
            872,
            488,
            549,
            814,
            861,
            52,
            244,
            605,
            887,
            680,
            942,
            919,
            677,
            546,
            260,
            570,
            898,
            925,
            968,
            500,
            797,
            139,
            840,
            829,
            261,
            989,
            689,
            11,
            46,
            334,
            78,
            58,
            904,
            276,
            331,
            820,
            309,
            686,
            666,
            901,
            974,
            698,
            573,
            346,
            8,
            462,
            482,
            349,
            514,
            849,
            125,
            945,
            23,
            616,
            535,
            520,
            183,
            75,
            782,
            485,
            706,
            657,
            84,
            279,
            366,
            674,
            753
        ],
        [
            77,
            200,
            151,
            145,
            157,
            20,
            101,
            113,
            189,
            26,
            23,
            186,
            282,
            238,
            372,
            267,
            258,
            251,
            346,
            218,
            357,
            328,
            311,
            75,
            244,
            215,
            276,
            302,
            264,
            272,
            98,
            307,
            270,
            354,
            232,
            494,
            450,
            529,
            506,
            570,
            541,
            308,
            229,
            309,
            306,
            366,
            340,
            759,
            567,
            971,
            136,
            130,
            951,
            721,
            334,
            788,
            110,
            738,
            107,
            424,
            78,
            72,
            389,
            468,
            753,
            52,
            849,
            782,
            965,
            791,
            413,
            948,
            532,
            628,
            453,
            410,
            2,
            154,
            386,
            555,
            564,
            648,
            546,
            404,
            846,
            957,
            259,
            477,
            430,
            901,
            695,
            261,
            689,
            459,
            421,
            171,
            325,
            491,
            709,
            427,
            488,
            314,
            686,
            358,
            916,
            122,
            856,
            890,
            706,
            212,
            779,
            857,
            34,
            651,
            587,
            858,
            797,
            852,
            290,
            221,
            61,
            29,
            785,
            613,
            829,
            322,
            605,
            980,
            837,
            610,
            616,
            40,
            253,
            485,
            642,
            727,
            939,
            549,
            142,
            375,
            904,
            165,
            840,
            418,
            260,
            17,
            500,
            445,
            337,
            811
        ],
        [
            5,
            133,
            37,
            14,
            101,
            104,
            171,
            197,
            203,
            206,
            55,
            136,
            165,
            270,
            357,
            232,
            26,
            93,
            52,
            119,
            125,
            77,
            78,
            346,
            84,
            183,
            40,
            66,
            113,
            381,
            174,
            296,
            212,
            221,
            273,
            360,
            215,
            314,
            369,
            456,
            549,
            450,
            538,
            252,
            317,
            122,
            20,
            497,
            884,
            285,
            485,
            933,
            58,
            541,
            564,
            418,
            442,
            773,
            259,
            744,
            328,
            271,
            75,
            558,
            616,
            306,
            689,
            250,
            29,
            311,
            738,
            267,
            500,
            605,
            753,
            581,
            410,
            337,
            218,
            477,
            922,
            936,
            701,
            520,
            488,
            642,
            334,
            872,
            741,
            954,
            942,
            651,
            386,
            354,
            945,
            852,
            857,
            244,
            189,
            890,
            718,
            971,
            794,
            709,
            235,
            8,
            209,
            238,
            567,
            154,
            590,
            669,
            733,
            279,
            974,
            648,
            378,
            503,
            660,
            116,
            392,
            712,
            840,
            814,
            413,
            907,
            305,
            529,
            610,
            272,
            965,
            634,
            23,
            756,
            322,
            628,
            686,
            343,
            930,
            107,
            983,
            861,
            808,
            788,
            724,
            898,
            253,
            433,
            110,
            631
        ],
        [
            122,
            162,
            119,
            130,
            98,
            90,
            55,
            177,
            52,
            58,
            157,
            37,
            206,
            165,
            29,
            186,
            253,
            375,
            273,
            310,
            261,
            46,
            26,
            2,
            76,
            72,
            75,
            78,
            200,
            49,
            101,
            322,
            308,
            260,
            349,
            232,
            421,
            407,
            439,
            392,
            459,
            570,
            410,
            541,
            468,
            500,
            474,
            427,
            532,
            520,
            523,
            306,
            311,
            229,
            209,
            259,
            378,
            413,
            529,
            241,
            285,
            538,
            491,
            514,
            398,
            401,
            573,
            497,
            509,
            770,
            817,
            954,
            276,
            494,
            930,
            11,
            151,
            610,
            686,
            744,
            453,
            910,
            983,
            23,
            666,
            936,
            677,
            87,
            663,
            34,
            84,
            794,
            168,
            363,
            40,
            587,
            829,
            549,
            869,
            856,
            715,
            485,
            599,
            922,
            613,
            849,
            901,
            139,
            307,
            395,
            971,
            648,
            756,
            890,
            433,
            113,
            605,
            913,
            450,
            331,
            843,
            238,
            215,
            506,
            290,
            154,
            878,
            546,
            986,
            846,
            989,
            855,
            968,
            692,
            61,
            753,
            925,
            645,
            337,
            746,
            965,
            881,
            418,
            503,
            788,
            264,
            325,
            701,
            482,
            811
        ]
    ],
    "goal": [
        [
            765,
            494,
            622,
            285,
            989,
            785,
            805,
            241,
            642,
            733,
            904,
            314,
            552,
            267,
            756,
            162,
            58,
            744,
            206,
            49,
            310,
            465,
            663,
            648,
            933,
            808,
            197,
            590,
            546,
            852,
            462,
            17,
            453,
            61,
            581,
            578,
            802,
            596,
            898,
            11,
            104,
            741,
            709,
            386,
            980,
            130,
            328,
            436,
            93,
            282,
            122,
            189,
            55,
            110,
            773,
            491,
            157,
            250,
            532,
            541,
            727,
            858,
            259,
            628,
            272,
            375,
            247,
            251,
            788,
            119,
            613,
            410,
            180,
            226,
            666,
            485,
            910,
            413,
            698,
            317,
            834,
            820,
            302,
            151,
            884,
            244,
            930,
            916,
            936,
            869,
            46,
            471,
            235,
            776,
            5,
            686,
            76,
            430,
            855,
            529,
            331,
            401,
            695,
            616,
            654,
            881,
            637,
            72,
            856,
            113,
            404,
            677,
            602,
            171,
            343,
            2,
            840,
            962,
            770,
            474,
            922,
            746,
            651,
            218,
            215,
            817,
            925,
            712,
            584,
            334,
            872,
            20,
            154,
            846,
            567,
            357,
            264,
            136,
            381,
            456,
            657,
            701,
            829,
            893,
            823,
            459,
            293,
            78,
            468,
            706
        ],
        [
            413,
            392,
            247,
            584,
            442,
            260,
            29,
            209,
            698,
            677,
            788,
            206,
            424,
            925,
            139,
            354,
            846,
            957,
            805,
            66,
            907,
            695,
            133,
            445,
            273,
            724,
            933,
            628,
            215,
            500,
            23,
            715,
            709,
            965,
            450,
            814,
            154,
            11,
            93,
            398,
            14,
            701,
            843,
            37,
            910,
            913,
            856,
            770,
            733,
            986,
            765,
            372,
            753,
            322,
            849,
            890,
            634,
            974,
            418,
            407,
            282,
            971,
            410,
            142,
            267,
            145,
            526,
            674,
            471,
            535,
            482,
            741,
            561,
            951,
            712,
            427,
            251,
            660,
            564,
            802,
            346,
            52,
            744,
            453,
            81,
            866,
            491,
            878,
            939,
            541,
            2,
            17,
            916,
            314,
            75,
            578,
            613,
            901,
            395,
            616,
            808,
            782,
            40,
            148,
            645,
            306,
            258,
            669,
            747,
            197,
            532,
            922,
            189,
            837,
            238,
            343,
            989,
            686,
            745,
            200,
            834,
            302,
            875,
            20,
            433,
            855,
            468,
            887,
            168,
            456,
            858,
            648,
            651,
            49,
            488,
            358,
            436,
            692,
            110,
            945,
            226,
            386,
            570,
            567,
            221,
            773,
            107,
            983,
            840,
            311
        ],
        [
            538,
            171,
            258,
            259,
            517,
            765,
            125,
            744,
            657,
            270,
            872,
            11,
            78,
            104,
            642,
            346,
            349,
            884,
            773,
            468,
            733,
            631,
            770,
            34,
            218,
            584,
            709,
            546,
            634,
            293,
            913,
            260,
            898,
            253,
            692,
            613,
            276,
            837,
            660,
            977,
            306,
            971,
            271,
            875,
            514,
            648,
            573,
            904,
            561,
            866,
            901,
            756,
            314,
            358,
            887,
            805,
            916,
            759,
            378,
            849,
            581,
            637,
            116,
            445,
            197,
            587,
            494,
            55,
            311,
            145,
            363,
            5,
            974,
            203,
            206,
            229,
            669,
            500,
            820,
            334,
            130,
            526,
            730,
            474,
            741,
            90,
            951,
            107,
            855,
            366,
            235,
            776,
            686,
            881,
            747,
            890,
            829,
            791,
            939,
            168,
            430,
            922,
            40,
            77,
            8,
            273,
            817,
            421,
            465,
            677,
            357,
            72,
            605,
            66,
            442,
            925,
            165,
            555,
            715,
            328,
            290,
            738,
            37,
            282,
            919,
            23,
            488,
            485,
            558,
            398,
            930,
            718,
            529,
            247,
            616,
            189,
            174,
            407,
            58,
            753,
            113,
            846,
            413,
            933,
            84,
            689,
            683,
            20,
            983,
            81
        ],
        [
            299,
            375,
            305,
            741,
            622,
            727,
            797,
            957,
            136,
            261,
            939,
            980,
            148,
            936,
            881,
            733,
            162,
            259,
            715,
            706,
            271,
            101,
            477,
            116,
            968,
            829,
            567,
            820,
            578,
            552,
            40,
            302,
            514,
            49,
            98,
            989,
            637,
            110,
            834,
            209,
            285,
            628,
            77,
            558,
            206,
            692,
            782,
            251,
            849,
            794,
            907,
            954,
            596,
            738,
            951,
            916,
            142,
            183,
            846,
            910,
            76,
            986,
            424,
            293,
            802,
            805,
            119,
            407,
            226,
            75,
            462,
            37,
            72,
            232,
            354,
            84,
            791,
            125,
            343,
            260,
            526,
            837,
            689,
            852,
            145,
            267,
            840,
            922,
            745,
            5,
            151,
            430,
            718,
            252,
            20,
            584,
            369,
            890,
            404,
            253,
            456,
            500,
            901,
            465,
            401,
            861,
            506,
            605,
            174,
            69,
            631,
            785,
            247,
            893,
            485,
            570,
            340,
            642,
            680,
            942,
            587,
            730,
            660,
            561,
            759,
            439,
            359,
            503,
            453,
            491,
            52,
            613,
            645,
            616,
            43,
            459,
            770,
            602,
            965,
            17,
            442,
            878,
            107,
            58,
            282,
            721,
            363,
            814,
            328,
            81
        ],
        [
            328,
            279,
            200,
            462,
            238,
            271,
            290,
            773,
            410,
            677,
            820,
            445,
            260,
            250,
            177,
            977,
            235,
            741,
            392,
            258,
            212,
            578,
            456,
            628,
            357,
            154,
            698,
            296,
            110,
            349,
            209,
            148,
            834,
            366,
            197,
            477,
            925,
            765,
            232,
            142,
            861,
            881,
            272,
            482,
            805,
            869,
            584,
            418,
            907,
            782,
            514,
            933,
            157,
            189,
            674,
            116,
            974,
            101,
            616,
            738,
            654,
            398,
            689,
            494,
            72,
            360,
            808,
            936,
            334,
            439,
            314,
            26,
            485,
            104,
            709,
            500,
            363,
            980,
            77,
            770,
            814,
            858,
            852,
            759,
            325,
            945,
            14,
            645,
            596,
            180,
            381,
            797,
            930,
            613,
            648,
            962,
            171,
            872,
            817,
            252,
            762,
            642,
            744,
            776,
            840,
            8,
            541,
            5,
            264,
            358,
            307,
            2,
            488,
            904,
            939,
            986,
            136,
            413,
            215,
            337,
            887,
            692,
            666,
            421,
            948,
            359,
            593,
            168,
            866,
            951,
            567,
            253,
            532,
            43,
            564,
            78,
            599,
            570,
            538,
            20,
            346,
            55,
            46,
            680,
            954,
            610,
            587,
            695,
            884,
            226
        ]
    ]
}