{
    "name": "0_79",
    "weight": false,
    "n_row": 32,
    "n_col": 32,
    "layout": [
        ".@.@.......@...@.....@@@...@....",
        "....@.@.@...@.@...@.@.@...@.@.@.",
        ".@.@...@.@.@@..@.@...........@..",
        "@...@.@.........@.@.@..@.@......",
        "...@...@.@...@.@...@....@.@.@.@.",
        "@.@.@...@...@...@....@.....@....",
        ".....@.@.@.@.@.@...@..@.@.@.@.@.",
        "@.@.......@.....@.@..@@..@...@..",
        "...@.@.@...@.@...@..@.@.@.@.@.@.",
        "@...@...@.@...@.@.@....@........",
        ".@.@.@.@...@.@.@....@.@.@.@.@.@.",
        "........@.@.@...@..@.@...@...@..",
        "@.@.@..@.@.....@........@.@.@.@.",
        ".....@......@.@.@..@.@.@...@....",
        "..@.@.@@.@.@......@.......@.@.@.",
        ".@.....@@...@....@...@.@.@...@..",
        "@...@.@.@@.@....@.@...@...@.@.@.",
        ".@.@......@..@.@...@.@.@.@......",
        "..@...@.@.@.@.....@.@...@...@.@.",
        ".@.@.@...@...@.@.@...@...@.@....",
        "....@.@.@.@.@.@...@.....@@@.@.@.",
        "...@.......@...@...@...@.@...@..",
        "..@.@.@.@...@.@.@.....@...@.@.@.",
        ".....@...@.........@.@.@........",
        "@.@.@.@.@.@.@.@.@.@.@...@.@.@.@.",
        "...@...@.....@..@@.....@...@.@..",
        "@.@...@.@.@.@.@.@...@.@.@.@...@.",
        "...@.....@.......@.@.....@.@.@..",
        "@.....@.@...@.@.@...@.@.@.....@.",
        "...@.@...@.@...@...@...@...@.@..",
        "@.@.@.@.@.@.@.@.@.@.@.@.@.@.@.@.",
        "................................"
    ],
    "start": [
        [
            117,
            17,
            95,
            69,
            186,
            184,
            64,
            167,
            107,
            16,
            108,
            250,
            264,
            241,
            334,
            301,
            320,
            217,
            382,
            219,
            204,
            468,
            608,
            640,
            744,
            777,
            783,
            645,
            702,
            804,
            722,
            1005,
            1001,
            884,
            993,
            941,
            894,
            935,
            987,
            999,
            1015,
            66,
            967,
            822,
            821,
            994,
            850,
            961,
            913,
            51
        ],
        [
            98,
            33,
            186,
            10,
            90,
            56,
            146,
            2,
            66,
            177,
            25,
            328,
            295,
            301,
            191,
            248,
            213,
            227,
            290,
            225,
            235,
            511,
            400,
            402,
            436,
            447,
            438,
            536,
            510,
            555,
            418,
            694,
            795,
            733,
            787,
            705,
            667,
            677,
            661,
            750,
            769,
            921,
            909,
            1019,
            950,
            894,
            995,
            1022,
            967,
            975
        ],
        [
            12,
            6,
            47,
            70,
            111,
            57,
            169,
            136,
            24,
            130,
            309,
            465,
            490,
            425,
            444,
            614,
            592,
            564,
            532,
            446,
            536,
            818,
            787,
            775,
            685,
            714,
            636,
            682,
            766,
            649,
            662,
            849,
            989,
            870,
            944,
            956,
            765,
            771,
            642,
            946,
            981,
            163,
            148,
            125,
            88,
            19,
            51,
            161,
            894,
            911
        ],
        [
            12,
            97,
            61,
            39,
            14,
            85,
            150,
            90,
            125,
            4,
            37,
            310,
            254,
            206,
            241,
            275,
            230,
            274,
            208,
            294,
            239,
            411,
            536,
            566,
            415,
            406,
            484,
            490,
            418,
            672,
            808,
            843,
            942,
            965,
            839,
            707,
            639,
            698,
            758,
            806,
            814,
            998,
            907,
            853,
            994,
            104,
            138,
            32,
            84,
            888
        ],
        [
            74,
            128,
            57,
            139,
            126,
            77,
            63,
            20,
            146,
            32,
            151,
            367,
            208,
            290,
            312,
            221,
            230,
            300,
            531,
            507,
            401,
            766,
            729,
            791,
            634,
            767,
            737,
            707,
            643,
            678,
            693,
            944,
            996,
            932,
            874,
            954,
            967,
            1020,
            938,
            898,
            864,
            185,
            155,
            25,
            30,
            110,
            136,
            0,
            10,
            175
        ]
    ],
    "goal": [
        [
            1008,
            74,
            700,
            189,
            506,
            270,
            473,
            400,
            277,
            994,
            290,
            113,
            641,
            359,
            865,
            836,
            961,
            285,
            875,
            32,
            95,
            97,
            615,
            1021,
            215,
            643,
            163,
            950,
            869,
            196,
            543,
            209,
            484,
            620,
            444,
            533,
            751,
            294,
            663,
            662,
            422,
            698,
            190,
            25,
            232,
            502,
            328,
            486,
            395,
            753
        ],
        [
            12,
            973,
            961,
            771,
            108,
            765,
            783,
            645,
            767,
            954,
            504,
            53,
            127,
            536,
            418,
            593,
            877,
            313,
            477,
            760,
            415,
            560,
            914,
            484,
            865,
            34,
            805,
            583,
            308,
            88,
            861,
            674,
            489,
            630,
            704,
            758,
            389,
            573,
            301,
            822,
            841,
            382,
            118,
            170,
            66,
            441,
            480,
            24,
            307,
            533
        ],
        [
            192,
            735,
            494,
            440,
            84,
            880,
            210,
            367,
            590,
            751,
            969,
            351,
            808,
            997,
            12,
            5,
            917,
            660,
            676,
            911,
            453,
            801,
            134,
            177,
            636,
            87,
            789,
            219,
            133,
            274,
            733,
            233,
            397,
            55,
            183,
            762,
            434,
            754,
            1018,
            145,
            347,
            659,
            690,
            235,
            642,
            140,
            41,
            529,
            504,
            764
        ],
        [
            420,
            315,
            736,
            49,
            84,
            711,
            907,
            743,
            204,
            884,
            942,
            952,
            747,
            895,
            727,
            866,
            63,
            293,
            642,
            771,
            590,
            750,
            876,
            206,
            548,
            196,
            379,
            779,
            87,
            163,
            919,
            765,
            144,
            756,
            24,
            394,
            212,
            969,
            583,
            422,
            339,
            402,
            956,
            519,
            489,
            651,
            777,
            413,
            35,
            8
        ],
        [
            864,
            762,
            748,
            337,
            903,
            851,
            361,
            9,
            761,
            843,
            667,
            319,
            28,
            907,
            841,
            78,
            948,
            506,
            612,
            928,
            888,
            47,
            406,
            105,
            324,
            238,
            486,
            59,
            97,
            287,
            485,
            555,
            146,
            94,
            446,
            370,
            55,
            568,
            349,
            35,
            175,
            1020,
            981,
            799,
            77,
            694,
            702,
            339,
            144,
            151
        ]
    ],
    "std_bc": 0.0014375199805520785,
    "times_no_solution_EECBS": [
        1.634457,
        0.576787,
        0.573723,
        1.073081,
        0.975282
    ],
    "times_no_solution_PBS": [
        18.248333,
        20.060329,
        2.713711,
        6.704728,
        20.024697
    ]
}