{
    "name": "34_44",
    "weight": false,
    "n_row": 32,
    "n_col": 32,
    "layout": [
        "...............................@",
        ".@.@.@.@.@.@.@.@.@.@.@.@.@.@.@.@",
        ".@.@.@.@.@.@.@.@.@.@.@.@.@.@.@.@",
        ".@.@.@.@.@.@.@.@.@.@.@.@.@.@.@.@",
        ".@.@.@.@.@.@.@.@.@.@.@.@.@.@.@.@",
        ".@.@.@.@.@.@.@.@.@.@.@.@.@.@.@.@",
        ".@.@.@.@.@.@.@.@.@.@.@.@.@.@.@.@",
        ".@.@.@.@.@.@.@.@.@.@.@.@.@.@.@.@",
        ".@.@.@.@.@.@.@.@.@.@.@.@.@.@.@.@",
        ".@.@.@.@.@.@.@.@.@.@.@.@.@.@.@.@",
        ".@.@.@.@.@.@.@.@.@.@.@.@.@.@.@.@",
        ".@.@.@.@.@.@.@.@.@.@.@.@.@.@.@.@",
        ".@.@.@.@.@.@.@.@.@.@.@.@.@.@.@.@",
        ".@.@.@.@.@.@.@.@.@.@.@.@.@.@.@.@",
        ".@.@.@.@.@.@.@.@.@.@.@.@.@.@.@.@",
        ".@.@.@.@.@.@.@.@.@.@.@.@.@.@.@.@",
        ".@.@.@.@.@.@.@.@.@.@.@.@.@.@.@.@",
        ".@.@.@.@.@.@.@.@.@.@.@.@.@.@.@.@",
        ".@.@.@.@.@.@.@.@.@.@.@.@.@.@.@.@",
        ".@.@.@.@.@.@.@.@.@.@.@.@.@.@.@.@",
        ".@.@.@.@.@.@.@.@.@.@.@.@.@.@.@.@",
        ".@.@.@.@.@.@.@.@.@.@.@.@.@.@.@.@",
        ".@.@.@.@.@.@.@.@.@.@.@.@.@.@.@.@",
        ".@.@.@.@.@.@.@.@.@.@.@.@.@.@.@.@",
        ".@.@.@.@.@.@.@.@.@.@.@.@.@.@.@.@",
        ".@.@.@.@.@.@.@.@.@.@.@.@.@.@.@.@",
        ".@.@.@.@.@.@.@.@.@.@.@.@.@.@.@.@",
        ".@.@.@.@.@.@.@.@.@.@.@.@.@.@.@.@",
        ".@.@.@.@.@.@.@.@.@.@.@.@.@.@.@.@",
        ".@.@.@.@.@.@.@.@.@.@.@.@.@.@.@.@",
        ".@.@.@.@.@.@.@.@.@.@.@.@.@.@.@.@",
        "...............................@"
    ],
    "start": [
        [
            15,
            124,
            12,
            46,
            32,
            170,
            38,
            172,
            25,
            20,
            122,
            258,
            316,
            300,
            276,
            228,
            302,
            410,
            332,
            260,
            466,
            738,
            674,
            752,
            720,
            744,
            724,
            648,
            706,
            430,
            488,
            766,
            764,
            678,
            692,
            812,
            670,
            740,
            934,
            876,
            862,
            822,
            852,
            834,
            200,
            118,
            10,
            70,
            7,
            22
        ],
        [
            194,
            30,
            62,
            138,
            180,
            168,
            4,
            3,
            32,
            162,
            130,
            394,
            204,
            228,
            244,
            342,
            240,
            260,
            376,
            326,
            406,
            540,
            432,
            472,
            568,
            488,
            416,
            500,
            456,
            564,
            502,
            728,
            752,
            740,
            644,
            766,
            702,
            704,
            622,
            995,
            866,
            78,
            60,
            9,
            980,
            864,
            848,
            1015,
            1001,
            838
        ],
        [
            190,
            168,
            90,
            170,
            108,
            22,
            152,
            164,
            82,
            64,
            7,
            262,
            212,
            214,
            268,
            316,
            328,
            204,
            248,
            370,
            352,
            494,
            598,
            460,
            594,
            424,
            632,
            752,
            742,
            618,
            644,
            1002,
            958,
            938,
            848,
            988,
            852,
            904,
            892,
            896,
            868,
            62,
            94,
            3,
            46,
            196,
            148,
            866,
            926,
            862
        ],
        [
            104,
            62,
            94,
            92,
            32,
            50,
            82,
            150,
            120,
            182,
            152,
            258,
            290,
            240,
            340,
            378,
            278,
            276,
            304,
            216,
            386,
            500,
            600,
            566,
            412,
            530,
            710,
            696,
            808,
            742,
            618,
            844,
            922,
            1006,
            998,
            1000,
            884,
            993,
            854,
            874,
            918,
            98,
            912,
            968,
            1010,
            26,
            68,
            21,
            198,
            926
        ],
        [
            156,
            48,
            25,
            92,
            19,
            60,
            24,
            22,
            154,
            186,
            130,
            372,
            318,
            334,
            402,
            292,
            224,
            206,
            312,
            386,
            314,
            432,
            518,
            500,
            410,
            452,
            470,
            496,
            516,
            512,
            552,
            624,
            672,
            634,
            782,
            694,
            640,
            654,
            644,
            704,
            614,
            858,
            898,
            914,
            972,
            854,
            1002,
            822,
            993,
            852
        ]
    ],
    "goal": [
        [
            258,
            554,
            1007,
            668,
            864,
            620,
            428,
            100,
            848,
            995,
            36,
            644,
            528,
            222,
            914,
            928,
            702,
            246,
            1019,
            248,
            628,
            796,
            912,
            384,
            458,
            44,
            56,
            368,
            688,
            898,
            182,
            916,
            596,
            446,
            824,
            630,
            14,
            152,
            474,
            1016,
            494,
            130,
            296,
            984,
            710,
            830,
            804,
            82,
            1010,
            732
        ],
        [
            916,
            66,
            472,
            338,
            580,
            276,
            680,
            310,
            636,
            924,
            710,
            26,
            656,
            392,
            544,
            650,
            600,
            800,
            652,
            995,
            476,
            182,
            872,
            242,
            528,
            432,
            12,
            962,
            496,
            162,
            44,
            58,
            812,
            228,
            560,
            842,
            626,
            1020,
            72,
            466,
            384,
            530,
            570,
            460,
            296,
            666,
            234,
            380,
            356,
            852
        ],
        [
            362,
            654,
            580,
            920,
            784,
            544,
            516,
            762,
            870,
            748,
            728,
            694,
            206,
            798,
            960,
            906,
            1007,
            400,
            428,
            536,
            1004,
            190,
            248,
            888,
            336,
            700,
            962,
            310,
            424,
            176,
            112,
            476,
            396,
            736,
            502,
            614,
            64,
            724,
            684,
            420,
            20,
            142,
            492,
            944,
            778,
            478,
            780,
            214,
            356,
            120
        ],
        [
            492,
            844,
            662,
            750,
            404,
            714,
            464,
            728,
            748,
            292,
            542,
            150,
            734,
            308,
            72,
            766,
            994,
            834,
            982,
            1011,
            458,
            602,
            580,
            136,
            944,
            856,
            84,
            614,
            1017,
            318,
            240,
            682,
            312,
            244,
            442,
            818,
            646,
            756,
            556,
            858,
            402,
            172,
            600,
            106,
            222,
            694,
            254,
            228,
            19,
            5
        ],
        [
            956,
            680,
            648,
            614,
            346,
            274,
            950,
            706,
            984,
            962,
            1007,
            726,
            624,
            882,
            286,
            198,
            112,
            902,
            524,
            396,
            748,
            906,
            40,
            156,
            876,
            472,
            718,
            296,
            282,
            210,
            886,
            256,
            824,
            816,
            2,
            668,
            880,
            186,
            922,
            710,
            208,
            29,
            516,
            298,
            514,
            236,
            12,
            612,
            32,
            360
        ]
    ],
    "std_bc": 0.00040441847189551174,
    "times_no_solution_EECBS": [
        20.000221,
        20.00127,
        20.000969,
        20.000326,
        20.002956
    ],
    "times_no_solution_PBS": [
        2.600233,
        1.901847,
        20.19857,
        20.016394,
        1.743879
    ]
}