{
    "name": "6_30",
    "weight": false,
    "n_row": 32,
    "n_col": 32,
    "layout": [
        "................................",
        "@@@@@@@@@@@@@@@@@@@@@@@@@@@@@@..",
        "................................",
        "@@@@@@@@@@@@@@@@@@@@@@@@@@@@@...",
        "................................",
        "@@@@@@@@@@@@@@@@@@@@@@@@@@@@....",
        "................................",
        "@@@@@@@@@@@@@@@@@@@@@@@@@@@.....",
        "................................",
        "@@@@@@@@@@@@@@@@@@@@@@@@@@......",
        "................................",
        "@@@@@@@@@@@@@@@@@@@@@@@@@.......",
        "................................",
        "@@@@@@@@@@@@@@@@@@@@@@@@........",
        "................................",
        "@@@@@@@@@@@@@@@@@@@@@@@.........",
        "................................",
        ".@@@@@@@@@@@@@@@@@@@@@..........",
        "................................",
        "@@@@@@@@@@@@@@@@@@@@@...........",
        "................................",
        ".@@@@@@@@@@@@@@@@@@@............",
        "................................",
        "@.@@@@@@@@@@@@@@@@@.............",
        "................................",
        ".@.@@@@@@@@@@@@@@@..............",
        "................................",
        "..@.@@@@@@@@@@@@@...............",
        "................................",
        "...@.@@@@@@@@@@.................",
        "................................",
        "....@@@@@@@.@..................."
    ],
    "start": [
        [
            2,
            4,
            13,
            89,
            92,
            94,
            28,
            152,
            88,
            131,
            145,
            205,
            195,
            191,
            266,
            215,
            281,
            399,
            470,
            578,
            517,
            836,
            787,
            732,
            715,
            730,
            768,
            708,
            764,
            773,
            775,
            850,
            885,
            714,
            645,
            638,
            720,
            777,
            757,
            724,
            786,
            1017,
            971,
            894,
            953,
            859,
            67,
            147,
            64,
            86
        ],
        [
            87,
            145,
            70,
            10,
            23,
            137,
            66,
            2,
            129,
            72,
            74,
            338,
            335,
            281,
            324,
            284,
            328,
            210,
            326,
            257,
            348,
            390,
            572,
            460,
            454,
            394,
            412,
            464,
            538,
            506,
            532,
            840,
            651,
            835,
            704,
            800,
            642,
            726,
            646,
            777,
            823,
            845,
            903,
            1022,
            889,
            149,
            84,
            12,
            952,
            959
        ],
        [
            24,
            12,
            73,
            133,
            136,
            3,
            17,
            26,
            148,
            156,
            155,
            348,
            277,
            330,
            385,
            271,
            203,
            322,
            332,
            220,
            458,
            640,
            605,
            700,
            776,
            706,
            656,
            662,
            831,
            653,
            634,
            926,
            989,
            865,
            952,
            863,
            894,
            963,
            888,
            847,
            966,
            20,
            78,
            16,
            75,
            1,
            1012,
            844,
            994,
            858
        ],
        [
            81,
            8,
            31,
            83,
            69,
            63,
            154,
            74,
            130,
            76,
            139,
            350,
            196,
            269,
            195,
            342,
            320,
            192,
            251,
            201,
            191,
            396,
            573,
            577,
            403,
            521,
            587,
            449,
            459,
            644,
            828,
            846,
            994,
            735,
            798,
            642,
            794,
            708,
            832,
            652,
            761,
            848,
            853,
            962,
            986,
            1006,
            859,
            1022,
            856,
            985
        ],
        [
            18,
            80,
            74,
            11,
            139,
            92,
            1,
            128,
            10,
            72,
            70,
            273,
            259,
            256,
            199,
            196,
            461,
            580,
            510,
            522,
            449,
            706,
            835,
            726,
            670,
            638,
            839,
            775,
            787,
            774,
            651,
            952,
            887,
            886,
            909,
            897,
            977,
            896,
            993,
            1020,
            1013,
            8,
            905,
            25,
            13,
            3,
            82,
            145,
            6,
            143
        ]
    ],
    "goal": [
        [
            77,
            574,
            1019,
            702,
            595,
            461,
            953,
            658,
            795,
            585,
            12,
            143,
            946,
            450,
            927,
            655,
            129,
            91,
            3,
            214,
            764,
            257,
            142,
            395,
            577,
            31,
            476,
            447,
            386,
            926,
            253,
            221,
            195,
            261,
            89,
            901,
            95,
            321,
            351,
            145,
            271,
            737,
            731,
            144,
            210,
            400,
            789,
            800,
            837,
            786
        ],
        [
            826,
            641,
            518,
            593,
            893,
            845,
            984,
            62,
            73,
            393,
            351,
            262,
            850,
            962,
            213,
            777,
            68,
            398,
            733,
            629,
            134,
            660,
            387,
            339,
            915,
            268,
            578,
            1005,
            195,
            146,
            14,
            516,
            958,
            267,
            276,
            63,
            91,
            254,
            159,
            397,
            155,
            607,
            26,
            22,
            149,
            448,
            131,
            447,
            137,
            140
        ],
        [
            954,
            88,
            400,
            508,
            201,
            395,
            854,
            401,
            836,
            976,
            776,
            579,
            21,
            142,
            734,
            520,
            523,
            890,
            642,
            896,
            795,
            4,
            930,
            137,
            895,
            189,
            80,
            932,
            12,
            403,
            141,
            465,
            320,
            921,
            6,
            459,
            9,
            415,
            126,
            274,
            267,
            892,
            383,
            972,
            913,
            770,
            479,
            377,
            475,
            93
        ],
        [
            925,
            899,
            1023,
            973,
            272,
            270,
            839,
            273,
            539,
            903,
            90,
            68,
            720,
            982,
            8,
            519,
            522,
            769,
            71,
            405,
            654,
            335,
            451,
            378,
            863,
            919,
            198,
            943,
            333,
            910,
            151,
            381,
            1021,
            262,
            131,
            259,
            193,
            927,
            983,
            322,
            210,
            148,
            516,
            466,
            932,
            638,
            136,
            326,
            398,
            287
        ],
        [
            333,
            463,
            454,
            640,
            447,
            896,
            695,
            718,
            973,
            830,
            413,
            88,
            862,
            791,
            961,
            146,
            909,
            838,
            325,
            12,
            319,
            388,
            207,
            148,
            140,
            394,
            442,
            393,
            196,
            190,
            322,
            220,
            213,
            515,
            194,
            72,
            508,
            203,
            528,
            95,
            216,
            535,
            735,
            649,
            635,
            990,
            779,
            893,
            1011,
            5
        ]
    ],
    "std_bc": 0.0004796885464173791,
    "times_no_solution_EECBS": [
        6.984357,
        20.012289,
        20.043382,
        11.374971,
        20.002464
    ],
    "times_no_solution_PBS": [
        0.611033,
        0.438724,
        1.900987,
        1.635667,
        0.820334
    ]
}