{
    "name": "6_32",
    "weight": false,
    "n_row": 32,
    "n_col": 32,
    "layout": [
        ".@..@..@..@..@..@..@..@..@..@..@",
        "....@..@..@..@..@..@.....@..@..@",
        ".@..@..@..@..@..@..@..@.....@..@",
        ".@..@..@..@..@..@..@..@..@..@..@",
        ".@.....@..@..@..@..@..@..@..@..@",
        ".@..@.....@.....@..@..@..@..@..@",
        ".@..@..@..@..@..@..@..@..@..@..@",
        ".@..@..@..@..@..@..@..@..@..@..@",
        ".@..@..@..@..@..@..@..@..@..@..@",
        ".@..@..@..@..@..@..@..@..@..@..@",
        ".@..@..@..@..@..@..@..@..@..@..@",
        ".@..@..@..@..@..@..@..@..@..@..@",
        ".@..@..@..@..@..@..@..@..@..@..@",
        ".@..@..@..@..@..@..@..@..@..@..@",
        ".@..@..@..@..@..@.....@..@..@..@",
        ".@..@..@.....@..@..@..@..@..@..@",
        ".@..@..@..@..@..@..@..@..@.....@",
        ".@..@..@..@..@..@..@..@..@..@..@",
        ".@..@..@..@..@..@..@..@..@..@..@",
        ".@..@..@..@..@..@..@..@..@..@..@",
        ".@..@..@..@..@..@..@..@..@..@..@",
        ".@..@..@..@..@..@..@..@..@..@..@",
        ".@..@..@..@..@..@..@..@..@..@..@",
        ".@..@..@..@..@.....@..@..@..@..@",
        ".@..@..@..@..@..@..@..@..@..@..@",
        ".@..@..@..@..@..@..@..@..@..@..@",
        ".@..@..@..@..@..@..@..@..@..@..@",
        ".@..@..@..@..@..@..@..@..@..@..@",
        ".@..@..@..@..@..@..@..@..@..@..@",
        ".@..@..@..@..@..@..@..@..@..@..@",
        ".@..@..@..@..@..@..@..@..@..@..@",
        ".@..@..@..@..@..@..@..@..@..@..@"
    ],
    "start": [
        [
            142,
            12,
            34,
            24,
            93,
            23,
            198,
            82,
            222,
            59,
            88,
            392,
            262,
            367,
            293,
            291,
            399,
            408,
            248,
            244,
            312,
            587,
            645,
            651,
            625,
            654,
            482,
            561,
            500,
            564,
            553,
            722,
            692,
            823,
            752,
            812,
            834,
            751,
            655,
            666,
            730,
            859,
            890,
            936,
            1016,
            171,
            5,
            984,
            987,
            1021
        ],
        [
            120,
            177,
            33,
            218,
            99,
            11,
            157,
            96,
            93,
            201,
            78,
            296,
            352,
            381,
            338,
            375,
            320,
            442,
            393,
            523,
            567,
            695,
            820,
            739,
            704,
            773,
            699,
            834,
            719,
            734,
            795,
            887,
            966,
            931,
            1018,
            847,
            940,
            850,
            684,
            803,
            709,
            894,
            934,
            962,
            945,
            971,
            978,
            905,
            987,
            870
        ],
        [
            110,
            64,
            29,
            171,
            73,
            192,
            24,
            207,
            27,
            218,
            381,
            446,
            279,
            274,
            334,
            328,
            254,
            329,
            297,
            286,
            227,
            638,
            475,
            579,
            596,
            510,
            606,
            603,
            570,
            834,
            802,
            878,
            890,
            949,
            1000,
            707,
            686,
            702,
            757,
            829,
            919,
            987,
            998,
            933,
            856,
            960,
            887,
            79,
            844,
            882
        ],
        [
            157,
            158,
            119,
            50,
            222,
            96,
            27,
            105,
            47,
            169,
            152,
            256,
            370,
            230,
            280,
            354,
            250,
            360,
            517,
            581,
            602,
            812,
            745,
            696,
            832,
            693,
            742,
            791,
            809,
            830,
            806,
            869,
            1021,
            989,
            879,
            948,
            855,
            936,
            922,
            1022,
            798,
            962,
            1016,
            949,
            910,
            902,
            926,
            61,
            201,
            190
        ],
        [
            166,
            69,
            72,
            50,
            203,
            52,
            37,
            62,
            140,
            98,
            222,
            477,
            579,
            533,
            574,
            468,
            469,
            556,
            614,
            645,
            474,
            808,
            798,
            789,
            693,
            829,
            675,
            826,
            840,
            794,
            620,
            681,
            730,
            738,
            797,
            725,
            806,
            765,
            684,
            824,
            785,
            881,
            899,
            945,
            873,
            954,
            980,
            994,
            981,
            916
        ]
    ],
    "goal": [
        [
            506,
            157,
            350,
            483,
            651,
            974,
            693,
            875,
            241,
            268,
            709,
            500,
            154,
            358,
            123,
            213,
            578,
            716,
            142,
            1021,
            864,
            593,
            565,
            672,
            512,
            201,
            957,
            640,
            925,
            547,
            689,
            890,
            579,
            108,
            856,
            282,
            532,
            29,
            503,
            168,
            67,
            486,
            236,
            84,
            971,
            663,
            54,
            730,
            8,
            919
        ],
        [
            424,
            616,
            824,
            40,
            989,
            183,
            79,
            875,
            971,
            379,
            148,
            180,
            805,
            972,
            986,
            869,
            29,
            678,
            177,
            702,
            827,
            844,
            69,
            878,
            49,
            954,
            320,
            701,
            134,
            841,
            646,
            271,
            751,
            1001,
            168,
            132,
            983,
            766,
            963,
            981,
            949,
            752,
            585,
            872,
            712,
            704,
            969,
            273,
            783,
            446
        ],
        [
            503,
            372,
            812,
            773,
            692,
            847,
            716,
            1019,
            652,
            648,
            872,
            79,
            867,
            41,
            1016,
            657,
            696,
            317,
            946,
            792,
            628,
            398,
            9,
            376,
            832,
            236,
            17,
            482,
            431,
            987,
            846,
            675,
            617,
            713,
            814,
            719,
            294,
            195,
            838,
            655,
            437,
            977,
            940,
            213,
            969,
            718,
            585,
            286,
            919,
            347
        ],
        [
            544,
            919,
            518,
            293,
            96,
            539,
            584,
            369,
            373,
            1013,
            866,
            110,
            930,
            407,
            771,
            599,
            687,
            955,
            939,
            910,
            773,
            946,
            536,
            701,
            49,
            12,
            535,
            945,
            963,
            911,
            495,
            125,
            224,
            8,
            920,
            238,
            370,
            763,
            501,
            114,
            482,
            616,
            490,
            315,
            760,
            282,
            306,
            149,
            980,
            174
        ],
        [
            254,
            407,
            785,
            101,
            862,
            1004,
            530,
            366,
            277,
            47,
            498,
            565,
            158,
            190,
            136,
            870,
            669,
            994,
            111,
            373,
            230,
            157,
            869,
            710,
            823,
            262,
            302,
            177,
            591,
            678,
            510,
            902,
            742,
            596,
            200,
            672,
            178,
            998,
            632,
            274,
            770,
            652,
            753,
            930,
            87,
            358,
            258,
            279,
            876,
            235
        ]
    ],
    "std_bc": 0.0006440416981254823,
    "times_no_solution_EECBS": [
        1.36881,
        0.475277,
        0.490844,
        0.697844,
        1.156493
    ],
    "times_no_solution_PBS": [
        20.138254,
        20.012062,
        8.3217,
        20.078766,
        13.530368
    ]
}