{
    "name": "3_12",
    "weight": false,
    "n_row": 32,
    "n_col": 32,
    "layout": [
        "@@@@@@@@.....@@@@@.....@@@@.....",
        "...@.@@@@.@@....@@.@@@@@@...@@@.",
        ".....@@@@.@@@....@.@@@@@@.@@@@@@",
        "@......@@.@@@@@.....@@@@@..@@@@@",
        "@@......@.@@@@@@@...@.@@@@...@@@",
        "@@@........@@@@@@@@...@@@@@...@@",
        "@@@@.........@@@@@@@@..@@@@@..@@",
        "@@@@@..@@.....@@@@@@@@..@@@@@..@",
        "@@@@@.@..@@.....@@@@@@@..@@@@..@",
        "@@@@@@............@@@@@@..@@..@@",
        "@@@@@@.............@.@@@.....@@@",
        "@@@@@@@..............@@@@...@@@@",
        ".@@@@@@@..............@@@@...@@@",
        "...@@@@@...............@@@@...@@",
        ".@@@@..................@@@@@....",
        "........................@@@@@...",
        ".........................@@@@@.@",
        "..........................@@@@@@",
        "...........................@@@@@",
        "...........................@@@@@",
        "............................@@@@",
        ".............................@@@",
        ".............................@@@",
        "..............................@@",
        "..............................@@",
        "..............................@@",
        "..............................@@",
        "...............................@",
        "...............................@",
        "................................",
        "................................",
        "@@@@@@@@@@@@@@@@@@@@@@@@@@@@@@@@"
    ],
    "start": [
        [
            29,
            58,
            98,
            18,
            99,
            122,
            59,
            47,
            79,
            146,
            11,
            41,
            80,
            100,
            264,
            294,
            213,
            196,
            168,
            377,
            359,
            187,
            89,
            27,
            10,
            132,
            31,
            46,
            113,
            73,
            336,
            514,
            478,
            394,
            392,
            601,
            411,
            444,
            555,
            548,
            485,
            566,
            298,
            229,
            204,
            348,
            188,
            202,
            230,
            221,
            460,
            445,
            416,
            597,
            546,
            545,
            368,
            305,
            180,
            166,
            477,
            832,
            736,
            706,
            731,
            725,
            750,
            468,
            511,
            410,
            396,
            379,
            488,
            443,
            585,
            581,
            684,
            645,
            634,
            685,
            729,
            714,
            773,
            681,
            825,
            794,
            626,
            564,
            755,
            164,
            647,
            68,
            845,
            246,
            502,
            613,
            741,
            960,
            66,
            925,
            609,
            908,
            417,
            747,
            378,
            792,
            738,
            934,
            857,
            833,
            347,
            843,
            338,
            513,
            316,
            651,
            655,
            330,
            551,
            904,
            944,
            470,
            438,
            899,
            337,
            578,
            369,
            739,
            317,
            888,
            816,
            762,
            875,
            200,
            448,
            400,
            892,
            864,
            788,
            938,
            700,
            21,
            926,
            8,
            727,
            476,
            811,
            297,
            779,
            483
        ],
        [
            47,
            134,
            32,
            101,
            68,
            21,
            145,
            63,
            111,
            31,
            348,
            163,
            316,
            253,
            198,
            364,
            269,
            213,
            189,
            370,
            304,
            204,
            280,
            331,
            346,
            221,
            317,
            220,
            296,
            10,
            79,
            361,
            596,
            465,
            403,
            279,
            247,
            200,
            392,
            424,
            377,
            568,
            202,
            201,
            536,
            610,
            478,
            517,
            514,
            556,
            544,
            401,
            509,
            510,
            501,
            466,
            553,
            520,
            412,
            549,
            578,
            653,
            512,
            705,
            135,
            601,
            632,
            445,
            845,
            793,
            469,
            859,
            656,
            455,
            947,
            898,
            682,
            963,
            45,
            646,
            697,
            658,
            833,
            665,
            731,
            699,
            755,
            867,
            751,
            896,
            80,
            583,
            980,
            169,
            894,
            673,
            809,
            369,
            286,
            271,
            971,
            299,
            874,
            911,
            82,
            820,
            916,
            429,
            427,
            828,
            835,
            621,
            155,
            714,
            372,
            877,
            333,
            577,
            880,
            29,
            969,
            663,
            454,
            46,
            962,
            458,
            977,
            839,
            566,
            579,
            121,
            503,
            740,
            581,
            884,
            485,
            554,
            479,
            826,
            522,
            889,
            599,
            989,
            855,
            36,
            229,
            627,
            854,
            22,
            368
        ],
        [
            45,
            67,
            113,
            28,
            135,
            20,
            80,
            22,
            154,
            303,
            361,
            57,
            32,
            19,
            115,
            12,
            122,
            58,
            47,
            112,
            170,
            335,
            235,
            302,
            187,
            346,
            188,
            168,
            271,
            165,
            146,
            602,
            611,
            510,
            445,
            578,
            459,
            427,
            433,
            411,
            560,
            429,
            416,
            566,
            412,
            418,
            568,
            527,
            424,
            434,
            600,
            564,
            435,
            731,
            786,
            885,
            443,
            599,
            921,
            886,
            301,
            79,
            334,
            958,
            384,
            595,
            632,
            664,
            625,
            688,
            617,
            818,
            655,
            923,
            849,
            720,
            867,
            132,
            977,
            651,
            705,
            707,
            967,
            865,
            622,
            626,
            457,
            268,
            987,
            344,
            820,
            489,
            270,
            121,
            988,
            979,
            728,
            465,
            711,
            591,
            946,
            925,
            535,
            181,
            111,
            316,
            579,
            972,
            750,
            926,
            30,
            984,
            372,
            917,
            956,
            261,
            986,
            131,
            819,
            254,
            548,
            833,
            935,
            918,
            930,
            744,
            563,
            828,
            848,
            499,
            834,
            873,
            584,
            896,
            526,
            453,
            747,
            234,
            780,
            957,
            839,
            279,
            965,
            866,
            359,
            247,
            784,
            909,
            872,
            675
        ],
        [
            115,
            82,
            77,
            19,
            131,
            28,
            44,
            11,
            97,
            64,
            58,
            146,
            78,
            63,
            33,
            112,
            189,
            213,
            187,
            313,
            181,
            378,
            344,
            197,
            359,
            253,
            365,
            41,
            122,
            29,
            101,
            369,
            155,
            331,
            261,
            165,
            334,
            346,
            280,
            163,
            285,
            345,
            263,
            468,
            379,
            609,
            478,
            445,
            412,
            512,
            596,
            312,
            264,
            477,
            532,
            444,
            549,
            509,
            401,
            198,
            229,
            552,
            416,
            498,
            398,
            535,
            411,
            563,
            797,
            503,
            945,
            456,
            578,
            795,
            286,
            652,
            746,
            762,
            79,
            773,
            20,
            437,
            32,
            815,
            854,
            599,
            978,
            743,
            366,
            348,
            188,
            842,
            530,
            848,
            582,
            836,
            370,
            717,
            204,
            338,
            588,
            300,
            720,
            948,
            268,
            489,
            855,
            681,
            737,
            857,
            931,
            99,
            616,
            457,
            592,
            667,
            233,
            903,
            201,
            464,
            883,
            597,
            968,
            957,
            666,
            329,
            980,
            221,
            989,
            418,
            134,
            840,
            930,
            881,
            868,
            623,
            964,
            461,
            987,
            753,
            690,
            135,
            10,
            614,
            715,
            254,
            199,
            490,
            977,
            569
        ],
        [
            78,
            114,
            99,
            8,
            22,
            57,
            77,
            149,
            82,
            154,
            147,
            66,
            366,
            196,
            214,
            317,
            135,
            131,
            41,
            11,
            31,
            213,
            346,
            189,
            313,
            344,
            359,
            280,
            155,
            330,
            18,
            187,
            482,
            568,
            602,
            411,
            378,
            168,
            372,
            180,
            247,
            345,
            478,
            593,
            405,
            502,
            487,
            445,
            470,
            497,
            379,
            448,
            261,
            230,
            253,
            455,
            294,
            263,
            12,
            377,
            796,
            588,
            46,
            600,
            203,
            909,
            499,
            526,
            827,
            647,
            674,
            961,
            736,
            804,
            655,
            481,
            977,
            234,
            782,
            560,
            868,
            594,
            680,
            958,
            267,
            835,
            890,
            548,
            515,
            644,
            335,
            45,
            270,
            580,
            820,
            557,
            624,
            425,
            337,
            921,
            884,
            879,
            59,
            860,
            201,
            779,
            894,
            714,
            601,
            811,
            956,
            916,
            717,
            416,
            165,
            903,
            64,
            676,
            726,
            923,
            608,
            957,
            618,
            299,
            917,
            861,
            833,
            609,
            286,
            254,
            443,
            115,
            666,
            832,
            564,
            348,
            696,
            901,
            551,
            36,
            156,
            787,
            296,
            300,
            333,
            972,
            929,
            760,
            364,
            397
        ]
    ],
    "goal": [
        [
            303,
            623,
            957,
            832,
            842,
            877,
            864,
            478,
            519,
            985,
            626,
            753,
            865,
            814,
            928,
            728,
            920,
            774,
            763,
            565,
            664,
            833,
            691,
            328,
            601,
            813,
            879,
            694,
            679,
            768,
            542,
            68,
            438,
            950,
            286,
            41,
            360,
            591,
            922,
            82,
            892,
            802,
            858,
            510,
            706,
            614,
            727,
            891,
            742,
            730,
            893,
            484,
            824,
            379,
            134,
            47,
            990,
            704,
            991,
            89,
            956,
            105,
            367,
            149,
            476,
            198,
            147,
            246,
            977,
            729,
            411,
            469,
            21,
            587,
            983,
            949,
            100,
            57,
            443,
            22,
            392,
            19,
            135,
            78,
            640,
            99,
            410,
            748,
            617,
            911,
            947,
            737,
            548,
            524,
            776,
            752,
            696,
            579,
            301,
            844,
            870,
            346,
            829,
            73,
            425,
            800,
            497,
            630,
            378,
            270,
            364,
            760,
            754,
            79,
            795,
            534,
            960,
            33,
            435,
            731,
            674,
            112,
            488,
            921,
            825,
            594,
            885,
            720,
            300,
            901,
            196,
            932,
            213,
            644,
            347,
            163,
            806,
            788,
            971,
            345,
            312,
            684,
            784,
            453,
            584,
            790,
            189,
            581,
            448,
            596
        ],
        [
            925,
            869,
            645,
            743,
            610,
            785,
            584,
            114,
            478,
            305,
            393,
            855,
            891,
            846,
            912,
            50,
            833,
            524,
            642,
            805,
            826,
            828,
            340,
            761,
            807,
            134,
            468,
            973,
            919,
            845,
            492,
            918,
            410,
            122,
            706,
            617,
            859,
            892,
            154,
            955,
            808,
            135,
            794,
            980,
            347,
            827,
            795,
            31,
            791,
            279,
            9,
            254,
            67,
            972,
            837,
            932,
            829,
            112,
            726,
            113,
            33,
            57,
            711,
            590,
            718,
            868,
            640,
            432,
            73,
            780,
            933,
            966,
            518,
            499,
            334,
            329,
            544,
            429,
            732,
            593,
            316,
            709,
            132,
            938,
            849,
            915,
            648,
            723,
            534,
            847,
            601,
            41,
            11,
            908,
            424,
            476,
            204,
            179,
            754,
            555,
            493,
            738,
            280,
            220,
            513,
            459,
            547,
            893,
            916,
            235,
            824,
            905,
            757,
            463,
            612,
            730,
            982,
            935,
            630,
            631,
            303,
            80,
            664,
            856,
            647,
            689,
            115,
            559,
            979,
            346,
            885,
            445,
            100,
            462,
            427,
            511,
            793,
            873,
            911,
            926,
            613,
            545,
            776,
            82,
            404,
            561,
            803,
            991,
            267,
            412
        ],
        [
            949,
            845,
            549,
            482,
            920,
            578,
            617,
            568,
            785,
            933,
            885,
            979,
            432,
            301,
            427,
            480,
            765,
            326,
            810,
            898,
            445,
            923,
            893,
            285,
            517,
            991,
            858,
            861,
            929,
            771,
            709,
            68,
            146,
            672,
            870,
            50,
            828,
            826,
            34,
            786,
            187,
            444,
            942,
            738,
            782,
            312,
            839,
            113,
            795,
            510,
            233,
            63,
            864,
            712,
            896,
            704,
            852,
            909,
            453,
            377,
            729,
            529,
            612,
            28,
            286,
            806,
            164,
            299,
            609,
            73,
            912,
            367,
            948,
            716,
            963,
            263,
            619,
            833,
            237,
            200,
            797,
            536,
            886,
            328,
            405,
            972,
            168,
            892,
            433,
            416,
            544,
            634,
            754,
            80,
            774,
            710,
            97,
            229,
            950,
            873,
            648,
            875,
            396,
            36,
            877,
            711,
            359,
            488,
            100,
            67,
            726,
            399,
            589,
            801,
            489,
            270,
            156,
            894,
            775,
            706,
            561,
            666,
            20,
            610,
            102,
            984,
            254,
            770,
            499,
            772,
            296,
            364,
            970,
            534,
            114,
            966,
            921,
            769,
            466,
            596,
            271,
            261,
            732,
            384,
            900,
            454,
            513,
            313,
            33,
            699
        ],
        [
            627,
            675,
            935,
            399,
            616,
            395,
            384,
            724,
            516,
            902,
            828,
            372,
            711,
            512,
            609,
            437,
            168,
            991,
            130,
            938,
            458,
            203,
            765,
            876,
            253,
            599,
            951,
            905,
            747,
            663,
            608,
            114,
            792,
            312,
            280,
            279,
            890,
            612,
            32,
            737,
            720,
            402,
            786,
            10,
            532,
            154,
            718,
            948,
            460,
            757,
            198,
            893,
            344,
            844,
            898,
            771,
            67,
            591,
            955,
            940,
            725,
            957,
            789,
            66,
            983,
            63,
            294,
            768,
            330,
            59,
            497,
            726,
            564,
            619,
            592,
            418,
            990,
            880,
            810,
            303,
            328,
            547,
            590,
            929,
            333,
            521,
            412,
            859,
            65,
            807,
            234,
            392,
            714,
            741,
            179,
            416,
            18,
            164,
            676,
            922,
            200,
            934,
            362,
            181,
            706,
            629,
            64,
            943,
            812,
            482,
            425,
            657,
            347,
            923,
            29,
            82,
            562,
            295,
            963,
            791,
            378,
            122,
            514,
            366,
            777,
            705,
            431,
            233,
            22,
            509,
            556,
            202,
            756,
            641,
            433,
            966,
            911,
            773,
            716,
            100,
            834,
            488,
            300,
            502,
            246,
            498,
            503,
            731,
            736,
            615
        ],
        [
            416,
            551,
            987,
            804,
            736,
            794,
            552,
            842,
            29,
            401,
            960,
            179,
            316,
            813,
            805,
            424,
            744,
            853,
            888,
            907,
            624,
            331,
            963,
            959,
            398,
            870,
            921,
            651,
            745,
            951,
            296,
            33,
            826,
            838,
            99,
            834,
            844,
            845,
            706,
            725,
            626,
            968,
            763,
            28,
            544,
            67,
            82,
            779,
            608,
            22,
            757,
            889,
            780,
            286,
            976,
            237,
            939,
            435,
            616,
            644,
            645,
            759,
            661,
            649,
            665,
            527,
            280,
            807,
            689,
            364,
            918,
            553,
            330,
            429,
            517,
            122,
            463,
            464,
            165,
            854,
            64,
            168,
            892,
            642,
            762,
            197,
            340,
            721,
            444,
            300,
            882,
            234,
            536,
            911,
            32,
            797,
            485,
            285,
            760,
            327,
            990,
            78,
            926,
            466,
            30,
            950,
            614,
            482,
            934,
            333,
            510,
            711,
            509,
            989,
            366,
            348,
            741,
            27,
            246,
            720,
            298,
            876,
            105,
            694,
            201,
            722,
            658,
            203,
            904,
            562,
            361,
            581,
            650,
            880,
            746,
            935,
            47,
            371,
            874,
            897,
            808,
            263,
            621,
            615,
            920,
            112,
            453,
            978,
            313,
            89
        ]
    ]
}