{
    "name": "3_33",
    "weight": false,
    "n_row": 32,
    "n_col": 32,
    "layout": [
        "........@.......................",
        "...@@..@..@...@..@@..@...@....@@",
        ".....@@..@..@......@...@...@@...",
        "@..@...@@..@..@..@...@...@....@@",
        "..@..@...@@..@..@..@@..@...@....",
        ".@.....@...@..@..@.......@...@@.",
        "@..@@@@..@...@..@..@..@....@...@",
        ".....@@.@..@..@..@......@....@..",
        ".@..@..@@.@..@..@..@..@...@@...@",
        "...@.....@..@..@..@..@..@....@..",
        ".@.@@@.@...@..@..@..@..@..@....@",
        "..@...@.@@...@..@..@..@@....@...",
        "@...@.....@@.@@@.....@...@....@.",
        "..@..@..@@..@..@@@@.@..@...@....",
        "@...@..@...@..@....@..@..@...@@.",
        "..@......@...@..@...@@..@..@....",
        "@@..@@.@..@@.@@@..@...@@.....@..",
        "..@..@@..@.....@@@..@...@@.@...@",
        "....@...@..@.@@..@@...@...@..@@.",
        ".@@..@@..@@....@...@.@..@...@...",
        "....@..@@.@@@@@..@..@..@..@@..@.",
        "@.....@...@.@..@@..@..@..@..@@..",
        "........@...@@...@...@..@..@..@.",
        "...@..@..@@...@@...@...@@....@..",
        "@...@...@@..@...@@...@.....@...@",
        "..@....@..@@..@...@...@@.....@..",
        "@@..@....@...@..@@..@...@...@..@",
        "...@...@..@@@..@..@@..@...@..@..",
        ".....@..@@..@@...@..@...@...@..@",
        ".@.@...@..@....@@..@..@...@..@..",
        "..@..@...@..@@..@@...@..@...@..@",
        ".@..@..@...@...@...@..@@..@..@.."
    ],
    "start": [
        [
            22,
            9,
            6,
            128,
            64,
            160,
            114,
            118,
            77,
            191,
            162,
            355,
            258,
            379,
            416,
            302,
            227,
            239,
            292,
            419,
            212,
            242,
            315,
            55,
            97,
            52,
            200,
            58,
            20,
            12,
            38,
            389,
            480,
            639,
            435,
            468,
            514,
            456,
            643,
            474,
            515,
            497,
            622,
            243,
            220,
            305,
            357,
            274,
            412,
            231,
            494,
            404,
            430,
            444,
            566,
            521,
            423,
            422,
            294,
            372,
            270,
            503,
            498,
            616,
            450,
            565,
            645,
            475,
            591,
            583,
            476,
            620,
            770,
            689,
            756,
            824,
            744,
            794,
            790,
            761,
            763,
            827,
            767,
            804,
            675,
            729,
            668,
            769,
            685,
            704,
            757,
            939,
            925,
            912,
            868,
            881,
            952,
            936,
            153,
            556,
            1020,
            173,
            979,
            261,
            788,
            131,
            906,
            194,
            558,
            390,
            43,
            735,
            129,
            835,
            850,
            932,
            15,
            970,
            370,
            982,
            484,
            554,
            640,
            946,
            206,
            495,
            59,
            215,
            179,
            779,
            923,
            843,
            997,
            308,
            793,
            724,
            123,
            249,
            630,
            595,
            84,
            438,
            820,
            864,
            101,
            3,
            722,
            837,
            254,
            956
        ],
        [
            202,
            18,
            55,
            188,
            102,
            153,
            60,
            65,
            139,
            12,
            0,
            118,
            89,
            166,
            37,
            142,
            59,
            61,
            131,
            5,
            74,
            150,
            51,
            105,
            119,
            246,
            245,
            218,
            396,
            244,
            212,
            495,
            471,
            583,
            645,
            624,
            389,
            256,
            372,
            233,
            326,
            294,
            231,
            251,
            220,
            427,
            422,
            270,
            224,
            329,
            259,
            320,
            404,
            420,
            243,
            356,
            608,
            258,
            543,
            464,
            515,
            674,
            719,
            710,
            698,
            707,
            615,
            536,
            711,
            740,
            762,
            821,
            465,
            626,
            588,
            499,
            237,
            961,
            779,
            599,
            1019,
            533,
            1020,
            690,
            622,
            125,
            280,
            445,
            227,
            132,
            165,
            318,
            539,
            157,
            23,
            108,
            6,
            847,
            791,
            548,
            677,
            625,
            497,
            838,
            401,
            592,
            824,
            662,
            27,
            679,
            22,
            492,
            111,
            58,
            382,
            735,
            333,
            747,
            813,
            567,
            26,
            66,
            286,
            378,
            446,
            540,
            994,
            556,
            683,
            611,
            705,
            484,
            922,
            809,
            366,
            45,
            9,
            480,
            806,
            900,
            52,
            444,
            638,
            842,
            709,
            1002,
            315,
            743,
            844,
            554
        ],
        [
            10,
            153,
            116,
            89,
            125,
            60,
            165,
            37,
            16,
            149,
            29,
            186,
            86,
            93,
            78,
            38,
            6,
            82,
            2,
            4,
            45,
            17,
            0,
            166,
            342,
            386,
            209,
            183,
            24,
            75,
            71,
            413,
            246,
            277,
            373,
            382,
            329,
            228,
            369,
            295,
            215,
            240,
            290,
            355,
            385,
            222,
            292,
            316,
            259,
            474,
            622,
            494,
            469,
            480,
            640,
            429,
            600,
            537,
            508,
            491,
            616,
            774,
            805,
            671,
            767,
            816,
            803,
            677,
            840,
            679,
            786,
            649,
            743,
            748,
            576,
            463,
            524,
            457,
            545,
            597,
            607,
            585,
            486,
            484,
            495,
            466,
            444,
            437,
            828,
            669,
            710,
            859,
            998,
            853,
            769,
            723,
            655,
            837,
            812,
            820,
            753,
            761,
            718,
            686,
            955,
            942,
            975,
            1019,
            877,
            574,
            536,
            79,
            7,
            762,
            551,
            978,
            288,
            59,
            922,
            244,
            509,
            419,
            65,
            808,
            236,
            160,
            995,
            628,
            834,
            1002,
            959,
            577,
            21,
            945,
            873,
            408,
            659,
            458,
            741,
            540,
            499,
            488,
            505,
            411,
            878,
            881,
            389,
            903,
            758,
            33
        ],
        [
            203,
            34,
            181,
            6,
            72,
            21,
            184,
            162,
            67,
            25,
            43,
            122,
            84,
            37,
            403,
            261,
            290,
            314,
            183,
            123,
            60,
            28,
            204,
            47,
            40,
            106,
            12,
            390,
            265,
            391,
            220,
            494,
            456,
            499,
            642,
            460,
            492,
            532,
            438,
            528,
            628,
            426,
            400,
            224,
            353,
            305,
            335,
            209,
            288,
            271,
            276,
            370,
            226,
            302,
            258,
            217,
            231,
            285,
            342,
            236,
            216,
            625,
            573,
            451,
            685,
            835,
            769,
            824,
            744,
            531,
            585,
            592,
            430,
            520,
            817,
            703,
            749,
            748,
            639,
            596,
            558,
            661,
            756,
            767,
            41,
            273,
            778,
            170,
            861,
            619,
            429,
            690,
            939,
            732,
            274,
            179,
            985,
            615,
            254,
            29,
            967,
            30,
            402,
            108,
            761,
            791,
            809,
            720,
            554,
            582,
            583,
            903,
            911,
            119,
            566,
            659,
            212,
            955,
            764,
            71,
            899,
            465,
            733,
            783,
            992,
            19,
            664,
            722,
            1017,
            508,
            244,
            902,
            816,
            68,
            20,
            620,
            922,
            79,
            786,
            521,
            763,
            806,
            362,
            437,
            294,
            917,
            423,
            637,
            693,
            937
        ],
        [
            181,
            179,
            134,
            78,
            59,
            74,
            169,
            187,
            153,
            21,
            43,
            13,
            194,
            89,
            122,
            12,
            90,
            182,
            18,
            20,
            212,
            225,
            82,
            176,
            154,
            3,
            16,
            19,
            295,
            302,
            215,
            490,
            487,
            464,
            468,
            585,
            554,
            638,
            319,
            311,
            367,
            304,
            348,
            540,
            616,
            555,
            563,
            570,
            484,
            499,
            466,
            437,
            463,
            529,
            595,
            567,
            451,
            406,
            382,
            293,
            339,
            547,
            591,
            578,
            588,
            456,
            486,
            572,
            630,
            842,
            764,
            794,
            771,
            738,
            813,
            621,
            457,
            495,
            599,
            635,
            562,
            798,
            681,
            769,
            706,
            707,
            786,
            655,
            292,
            383,
            762,
            669,
            656,
            637,
            407,
            933,
            911,
            509,
            471,
            518,
            668,
            44,
            800,
            703,
            37,
            868,
            557,
            806,
            713,
            918,
            417,
            393,
            796,
            955,
            803,
            930,
            689,
            625,
            801,
            363,
            271,
            2,
            157,
            88,
            318,
            125,
            884,
            237,
            447,
            1,
            310,
            816,
            273,
            537,
            857,
            498,
            1012,
            936,
            483,
            85,
            671,
            389,
            815,
            379,
            236,
            983,
            753,
            782,
            481,
            910
        ]
    ],
    "goal": [
        [
            983,
            544,
            52,
            556,
            464,
            1017,
            758,
            596,
            884,
            842,
            341,
            333,
            638,
            262,
            58,
            794,
            313,
            390,
            816,
            538,
            866,
            554,
            7,
            928,
            693,
            37,
            797,
            803,
            458,
            548,
            244,
            820,
            854,
            487,
            655,
            830,
            246,
            510,
            474,
            708,
            1009,
            124,
            878,
            224,
            873,
            735,
            825,
            481,
            430,
            695,
            779,
            953,
            23,
            615,
            0,
            702,
            60,
            254,
            732,
            705,
            767,
            932,
            231,
            305,
            786,
            225,
            204,
            903,
            812,
            403,
            429,
            949,
            790,
            675,
            416,
            212,
            885,
            322,
            18,
            153,
            157,
            4,
            992,
            698,
            792,
            870,
            48,
            302,
            835,
            1013,
            450,
            163,
            357,
            630,
            332,
            193,
            679,
            307,
            877,
            864,
            1001,
            1023,
            775,
            240,
            270,
            894,
            22,
            267,
            773,
            941,
            781,
            601,
            26,
            422,
            1000,
            16,
            921,
            696,
            396,
            997,
            55,
            532,
            44,
            86,
            749,
            681,
            622,
            330,
            727,
            206,
            31,
            408,
            370,
            628,
            245,
            387,
            480,
            34,
            959,
            456,
            902,
            926,
            381,
            326,
            249,
            625,
            646,
            974,
            454,
            176
        ],
        [
            733,
            934,
            796,
            740,
            638,
            581,
            840,
            345,
            695,
            926,
            344,
            942,
            1002,
            752,
            342,
            719,
            826,
            389,
            437,
            837,
            680,
            528,
            769,
            577,
            495,
            980,
            798,
            1006,
            1008,
            885,
            417,
            200,
            1023,
            32,
            119,
            249,
            154,
            25,
            532,
            637,
            387,
            510,
            563,
            842,
            704,
            925,
            314,
            1020,
            28,
            946,
            565,
            506,
            656,
            252,
            498,
            753,
            600,
            182,
            108,
            224,
            858,
            597,
            677,
            318,
            783,
            277,
            892,
            168,
            592,
            1,
            715,
            966,
            65,
            296,
            995,
            485,
            639,
            242,
            509,
            78,
            271,
            156,
            749,
            302,
            1017,
            870,
            521,
            952,
            23,
            1022,
            254,
            423,
            779,
            97,
            480,
            520,
            990,
            475,
            469,
            22,
            60,
            218,
            873,
            116,
            708,
            601,
            364,
            47,
            131,
            915,
            430,
            825,
            669,
            494,
            706,
            877,
            123,
            596,
            857,
            864,
            162,
            396,
            923,
            844,
            1005,
            989,
            649,
            729,
            231,
            81,
            406,
            540,
            499,
            624,
            265,
            743,
            616,
            808,
            139,
            15,
            390,
            481,
            453,
            1013,
            27,
            153,
            720,
            621,
            932,
            19
        ],
        [
            574,
            558,
            714,
            899,
            743,
            788,
            528,
            254,
            834,
            514,
            38,
            465,
            796,
            1012,
            817,
            273,
            586,
            387,
            705,
            620,
            579,
            762,
            698,
            1023,
            835,
            152,
            595,
            884,
            1005,
            664,
            633,
            544,
            1001,
            7,
            449,
            72,
            319,
            336,
            877,
            809,
            956,
            897,
            685,
            630,
            502,
            429,
            708,
            6,
            474,
            71,
            510,
            1009,
            808,
            54,
            494,
            967,
            615,
            545,
            390,
            302,
            262,
            122,
            246,
            347,
            134,
            220,
            118,
            217,
            690,
            250,
            204,
            985,
            154,
            216,
            123,
            244,
            495,
            251,
            349,
            847,
            485,
            274,
            237,
            925,
            240,
            215,
            816,
            301,
            403,
            292,
            766,
            366,
            499,
            902,
            98,
            775,
            896,
            182,
            639,
            483,
            556,
            228,
            803,
            52,
            401,
            689,
            314,
            608,
            3,
            764,
            435,
            157,
            692,
            279,
            33,
            18,
            679,
            508,
            440,
            492,
            480,
            101,
            78,
            842,
            966,
            382,
            64,
            940,
            68,
            289,
            59,
            109,
            542,
            771,
            369,
            695,
            115,
            329,
            186,
            119,
            385,
            1019,
            585,
            10,
            757,
            551,
            699,
            23,
            299,
            222
        ],
        [
            557,
            783,
            995,
            1004,
            771,
            545,
            940,
            562,
            752,
            932,
            831,
            821,
            544,
            311,
            726,
            959,
            30,
            100,
            3,
            855,
            624,
            792,
            748,
            690,
            615,
            600,
            488,
            830,
            407,
            188,
            64,
            922,
            543,
            744,
            494,
            495,
            328,
            79,
            899,
            928,
            877,
            153,
            773,
            693,
            722,
            1001,
            625,
            796,
            29,
            359,
            952,
            588,
            767,
            764,
            880,
            713,
            711,
            1006,
            840,
            518,
            547,
            902,
            193,
            591,
            737,
            463,
            1010,
            385,
            234,
            170,
            974,
            152,
            942,
            718,
            634,
            960,
            182,
            17,
            111,
            322,
            603,
            804,
            741,
            164,
            715,
            31,
            907,
            508,
            966,
            66,
            2,
            258,
            411,
            85,
            707,
            727,
            556,
            926,
            884,
            919,
            336,
            1022,
            383,
            582,
            249,
            262,
            485,
            139,
            834,
            502,
            204,
            438,
            364,
            536,
            47,
            817,
            7,
            656,
            998,
            854,
            296,
            20,
            307,
            803,
            305,
            891,
            90,
            207,
            812,
            659,
            392,
            387,
            917,
            757,
            866,
            781,
            332,
            635,
            231,
            105,
            964,
            217,
            815,
            429,
            437,
            335,
            1017,
            94,
            570,
            34
        ],
        [
            820,
            1019,
            686,
            531,
            982,
            702,
            964,
            718,
            850,
            649,
            562,
            1009,
            756,
            1010,
            622,
            574,
            576,
            385,
            815,
            912,
            1001,
            339,
            710,
            945,
            457,
            1013,
            719,
            796,
            492,
            662,
            714,
            186,
            146,
            369,
            831,
            668,
            591,
            95,
            978,
            730,
            961,
            558,
            396,
            258,
            565,
            55,
            487,
            226,
            270,
            800,
            456,
            958,
            4,
            578,
            588,
            806,
            601,
            914,
            480,
            839,
            488,
            370,
            338,
            153,
            693,
            345,
            220,
            97,
            621,
            131,
            906,
            78,
            10,
            752,
            1008,
            200,
            722,
            677,
            6,
            556,
            353,
            847,
            506,
            183,
            441,
            299,
            7,
            998,
            827,
            805,
            880,
            11,
            193,
            413,
            296,
            202,
            801,
            514,
            607,
            47,
            310,
            770,
            129,
            32,
            735,
            582,
            474,
            597,
            242,
            491,
            17,
            28,
            326,
            427,
            221,
            1016,
            1002,
            698,
            412,
            695,
            696,
            419,
            81,
            900,
            808,
            387,
            319,
            592,
            529,
            625,
            261,
            152,
            461,
            142,
            182,
            748,
            572,
            335,
            967,
            499,
            240,
            968,
            729,
            895,
            737,
            349,
            379,
            170,
            948,
            919
        ]
    ]
}