{
    "name": "3_44",
    "weight": false,
    "n_row": 32,
    "n_col": 32,
    "layout": [
        ".............@....@.............",
        "@.@.@.@.@.@..@.@.@..@.@..@.@..@.",
        "@...@.....@.@....@.@..@.@..@.@..",
        ".@.......@....@.@..@.@..@.@.....",
        "...@.@.....@.@..@.@..@.@....@.@.",
        "@.........@..@.@..@.@.@..@.@....",
        "..@.@.@.....@..@.@.@..@.@....@..",
        ".@..@.@..@....@.@..@.@..@.@.@.@.",
        ".@.@.@..@..@.@..@.@..@.@.@....@.",
        "@....@.@..@..@.@....@.@..@.@.@..",
        "@.@.@..@.@..@..@.@.@..@.@.@.....",
        "....@.@....@..@.@..@.@....@.@.@.",
        ".@.@....@..@.@..@.@....@.@.@....",
        "@....@.@..@..@.@..@.@.@.@....@..",
        "@.@.@.....@.@....@.@....@.@.@.@.",
        ".@....@.....@.@.@....@.@.@....@.",
        "...@.@.@.@..@...@.@.@.@..@.@.@..",
        "@.@......@.@.@.@.@....@.@.@.....",
        "....@.@.@............@....@.@.@.",
        ".@.@....@.@.@.@.@.@.@..@.@.@....",
        "...@.@.@....@.@.......@.@..@.@..",
        "@.@....@.@.@.......@.@....@.@.@.",
        "....@.@....@.@.@..@..@.@.@....@.",
        ".@.@....@.@..@.@....@.@..@.@.@..",
        "...@.@.@..@.@.@..@.@..@.@.@.....",
        "@.@....@.@.@..@.@....@......@.@.",
        "....@.@....@.@..@.@.@..@.@.@.@..",
        ".@.@....@.@..@.@.@..@.@.@....@..",
        "@....@.@....@.@..@.@....@.@.@.@.",
        "@.@.@....@.@..@.@....@.@.@.@....",
        ".@....@.@....@....@.@.@......@..",
        "...@.@....@.@..@.@......@.@.@..."
    ],
    "start": [
        [
            95,
            26,
            75,
            96,
            51,
            39,
            102,
            20,
            138,
            155,
            84,
            172,
            163,
            191,
            262,
            312,
            161,
            336,
            276,
            222,
            294,
            309,
            223,
            235,
            253,
            323,
            213,
            341,
            126,
            116,
            111,
            572,
            502,
            408,
            197,
            232,
            345,
            349,
            290,
            208,
            330,
            285,
            201,
            246,
            299,
            184,
            273,
            176,
            362,
            462,
            547,
            569,
            586,
            542,
            589,
            420,
            430,
            374,
            296,
            220,
            181,
            479,
            383,
            747,
            696,
            779,
            813,
            735,
            774,
            678,
            732,
            712,
            610,
            637,
            353,
            376,
            381,
            477,
            508,
            533,
            551,
            817,
            878,
            152,
            307,
            500,
            804,
            808,
            33,
            507,
            29,
            37,
            425,
            866,
            218,
            972,
            914,
            43,
            493,
            56,
            446,
            439,
            970,
            480,
            912,
            103,
            994,
            648,
            986,
            379,
            1013,
            347,
            841,
            468,
            234,
            801,
            212,
            193,
            375,
            22,
            405,
            326,
            5,
            526,
            292,
            733,
            677,
            1021,
            815,
            79,
            300,
            726,
            862,
            540,
            721,
            562,
            4,
            188,
            219,
            424,
            766,
            741,
            46,
            244,
            905,
            776,
            114,
            469,
            827,
            596
        ],
        [
            48,
            111,
            72,
            126,
            37,
            75,
            3,
            35,
            154,
            138,
            121,
            66,
            77,
            7,
            107,
            24,
            92,
            95,
            17,
            55,
            79,
            125,
            87,
            101,
            136,
            46,
            73,
            137,
            152,
            167,
            271,
            462,
            357,
            437,
            591,
            479,
            477,
            574,
            502,
            526,
            480,
            578,
            381,
            483,
            562,
            518,
            234,
            181,
            312,
            316,
            302,
            161,
            212,
            226,
            276,
            253,
            186,
            299,
            297,
            351,
            280,
            468,
            413,
            543,
            495,
            504,
            404,
            817,
            600,
            656,
            644,
            670,
            819,
            671,
            764,
            536,
            417,
            399,
            493,
            646,
            752,
            714,
            796,
            629,
            755,
            603,
            359,
            538,
            401,
            488,
            388,
            726,
            767,
            798,
            791,
            665,
            777,
            757,
            799,
            634,
            805,
            673,
            1019,
            873,
            907,
            950,
            563,
            192,
            806,
            457,
            174,
            902,
            781,
            354,
            699,
            589,
            694,
            499,
            512,
            947,
            948,
            849,
            275,
            485,
            784,
            352,
            885,
            1,
            632,
            473,
            296,
            588,
            687,
            919,
            703,
            130,
            328,
            583,
            459,
            201,
            797,
            601,
            975,
            648,
            959,
            345,
            571,
            439,
            527,
            113
        ],
        [
            77,
            135,
            124,
            55,
            101,
            61,
            128,
            26,
            96,
            92,
            29,
            15,
            121,
            111,
            8,
            25,
            6,
            114,
            119,
            10,
            145,
            23,
            129,
            116,
            299,
            247,
            199,
            179,
            268,
            280,
            44,
            212,
            312,
            318,
            161,
            162,
            244,
            256,
            169,
            271,
            159,
            218,
            289,
            351,
            349,
            164,
            192,
            487,
            442,
            449,
            375,
            477,
            464,
            417,
            547,
            418,
            406,
            377,
            357,
            579,
            507,
            677,
            629,
            798,
            670,
            694,
            820,
            353,
            428,
            437,
            581,
            571,
            497,
            432,
            831,
            706,
            516,
            361,
            745,
            325,
            469,
            638,
            885,
            106,
            713,
            788,
            531,
            471,
            147,
            63,
            506,
            967,
            740,
            535,
            383,
            480,
            986,
            759,
            983,
            817,
            753,
            912,
            563,
            513,
            130,
            840,
            772,
            463,
            960,
            224,
            812,
            640,
            319,
            663,
            590,
            5,
            354,
            747,
            757,
            316,
            779,
            75,
            969,
            155,
            992,
            575,
            468,
            871,
            443,
            891,
            410,
            415,
            586,
            148,
            705,
            929,
            447,
            806,
            242,
            789,
            433,
            30,
            1019,
            127,
            386,
            304,
            818,
            637,
            902,
            69
        ],
        [
            89,
            109,
            65,
            20,
            70,
            23,
            92,
            73,
            29,
            116,
            140,
            61,
            152,
            87,
            125,
            154,
            239,
            235,
            205,
            193,
            314,
            262,
            217,
            213,
            325,
            181,
            219,
            273,
            63,
            143,
            118,
            349,
            307,
            255,
            268,
            304,
            206,
            319,
            321,
            348,
            177,
            422,
            424,
            567,
            355,
            514,
            439,
            588,
            405,
            171,
            271,
            183,
            258,
            280,
            231,
            265,
            253,
            201,
            179,
            244,
            351,
            388,
            384,
            389,
            488,
            361,
            459,
            753,
            720,
            772,
            640,
            599,
            413,
            477,
            451,
            585,
            379,
            475,
            485,
            560,
            374,
            565,
            410,
            579,
            415,
            817,
            687,
            788,
            823,
            707,
            831,
            847,
            938,
            931,
            868,
            603,
            760,
            393,
            1010,
            638,
            508,
            236,
            900,
            592,
            733,
            536,
            882,
            526,
            290,
            26,
            333,
            323,
            766,
            902,
            975,
            104,
            1003,
            103,
            768,
            632,
            716,
            162,
            574,
            946,
            945,
            851,
            466,
            0,
            398,
            564,
            721,
            227,
            33,
            191,
            625,
            690,
            935,
            825,
            449,
            757,
            294,
            639,
            220,
            302,
            224,
            685,
            990,
            312,
            390,
            350
        ],
        [
            65,
            27,
            15,
            63,
            148,
            67,
            24,
            2,
            129,
            132,
            3,
            126,
            84,
            12,
            29,
            8,
            135,
            154,
            80,
            85,
            101,
            113,
            348,
            177,
            164,
            218,
            287,
            229,
            285,
            291,
            275,
            462,
            468,
            543,
            410,
            168,
            255,
            199,
            176,
            294,
            273,
            263,
            179,
            280,
            222,
            226,
            242,
            278,
            349,
            318,
            197,
            290,
            340,
            572,
            579,
            424,
            441,
            354,
            547,
            569,
            531,
            817,
            364,
            506,
            567,
            471,
            522,
            383,
            447,
            405,
            745,
            601,
            755,
            612,
            629,
            805,
            705,
            470,
            545,
            386,
            596,
            743,
            716,
            605,
            735,
            686,
            360,
            508,
            306,
            147,
            892,
            712,
            9,
            889,
            587,
            167,
            379,
            707,
            974,
            768,
            666,
            258,
            750,
            827,
            347,
            244,
            403,
            350,
            183,
            589,
            236,
            670,
            560,
            165,
            502,
            292,
            619,
            875,
            586,
            947,
            454,
            659,
            898,
            48,
            730,
            220,
            726,
            630,
            1006,
            513,
            819,
            66,
            876,
            929,
            676,
            70,
            957,
            833,
            976,
            970,
            455,
            1001,
            22,
            991,
            921,
            191,
            731,
            514,
            585,
            336
        ]
    ],
    "goal": [
        [
            1022,
            533,
            19,
            20,
            721,
            851,
            184,
            195,
            954,
            169,
            904,
            892,
            1017,
            808,
            415,
            84,
            255,
            477,
            435,
            738,
            304,
            138,
            98,
            573,
            352,
            153,
            390,
            296,
            275,
            940,
            870,
            326,
            804,
            17,
            123,
            891,
            512,
            837,
            374,
            992,
            824,
            545,
            439,
            3,
            569,
            975,
            21,
            970,
            1008,
            197,
            210,
            958,
            984,
            742,
            95,
            349,
            1014,
            189,
            796,
            950,
            899,
            174,
            556,
            447,
            513,
            12,
            735,
            432,
            383,
            671,
            78,
            316,
            826,
            244,
            58,
            449,
            71,
            276,
            199,
            443,
            823,
            176,
            101,
            632,
            126,
            815,
            73,
            280,
            801,
            829,
            948,
            967,
            981,
            347,
            748,
            529,
            118,
            283,
            795,
            498,
            482,
            912,
            67,
            1019,
            485,
            574,
            603,
            147,
            116,
            408,
            393,
            916,
            581,
            977,
            247,
            28,
            869,
            696,
            943,
            137,
            726,
            743,
            223,
            271,
            793,
            1003,
            789,
            487,
            334,
            87,
            971,
            1001,
            666,
            894,
            413,
            506,
            424,
            592,
            882,
            30,
            868,
            723,
            542,
            260,
            456,
            191,
            813,
            941,
            640,
            709
        ],
        [
            957,
            94,
            869,
            789,
            595,
            284,
            745,
            441,
            876,
            659,
            352,
            309,
            826,
            724,
            399,
            205,
            912,
            35,
            793,
            716,
            27,
            742,
            964,
            732,
            866,
            26,
            208,
            599,
            812,
            540,
            1000,
            147,
            348,
            101,
            542,
            2,
            275,
            462,
            813,
            799,
            1011,
            889,
            136,
            447,
            192,
            446,
            899,
            567,
            394,
            969,
            601,
            499,
            73,
            934,
            774,
            325,
            804,
            383,
            212,
            685,
            487,
            381,
            585,
            77,
            921,
            608,
            451,
            135,
            191,
            130,
            890,
            362,
            78,
            276,
            545,
            639,
            350,
            159,
            764,
            217,
            962,
            827,
            226,
            121,
            171,
            996,
            927,
            676,
            965,
            823,
            914,
            781,
            311,
            931,
            999,
            223,
            102,
            116,
            229,
            500,
            80,
            895,
            200,
            153,
            186,
            897,
            128,
            600,
            592,
            822,
            283,
            251,
            573,
            372,
            834,
            696,
            1022,
            550,
            33,
            665,
            495,
            114,
            386,
            666,
            520,
            377,
            641,
            678,
            184,
            109,
            334,
            113,
            1008,
            612,
            1013,
            403,
            127,
            946,
            468,
            614,
            689,
            880,
            265,
            981,
            642,
            841,
            549,
            8,
            213,
            365
        ],
        [
            769,
            24,
            885,
            104,
            442,
            1014,
            931,
            433,
            461,
            352,
            307,
            642,
            289,
            349,
            348,
            229,
            564,
            469,
            804,
            92,
            682,
            760,
            797,
            818,
            63,
            640,
            506,
            205,
            846,
            891,
            833,
            330,
            22,
            933,
            895,
            856,
            581,
            599,
            246,
            287,
            612,
            273,
            405,
            979,
            271,
            686,
            660,
            1017,
            67,
            1012,
            79,
            704,
            5,
            305,
            731,
            477,
            575,
            706,
            999,
            574,
            451,
            29,
            253,
            512,
            15,
            873,
            834,
            666,
            119,
            694,
            536,
            4,
            66,
            219,
            619,
            1011,
            319,
            634,
            41,
            493,
            278,
            608,
            466,
            736,
            993,
            103,
            276,
            733,
            556,
            297,
            786,
            155,
            687,
            571,
            179,
            823,
            960,
            538,
            28,
            795,
            540,
            842,
            799,
            745,
            143,
            670,
            284,
            218,
            853,
            866,
            605,
            244,
            336,
            10,
            78,
            457,
            48,
            862,
            585,
            1,
            39,
            212,
            9,
            396,
            484,
            220,
            907,
            684,
            340,
            370,
            909,
            820,
            863,
            138,
            169,
            975,
            200,
            498,
            724,
            208,
            260,
            779,
            728,
            201,
            152,
            27,
            636,
            721,
            987,
            977
        ],
        [
            882,
            969,
            965,
            797,
            92,
            630,
            14,
            191,
            142,
            1021,
            318,
            906,
            981,
            1011,
            17,
            96,
            136,
            150,
            314,
            348,
            354,
            876,
            567,
            550,
            61,
            768,
            265,
            325,
            923,
            306,
            864,
            709,
            512,
            485,
            118,
            410,
            858,
            750,
            249,
            107,
            328,
            860,
            697,
            706,
            941,
            223,
            208,
            637,
            29,
            795,
            195,
            948,
            574,
            393,
            863,
            666,
            984,
            988,
            686,
            957,
            300,
            1010,
            841,
            350,
            925,
            285,
            444,
            1001,
            55,
            663,
            1019,
            870,
            653,
            466,
            340,
            991,
            1015,
            193,
            319,
            605,
            612,
            102,
            804,
            85,
            752,
            1,
            226,
            22,
            490,
            16,
            713,
            960,
            9,
            163,
            632,
            1023,
            740,
            1012,
            1022,
            200,
            181,
            974,
            880,
            341,
            581,
            106,
            418,
            377,
            934,
            627,
            12,
            94,
            408,
            658,
            579,
            376,
            595,
            642,
            404,
            1008,
            116,
            685,
            375,
            610,
            284,
            2,
            161,
            952,
            294,
            730,
            516,
            677,
            56,
            500,
            113,
            491,
            573,
            24,
            931,
            889,
            625,
            31,
            0,
            640,
            360,
            770,
            189,
            933,
            592,
            457
        ],
        [
            858,
            743,
            835,
            578,
            909,
            950,
            754,
            697,
            381,
            745,
            709,
            548,
            533,
            525,
            224,
            929,
            952,
            946,
            895,
            98,
            977,
            767,
            425,
            321,
            975,
            940,
            165,
            657,
            526,
            822,
            247,
            542,
            603,
            197,
            48,
            988,
            72,
            721,
            987,
            249,
            100,
            786,
            352,
            163,
            493,
            629,
            837,
            305,
            688,
            967,
            817,
            670,
            2,
            8,
            17,
            443,
            661,
            345,
            179,
            477,
            316,
            441,
            123,
            364,
            271,
            199,
            19,
            280,
            642,
            673,
            55,
            704,
            223,
            696,
            260,
            33,
            829,
            161,
            974,
            176,
            118,
            694,
            957,
            646,
            813,
            12,
            1013,
            805,
            733,
            418,
            590,
            359,
            969,
            302,
            1000,
            217,
            970,
            61,
            907,
            981,
            656,
            601,
            201,
            192,
            864,
            140,
            636,
            168,
            372,
            449,
            914,
            113,
            171,
            996,
            299,
            487,
            256,
            75,
            167,
            1001,
            935,
            78,
            890,
            53,
            357,
            876,
            573,
            766,
            500,
            148,
            82,
            732,
            1011,
            130,
            189,
            1003,
            3,
            685,
            367,
            856,
            37,
            20,
            484,
            840,
            4,
            1015,
            983,
            894,
            417,
            155
        ]
    ]
}