{
    "name": "44_32",
    "weight": false,
    "n_row": 32,
    "n_col": 32,
    "layout": [
        "@@..@@@@@@@@.....@@.....@@@.....",
        "...@....@@@@@@.@....@@@.@@@.@@@@",
        ".@.@@@@........@@@.....@@@@...@@",
        ".@....@@@@@@.@@@...@@@....@@@...",
        ".@@@@....@@@..@@@....@@@....@.@.",
        "@@..@.@@@@@@.....@@@@....@@...@.",
        "@@.@@..@@@@@.@@.@..@@@@....@@@@.",
        "...@@.@@@@@@@...@......@@@..@@@.",
        "@@....@@@@@@@@@...@.@@..@@.@@...",
        "...@@@@@....@@@@@@@.@@@@...@@@@@",
        "@@..@@@@@@@.....@@@...@@@@@...@@",
        "@@.@@...@@.@@.@.....@@@..@@.@@@.",
        "...@@.@.@...@.@@@@@..@@.@@..@@@.",
        ".@....@@@.@@@...@@@@.....@.@@...",
        ".@.@@.....@@@.@@....@@@@...@@@.@",
        "@@...@.@@@...@.@@@.@...@.@.....@",
        "@@.@@...@@@@....@@...@@..@@@@@..",
        "...@@@.@...@.@@.@...@@@@.@@@@@.@",
        ".@@....@@@....@.@@.......@@@...@",
        ".@@.@.@..@@@@@@....@@@@...@@.@@@",
        "@....@@@....@@@@@@...@@@@@...@@@",
        "@@@@...@@.@@.....@.@....@@.@...@",
        "...@@@....@@@@@@...@@@@@...@@@..",
        "@@...@.@@.....@@.@@....@@@..@@@@",
        "@@@@.....@@@.@...@@@@@..@@@...@@",
        "...@.@@@..@@..@.@@..@....@.@@@@@",
        "@@...@@.@@@@@...@@....@@...@@@@@",
        "@@@@@...@@@.@@@....@@.@@@@......",
        "....@@.@....@...@@@.....@@@@.@@@",
        ".@@....@@@..@@@...@@@@@@@....@@@",
        ".@@@@...@@......@.....@@@@.@@@@@",
        "@@@@@@@....@@@..@@@@@@@@...@@@@@"
    ],
    "start": [
        [
            74,
            37,
            126,
            34,
            100,
            120,
            99,
            22,
            101,
            71,
            3,
            59,
            204,
            27,
            98,
            32,
            14,
            19,
            21,
            50,
            154,
            152,
            12,
            38,
            125,
            55,
            181,
            250,
            332,
            339,
            287,
            527,
            464,
            543,
            429,
            368,
            415,
            394,
            183,
            189,
            224,
            225,
            251,
            216,
            223,
            418,
            375,
            482,
            430,
            384,
            494,
            238,
            243,
            237,
            314,
            163,
            467,
            796,
            902,
            869,
            411,
            260,
            33,
            956,
            730,
            791,
            226,
            535,
            802,
            448,
            885,
            518,
            720,
            312,
            890,
            20,
            591,
            197,
            313,
            623,
            685,
            636,
            290,
            395,
            72,
            916,
            692,
            898,
            331,
            383,
            556,
            85,
            712,
            773,
            933,
            504,
            588,
            939,
            215,
            96,
            728,
            977,
            75,
            747,
            76,
            525,
            853,
            774,
            82,
            461,
            15,
            13,
            981,
            756,
            965,
            159,
            454,
            484,
            574,
            359,
            84,
            118,
            624,
            608,
            447,
            506,
            748,
            686,
            955,
            259,
            845,
            490,
            367,
            403,
            755,
            918,
            552,
            804,
            801,
            299,
            465,
            93,
            298,
            2,
            667,
            809,
            108,
            209,
            30,
            133
        ],
        [
            71,
            136,
            99,
            28,
            27,
            64,
            73,
            48,
            133,
            153,
            101,
            134,
            96,
            140,
            91,
            13,
            29,
            108,
            16,
            141,
            12,
            66,
            36,
            46,
            113,
            349,
            163,
            33,
            216,
            224,
            59,
            287,
            165,
            183,
            397,
            546,
            482,
            492,
            536,
            410,
            430,
            446,
            322,
            290,
            332,
            172,
            243,
            198,
            197,
            507,
            442,
            445,
            415,
            384,
            175,
            218,
            155,
            188,
            341,
            526,
            448,
            576,
            605,
            608,
            641,
            712,
            559,
            686,
            285,
            818,
            776,
            552,
            362,
            215,
            3,
            636,
            114,
            371,
            251,
            532,
            597,
            82,
            835,
            429,
            899,
            438,
            681,
            774,
            323,
            259,
            49,
            379,
            453,
            823,
            209,
            15,
            500,
            278,
            184,
            668,
            720,
            508,
            783,
            981,
            819,
            918,
            701,
            545,
            711,
            773,
            255,
            431,
            586,
            553,
            822,
            93,
            728,
            598,
            478,
            30,
            677,
            790,
            331,
            466,
            746,
            891,
            421,
            758,
            734,
            919,
            846,
            850,
            465,
            938,
            125,
            986,
            543,
            967,
            625,
            642,
            22,
            354,
            260,
            457,
            74,
            38,
            121,
            307,
            145,
            800
        ],
        [
            83,
            127,
            75,
            78,
            96,
            33,
            59,
            71,
            50,
            38,
            82,
            23,
            125,
            176,
            223,
            297,
            275,
            181,
            290,
            332,
            250,
            260,
            183,
            287,
            314,
            191,
            239,
            349,
            216,
            218,
            194,
            395,
            456,
            394,
            467,
            410,
            519,
            545,
            226,
            282,
            189,
            322,
            542,
            271,
            289,
            375,
            368,
            510,
            457,
            437,
            174,
            527,
            524,
            184,
            288,
            391,
            518,
            237,
            980,
            13,
            39,
            367,
            636,
            93,
            101,
            73,
            30,
            285,
            331,
            911,
            824,
            438,
            369,
            633,
            919,
            370,
            20,
            172,
            145,
            932,
            134,
            589,
            362,
            808,
            113,
            762,
            730,
            421,
            383,
            624,
            678,
            146,
            259,
            735,
            784,
            411,
            693,
            464,
            19,
            313,
            357,
            1018,
            690,
            970,
            851,
            625,
            418,
            686,
            700,
            126,
            748,
            72,
            153,
            773,
            133,
            705,
            554,
            559,
            953,
            484,
            36,
            298,
            875,
            847,
            687,
            49,
            649,
            651,
            84,
            902,
            955,
            486,
            358,
            623,
            77,
            597,
            734,
            445,
            804,
            159,
            981,
            425,
            74,
            586,
            972,
            729,
            76,
            613,
            354,
            244
        ],
        [
            120,
            16,
            119,
            59,
            50,
            145,
            37,
            12,
            39,
            113,
            34,
            98,
            84,
            32,
            14,
            38,
            49,
            3,
            27,
            218,
            299,
            188,
            331,
            349,
            288,
            273,
            251,
            197,
            75,
            298,
            314,
            524,
            454,
            456,
            430,
            357,
            453,
            508,
            394,
            359,
            448,
            464,
            367,
            498,
            517,
            455,
            354,
            250,
            272,
            217,
            174,
            296,
            163,
            385,
            260,
            209,
            173,
            184,
            507,
            543,
            226,
            902,
            615,
            684,
            33,
            589,
            613,
            801,
            189,
            362,
            289,
            981,
            176,
            501,
            187,
            379,
            757,
            466,
            826,
            685,
            597,
            286,
            383,
            796,
            238,
            845,
            244,
            919,
            48,
            739,
            579,
            554,
            795,
            729,
            648,
            892,
            582,
            893,
            389,
            347,
            928,
            215,
            812,
            152,
            182,
            78,
            285,
            287,
            297,
            846,
            334,
            407,
            2,
            568,
            465,
            415,
            953,
            518,
            599,
            712,
            633,
            611,
            659,
            384,
            730,
            486,
            728,
            904,
            36,
            802,
            204,
            519,
            625,
            660,
            140,
            332,
            484,
            587,
            504,
            531,
            975,
            586,
            246,
            154,
            666,
            13,
            658,
            591,
            425,
            437
        ],
        [
            113,
            39,
            84,
            74,
            20,
            127,
            108,
            34,
            155,
            125,
            14,
            119,
            85,
            31,
            72,
            91,
            32,
            323,
            288,
            215,
            258,
            289,
            279,
            217,
            157,
            162,
            341,
            275,
            12,
            51,
            55,
            209,
            348,
            184,
            194,
            354,
            229,
            299,
            287,
            347,
            369,
            416,
            365,
            484,
            455,
            448,
            419,
            446,
            498,
            285,
            296,
            188,
            530,
            545,
            510,
            507,
            367,
            543,
            312,
            415,
            359,
            245,
            554,
            678,
            370,
            915,
            183,
            605,
            772,
            965,
            615,
            282,
            431,
            362,
            445,
            604,
            626,
            684,
            64,
            938,
            136,
            850,
            525,
            611,
            383,
            809,
            773,
            975,
            403,
            711,
            595,
            204,
            241,
            99,
            553,
            357,
            1001,
            322,
            33,
            808,
            464,
            148,
            225,
            648,
            835,
            457,
            15,
            526,
            692,
            46,
            482,
            141,
            757,
            456,
            244,
            128,
            375,
            439,
            892,
            899,
            504,
            38,
            960,
            641,
            776,
            740,
            272,
            700,
            591,
            518,
            1017,
            278,
            613,
            421,
            430,
            339,
            802,
            371,
            28,
            552,
            29,
            532,
            955,
            704,
            112,
            418,
            391,
            250,
            118,
            895
        ]
    ],
    "goal": [
        [
            745,
            431,
            624,
            632,
            490,
            332,
            875,
            897,
            296,
            728,
            870,
            710,
            519,
            690,
            738,
            882,
            721,
            525,
            758,
            853,
            136,
            623,
            500,
            648,
            666,
            885,
            464,
            704,
            86,
            416,
            524,
            32,
            456,
            746,
            835,
            980,
            2,
            72,
            685,
            902,
            890,
            763,
            279,
            397,
            836,
            839,
            956,
            934,
            285,
            30,
            159,
            821,
            482,
            847,
            226,
            597,
            483,
            359,
            189,
            498,
            299,
            445,
            207,
            368,
            450,
            604,
            561,
            851,
            945,
            204,
            447,
            559,
            244,
            735,
            96,
            899,
            453,
            394,
            698,
            259,
            642,
            780,
            953,
            64,
            133,
            508,
            51,
            544,
            454,
            225,
            702,
            501,
            78,
            924,
            729,
            546,
            931,
            858,
            944,
            425,
            933,
            536,
            701,
            824,
            910,
            74,
            446,
            574,
            92,
            385,
            66,
            659,
            148,
            706,
            633,
            722,
            730,
            100,
            59,
            99,
            720,
            896,
            797,
            314,
            800,
            818,
            960,
            916,
            812,
            891,
            605,
            77,
            850,
            869,
            13,
            369,
            478,
            915,
            154,
            16,
            135,
            436,
            582,
            27,
            1000,
            542,
            919,
            711,
            239,
            362
        ],
        [
            895,
            890,
            905,
            871,
            943,
            407,
            885,
            544,
            223,
            600,
            898,
            649,
            494,
            967,
            450,
            2,
            442,
            688,
            556,
            676,
            915,
            473,
            491,
            322,
            606,
            384,
            349,
            846,
            438,
            465,
            307,
            461,
            375,
            133,
            772,
            720,
            910,
            359,
            1016,
            393,
            1006,
            979,
            285,
            858,
            162,
            457,
            906,
            313,
            159,
            823,
            483,
            999,
            954,
            250,
            986,
            809,
            966,
            484,
            611,
            579,
            821,
            368,
            3,
            632,
            23,
            118,
            386,
            332,
            758,
            899,
            735,
            822,
            747,
            559,
            447,
            238,
            255,
            114,
            278,
            666,
            93,
            813,
            850,
            824,
            686,
            917,
            791,
            339,
            780,
            299,
            439,
            210,
            55,
            333,
            633,
            431,
            246,
            136,
            894,
            953,
            706,
            909,
            955,
            692,
            357,
            586,
            643,
            605,
            379,
            956,
            642,
            312,
            204,
            134,
            742,
            74,
            596,
            84,
            774,
            517,
            856,
            980,
            289,
            755,
            121,
            977,
            527,
            391,
            370,
            713,
            397,
            36,
            678,
            358,
            762,
            776,
            99,
            119,
            20,
            140,
            880,
            507,
            960,
            525,
            546,
            445,
            508,
            623,
            543,
            492
        ],
        [
            407,
            510,
            649,
            1001,
            784,
            14,
            98,
            226,
            1000,
            762,
            981,
            636,
            899,
            194,
            890,
            358,
            454,
            242,
            174,
            145,
            851,
            404,
            826,
            536,
            99,
            713,
            685,
            163,
            834,
            530,
            720,
            911,
            824,
            204,
            514,
            616,
            255,
            245,
            438,
            739,
            907,
            815,
            313,
            323,
            51,
            217,
            181,
            801,
            246,
            282,
            916,
            82,
            3,
            101,
            188,
            15,
            756,
            845,
            91,
            370,
            484,
            804,
            633,
            162,
            797,
            749,
            16,
            869,
            796,
            574,
            437,
            385,
            39,
            34,
            394,
            391,
            790,
            648,
            650,
            146,
            677,
            478,
            375,
            623,
            666,
            875,
            482,
            112,
            127,
            1018,
            791,
            418,
            632,
            979,
            608,
            21,
            74,
            312,
            928,
            643,
            589,
            2,
            966,
            644,
            800,
            184,
            243,
            272,
            705,
            970,
            140,
            978,
            491,
            148,
            819,
            518,
            730,
            822,
            121,
            688,
            857,
            821,
            747,
            191,
            365,
            429,
            871,
            853,
            667,
            420,
            244,
            701,
            333,
            183,
            728,
            604,
            134,
            48,
            527,
            362,
            19,
            50,
            446,
            450,
            75,
            113,
            780,
            909,
            120,
            27
        ],
        [
            290,
            386,
            597,
            776,
            815,
            710,
            894,
            846,
            869,
            484,
            1000,
            113,
            739,
            410,
            457,
            394,
            907,
            686,
            229,
            939,
            225,
            685,
            800,
            681,
            216,
            165,
            407,
            822,
            606,
            550,
            508,
            146,
            897,
            461,
            796,
            1017,
            532,
            546,
            49,
            625,
            734,
            48,
            393,
            198,
            562,
            341,
            932,
            587,
            613,
            904,
            826,
            453,
            783,
            688,
            702,
            747,
            28,
            659,
            919,
            915,
            818,
            705,
            157,
            210,
            545,
            650,
            819,
            21,
            237,
            527,
            924,
            278,
            29,
            418,
            604,
            251,
            464,
            37,
            553,
            938,
            15,
            1007,
            245,
            953,
            2,
            370,
            289,
            626,
            507,
            524,
            756,
            735,
            448,
            331,
            91,
            385,
            852,
            467,
            126,
            246,
            59,
            391,
            403,
            986,
            486,
            99,
            517,
            447,
            660,
            125,
            834,
            128,
            383,
            845,
            438,
            582,
            286,
            757,
            121,
            136,
            389,
            466,
            454,
            895,
            282,
            348,
            704,
            209,
            642,
            55,
            133,
            698,
            272,
            66,
            491,
            483,
            152,
            38,
            313,
            746,
            83,
            20,
            954,
            436,
            271,
            543,
            134,
            419,
            651,
            492
        ],
        [
            875,
            879,
            562,
            692,
            354,
            687,
            722,
            870,
            439,
            752,
            261,
            677,
            502,
            258,
            676,
            981,
            588,
            244,
            933,
            915,
            175,
            762,
            945,
            624,
            631,
            238,
            554,
            518,
            595,
            594,
            591,
            896,
            13,
            359,
            822,
            978,
            535,
            259,
            700,
            183,
            187,
            30,
            134,
            492,
            527,
            442,
            904,
            858,
            482,
            905,
            118,
            686,
            99,
            954,
            650,
            384,
            706,
            517,
            604,
            519,
            809,
            395,
            698,
            899,
            1018,
            85,
            893,
            869,
            135,
            467,
            702,
            851,
            596,
            563,
            285,
            29,
            245,
            71,
            546,
            740,
            188,
            450,
            371,
            684,
            763,
            784,
            797,
            738,
            31,
            410,
            146,
            944,
            162,
            909,
            446,
            217,
            894,
            852,
            296,
            632,
            307,
            1007,
            836,
            826,
            419,
            834,
            552,
            509,
            218,
            649,
            813,
            897,
            776,
            125,
            582,
            453,
            613,
            796,
            145,
            510,
            225,
            531,
            644,
            918,
            660,
            155,
            975,
            919,
            246,
            559,
            152,
            606,
            576,
            890,
            38,
            500,
            895,
            27,
            882,
            701,
            461,
            159,
            911,
            600,
            782,
            411,
            74,
            78,
            693,
            120
        ]
    ]
}