{
    "name": "46_28",
    "weight": false,
    "n_row": 32,
    "n_col": 32,
    "layout": [
        "@......@.@@@....@@@@....@.@@@@@.",
        "@.@.@@.@.@@..@.@@@@..@..@..@@.@.",
        "@.@.@@.@....@@.@@.@@.@@.@..@@.@.",
        "@.@.@@.@.@..@@.@...@..@.@@....@.",
        "@@@@...@.@@.@@@@.@.@@.@.@..@@.@.",
        ".@@@.@.@.@@@@.@@.@...@@.@@.@@.@.",
        "...@.@.@..@@@.@@..@@.@@..@.@@.@.",
        "@@...@.@@.@@@.@...@@..@..@.@@.@.",
        "@@.@@..@@..@@....@@.....@@.@@.@.",
        "..@@@@.@@..@@.@@..@@.@@.@@.@@.@.",
        "@..@.......@@.@@..@@..@..@@@@.@.",
        "@@....@@@.@@.@@@.@@..@@@..@.@.@.",
        "@@..@@.@@..@..@@..@..@@.@@@.@.@.",
        "@....@..@@.@@.@@..@......@@.@.@.",
        "@.@@..@..@.@@.@@..@@@.@@.@@.@.@.",
        "@..@@.@@......@@..@...@@....@.@.",
        "..@.@@@@@..@@.@@.@@..@@@.@..@...",
        "@.@..@@.@@..@.@@.@@@.@@@@@..@.@.",
        "@..@..@..@@.@@@..@..@@@@@@.@@.@.",
        "@@.@@....@@..@@@.@@...@@@...@.@.",
        "@@@@@.@..@..@@@...@@.@.@@.@.@.@.",
        "..@@..@@.@@..@..@@@....@@.@...@.",
        "@.@@..@@..@...@..@@..@@@@.@.@.@.",
        "@....@.@@@@.@@@@..@..@@...@@@.@.",
        "@.@......@@..@@..@@@.@@@.@@...@.",
        "..@@.@.@.@@..@@..@@..@@@..@..@@.",
        "@.@@@@.@.@@@.@@..@@..@@@..@@.@@.",
        "@@..@@.....@.@.@.@@@.@@@.@@@.@@.",
        ".@....@.@@.......@@..@@@..@@.@@.",
        "...@@...@@@.@@@@.@@..@@...@@@@@.",
        "@@.@@@@.@@@@@@@.....@@..@@@@@@@.",
        "@@@@@@@@@@@@@@..@@@.@@@..@@@@@@@"
    ],
    "start": [
        [
            21,
            113,
            132,
            116,
            65,
            125,
            12,
            117,
            73,
            102,
            99,
            90,
            361,
            183,
            230,
            276,
            189,
            205,
            46,
            72,
            133,
            168,
            43,
            157,
            22,
            1,
            134,
            333,
            341,
            317,
            285,
            557,
            509,
            571,
            437,
            493,
            438,
            426,
            447,
            390,
            465,
            397,
            377,
            485,
            506,
            258,
            308,
            343,
            386,
            403,
            551,
            432,
            528,
            354,
            287,
            328,
            227,
            262,
            245,
            201,
            198,
            240,
            610,
            216,
            84,
            709,
            455,
            783,
            824,
            1016,
            712,
            23,
            627,
            522,
            344,
            78,
            325,
            575,
            25,
            831,
            975,
            532,
            407,
            13,
            54,
            613,
            233,
            838,
            903,
            371,
            737,
            895,
            591,
            584,
            815,
            539,
            212,
            967,
            637,
            423,
            884,
            784,
            779,
            848,
            44,
            89,
            920,
            548,
            289,
            648,
            795,
            825,
            511,
            2,
            196,
            645,
            771,
            863,
            154,
            277,
            497,
            415,
            662,
            266,
            628,
            298,
            15,
            194,
            827,
            228,
            543,
            921,
            270,
            851,
            417,
            237,
            594,
            218,
            512,
            870,
            247,
            265,
            376,
            379,
            104,
            436,
            357,
            697,
            616,
            680
        ],
        [
            149,
            157,
            78,
            3,
            52,
            25,
            160,
            154,
            178,
            230,
            333,
            336,
            308,
            183,
            297,
            364,
            237,
            218,
            317,
            240,
            194,
            329,
            227,
            173,
            33,
            54,
            114,
            250,
            200,
            193,
            294,
            404,
            435,
            547,
            453,
            354,
            311,
            386,
            475,
            426,
            492,
            449,
            419,
            485,
            504,
            525,
            528,
            322,
            328,
            248,
            314,
            221,
            270,
            191,
            266,
            272,
            261,
            288,
            387,
            433,
            735,
            324,
            605,
            277,
            947,
            648,
            438,
            21,
            896,
            422,
            271,
            665,
            371,
            906,
            693,
            935,
            852,
            788,
            20,
            796,
            602,
            413,
            983,
            587,
            907,
            491,
            8,
            884,
            212,
            742,
            595,
            848,
            164,
            933,
            479,
            975,
            279,
            95,
            12,
            226,
            560,
            134,
            407,
            258,
            645,
            106,
            357,
            948,
            856,
            824,
            415,
            575,
            900,
            151,
            287,
            74,
            301,
            265,
            753,
            351,
            116,
            876,
            820,
            771,
            472,
            445,
            285,
            321,
            110,
            99,
            4,
            797,
            733,
            223,
            437,
            443,
            910,
            928,
            464,
            825,
            481,
            104,
            198,
            420,
            683,
            724,
            46,
            620,
            977,
            804
        ],
        [
            58,
            8,
            3,
            33,
            5,
            1,
            75,
            38,
            22,
            2,
            4,
            112,
            173,
            144,
            23,
            35,
            179,
            287,
            297,
            250,
            25,
            15,
            157,
            99,
            54,
            107,
            12,
            40,
            20,
            110,
            90,
            308,
            419,
            570,
            539,
            351,
            327,
            271,
            248,
            276,
            328,
            218,
            270,
            191,
            247,
            311,
            472,
            452,
            413,
            577,
            554,
            512,
            464,
            491,
            422,
            420,
            492,
            262,
            237,
            282,
            239,
            771,
            739,
            648,
            738,
            619,
            417,
            429,
            485,
            482,
            438,
            515,
            497,
            407,
            401,
            505,
            397,
            411,
            595,
            740,
            723,
            650,
            1016,
            662,
            613,
            564,
            159,
            713,
            541,
            848,
            657,
            499,
            656,
            651,
            948,
            709,
            578,
            551,
            831,
            930,
            336,
            896,
            355,
            301,
            647,
            774,
            953,
            816,
            775,
            314,
            591,
            500,
            14,
            909,
            876,
            305,
            827,
            796,
            381,
            117,
            737,
            149,
            176,
            193,
            212,
            571,
            376,
            114,
            51,
            724,
            560,
            1011,
            772,
            573,
            341,
            692,
            21,
            979,
            815,
            386,
            800,
            93,
            78,
            671,
            684,
            639,
            223,
            863,
            860,
            712
        ],
        [
            95,
            107,
            5,
            13,
            74,
            173,
            4,
            84,
            159,
            149,
            15,
            46,
            43,
            119,
            270,
            344,
            354,
            314,
            287,
            285,
            277,
            250,
            78,
            146,
            1,
            154,
            343,
            272,
            194,
            269,
            200,
            472,
            554,
            542,
            420,
            228,
            501,
            387,
            440,
            443,
            301,
            336,
            241,
            218,
            298,
            351,
            364,
            245,
            253,
            304,
            237,
            404,
            258,
            581,
            106,
            504,
            920,
            716,
            445,
            947,
            505,
            426,
            215,
            909,
            713,
            322,
            645,
            99,
            419,
            717,
            512,
            532,
            305,
            929,
            319,
            874,
            58,
            275,
            1016,
            602,
            255,
            2,
            833,
            639,
            528,
            637,
            511,
            25,
            677,
            801,
            438,
            906,
            429,
            461,
            123,
            423,
            499,
            742,
            828,
            799,
            452,
            594,
            227,
            377,
            35,
            418,
            396,
            759,
            209,
            72,
            911,
            325,
            436,
            372,
            701,
            780,
            57,
            687,
            831,
            330,
            555,
            413,
            738,
            650,
            775,
            684,
            397,
            694,
            613,
            490,
            453,
            720,
            660,
            153,
            729,
            356,
            90,
            575,
            198,
            288,
            394,
            44,
            765,
            205,
            983,
            676,
            672,
            852,
            124,
            629
        ],
        [
            95,
            122,
            72,
            67,
            3,
            113,
            12,
            133,
            173,
            102,
            97,
            38,
            35,
            54,
            104,
            124,
            119,
            116,
            311,
            326,
            298,
            355,
            247,
            55,
            21,
            15,
            154,
            132,
            240,
            194,
            200,
            532,
            403,
            453,
            455,
            570,
            445,
            387,
            458,
            492,
            456,
            209,
            275,
            237,
            317,
            244,
            183,
            216,
            215,
            426,
            560,
            536,
            193,
            262,
            329,
            328,
            226,
            230,
            248,
            205,
            289,
            591,
            665,
            415,
            541,
            551,
            505,
            504,
            581,
            615,
            756,
            607,
            75,
            578,
            896,
            903,
            429,
            916,
            543,
            383,
            233,
            812,
            545,
            857,
            513,
            146,
            401,
            20,
            952,
            186,
            99,
            944,
            629,
            433,
            806,
            769,
            634,
            804,
            125,
            616,
            831,
            774,
            915,
            717,
            493,
            245,
            127,
            443,
            672,
            465,
            270,
            497,
            872,
            575,
            23,
            909,
            413,
            397,
            250,
            65,
            694,
            218,
            472,
            531,
            31,
            921,
            878,
            753,
            731,
            624,
            287,
            1007,
            692,
            87,
            538,
            571,
            934,
            840,
            440,
            407,
            847,
            4,
            107,
            477,
            512,
            278,
            927,
            708,
            266,
            647
        ]
    ],
    "goal": [
        [
            737,
            587,
            738,
            65,
            796,
            333,
            573,
            397,
            511,
            959,
            939,
            422,
            788,
            1016,
            436,
            895,
            70,
            297,
            551,
            304,
            776,
            372,
            23,
            341,
            189,
            276,
            723,
            779,
            911,
            650,
            492,
            401,
            739,
            396,
            361,
            538,
            193,
            615,
            420,
            311,
            929,
            415,
            619,
            928,
            962,
            742,
            647,
            543,
            479,
            808,
            200,
            356,
            20,
            759,
            248,
            831,
            437,
            900,
            12,
            804,
            783,
            490,
            340,
            978,
            671,
            72,
            157,
            429,
            907,
            387,
            577,
            848,
            812,
            255,
            445,
            909,
            247,
            673,
            701,
            411,
            208,
            874,
            455,
            687,
            665,
            820,
            127,
            1006,
            504,
            78,
            15,
            930,
            5,
            239,
            245,
            227,
            892,
            139,
            676,
            52,
            982,
            628,
            400,
            920,
            991,
            75,
            752,
            669,
            528,
            878,
            458,
            715,
            368,
            93,
            522,
            545,
            512,
            800,
            325,
            153,
            279,
            627,
            472,
            183,
            456,
            25,
            277,
            418,
            403,
            499,
            903,
            67,
            278,
            6,
            571,
            110,
            912,
            449,
            447,
            482,
            192,
            899,
            570,
            90,
            799,
            872,
            756,
            755,
            438,
            298
        ],
        [
            795,
            376,
            465,
            551,
            298,
            820,
            239,
            975,
            453,
            635,
            874,
            799,
            250,
            95,
            796,
            703,
            811,
            898,
            113,
            709,
            400,
            581,
            656,
            253,
            377,
            982,
            136,
            324,
            497,
            51,
            469,
            261,
            867,
            221,
            541,
            833,
            328,
            935,
            944,
            857,
            607,
            871,
            379,
            1011,
            619,
            245,
            326,
            771,
            149,
            287,
            779,
            481,
            824,
            97,
            888,
            297,
            634,
            647,
            928,
            594,
            737,
            760,
            959,
            755,
            215,
            496,
            816,
            4,
            765,
            153,
            84,
            2,
            123,
            657,
            304,
            692,
            196,
            12,
            979,
            491,
            715,
            578,
            560,
            671,
            507,
            413,
            386,
            499,
            677,
            317,
            580,
            164,
            22,
            651,
            67,
            116,
            542,
            218,
            583,
            708,
            154,
            285,
            808,
            591,
            25,
            801,
            107,
            357,
            614,
            387,
            390,
            977,
            13,
            924,
            828,
            407,
            866,
            967,
            117,
            419,
            456,
            124,
            1016,
            364,
            31,
            63,
            216,
            772,
            333,
            775,
            189,
            355,
            485,
            522,
            774,
            747,
            209,
            1007,
            723,
            870,
            538,
            851,
            584,
            863,
            244,
            645,
            500,
            759,
            93,
            106
        ],
        [
            301,
            304,
            911,
            929,
            189,
            686,
            377,
            947,
            613,
            114,
            888,
            250,
            289,
            361,
            489,
            241,
            788,
            248,
            255,
            921,
            804,
            275,
            394,
            90,
            760,
            179,
            771,
            628,
            797,
            799,
            979,
            38,
            477,
            149,
            75,
            769,
            705,
            712,
            14,
            63,
            677,
            497,
            46,
            262,
            491,
            619,
            779,
            212,
            939,
            505,
            479,
            277,
            665,
            154,
            124,
            720,
            594,
            656,
            840,
            627,
            429,
            983,
            230,
            298,
            595,
            314,
            915,
            676,
            723,
            872,
            196,
            532,
            418,
            265,
            647,
            878,
            376,
            139,
            1016,
            924,
            542,
            413,
            651,
            735,
            279,
            912,
            866,
            525,
            227,
            67,
            81,
            575,
            198,
            639,
            116,
            305,
            223,
            620,
            493,
            349,
            944,
            1011,
            218,
            435,
            792,
            5,
            151,
            122,
            1007,
            541,
            340,
            166,
            458,
            767,
            564,
            343,
            453,
            294,
            693,
            605,
            226,
            513,
            74,
            687,
            496,
            772,
            6,
            31,
            132,
            200,
            4,
            759,
            383,
            133,
            25,
            336,
            700,
            168,
            512,
            856,
            499,
            629,
            538,
            753,
            438,
            492,
            776,
            420,
            423,
            55
        ],
        [
            304,
            874,
            110,
            712,
            271,
            583,
            528,
            761,
            551,
            379,
            991,
            407,
            506,
            228,
            796,
            979,
            899,
            6,
            901,
            2,
            397,
            840,
            1011,
            452,
            119,
            982,
            900,
            863,
            628,
            916,
            927,
            783,
            146,
            912,
            575,
            828,
            4,
            739,
            104,
            453,
            492,
            72,
            3,
            951,
            731,
            715,
            667,
            322,
            418,
            258,
            717,
            909,
            241,
            797,
            767,
            594,
            376,
            73,
            426,
            607,
            70,
            920,
            445,
            113,
            433,
            216,
            844,
            635,
            35,
            200,
            747,
            860,
            58,
            733,
            564,
            269,
            774,
            12,
            311,
            160,
            624,
            179,
            97,
            420,
            340,
            297,
            356,
            587,
            23,
            13,
            896,
            321,
            317,
            270,
            976,
            244,
            812,
            753,
            488,
            237,
            208,
            824,
            411,
            908,
            20,
            136,
            333,
            469,
            804,
            377,
            44,
            967,
            687,
            166,
            344,
            505,
            67,
            857,
            983,
            149,
            215,
            792,
            107,
            591,
            84,
            381,
            387,
            800,
            735,
            223,
            871,
            547,
            870,
            447,
            872,
            752,
            193,
            769,
            403,
            962,
            545,
            89,
            977,
            811,
            63,
            500,
            226,
            650,
            383,
            880
        ],
        [
            371,
            63,
            504,
            694,
            729,
            43,
            144,
            564,
            759,
            871,
            584,
            383,
            305,
            322,
            967,
            200,
            747,
            97,
            982,
            733,
            500,
            804,
            703,
            485,
            230,
            808,
            723,
            221,
            127,
            852,
            769,
            396,
            901,
            614,
            337,
            262,
            333,
            84,
            178,
            731,
            245,
            872,
            929,
            776,
            819,
            104,
            153,
            74,
            578,
            824,
            38,
            1011,
            95,
            866,
            341,
            951,
            208,
            815,
            908,
            928,
            697,
            799,
            107,
            712,
            240,
            507,
            228,
            692,
            149,
            531,
            193,
            452,
            419,
            784,
            978,
            139,
            909,
            321,
            270,
            179,
            878,
            180,
            506,
            488,
            700,
            916,
            201,
            900,
            99,
            911,
            651,
            767,
            610,
            662,
            825,
            496,
            648,
            896,
            75,
            133,
            4,
            6,
            570,
            248,
            719,
            605,
            453,
            860,
            619,
            44,
            816,
            386,
            51,
            811,
            415,
            691,
            591,
            112,
            168,
            647,
            119,
            709,
            548,
            354,
            432,
            33,
            287,
            407,
            279,
            422,
            106,
            271,
            613,
            515,
            490,
            684,
            25,
            760,
            686,
            624,
            329,
            413,
            708,
            443,
            146,
            628,
            186,
            160,
            962,
            595
        ]
    ]
}