{
    "name": "72_63",
    "weight": false,
    "n_row": 32,
    "n_col": 32,
    "layout": [
        ".@@.@@.@@.@@.@@.......@@.@@@@@@@",
        ".@@.@@.......@@.@@.@@.@@.@@@@@@@",
        ".@@.@@.@@.@@.@@.@@.@@.@@.@@@@@@@",
        ".@@.@@.@@.@@.@@.@@.@@.@@.@@@@@@@",
        ".@@.@@.@@.@@.@@.@@.@@.@@.@@.@@@@",
        "....@@.@@.@@.@@.@@.@@.@@.@@.@@@@",
        ".@@....@@.@@....@@.@@.@@.@@.@@@@",
        ".@@.@@.@@.@@.@@.@@.@@.@@.@@..@@@",
        ".@@.@@.@@.@@.@@.@@.@@.@@.@@.@@@@",
        ".@@.@@.@@.@@.@@.@@.@@.@@.@@.@@@@",
        ".@@.@@.@@.@@.@@.@@.@@.@@.@@.@..@",
        ".@@.@@.@@.@@.@@.@@.@@.@@.@@.@@.@",
        ".@@.@@.@@.@@.@@.@@.@@.@@.@@.@@.@",
        ".@@.@@.@@.@@.@@.@@.@@.@@.@@.@@.@",
        ".@@.@@.@@.@@.@@.@@.@@.@@.@@.@@.@",
        ".@@.@@.@@.@@.@@.@@.@@.@@.@@.@@.@",
        ".@@.@@.@@.@@.@@.@@.@@.@@.@@.@@.@",
        ".@@.@@.@@.@@.@@.@@.@@.@@.@@.@@.@",
        ".@@.@@.@@.@@.@@.@@.@@.@@.@@.@@.@",
        ".@@.@@.@@.@@.@@.@@.@@.@@.@@.@@.@",
        ".@@.@@.@@.@@.@@.@@@@@.@@.@@.@@.@",
        ".@@.@@.@@.@@.@@.@@@@@.@@.@@.@@.@",
        ".@@.@@.@@.@@.@@.@@@@...@.@@.@@.@",
        ".@@.@@.@@.@@.@@.@@@..@.@.@@.@@.@",
        ".@@.@@.@@.@@.@@.@@..@@......@@.@",
        ".@@.@@.@@.@@.@@.@@.@@@@.@@@.@@.@",
        ".@@.@@.@@.@@.@@.@@.@@@..@@@....@",
        ".@@.@@.@@.@@.@@.@@.@@..@@@..@@.@",
        ".@@.@@.@@.@@.@@.@@.@@.@@@@.@@@.@",
        "@@@.@@.@@.@@.@@.@@.@@.@@@..@@..@",
        "@@@.@@@@@.@@@@@.@@@@@@@@..@@@..@",
        "@@@@@@@@@@@@@@@@@@@@@@@@.@@@@@@@"
    ],
    "start": [
        [
            18,
            120,
            102,
            172,
            213,
            85,
            216,
            131,
            38,
            155,
            143,
            12,
            355,
            367,
            326,
            268,
            245,
            350,
            393,
            248,
            20,
            70,
            140,
            195,
            175,
            73,
            134,
            39,
            96,
            187,
            309,
            478,
            565,
            463,
            498,
            542,
            446,
            562,
            521,
            579,
            527,
            614,
            576,
            547,
            486,
            507,
            291,
            242,
            376,
            379,
            329,
            358,
            411,
            419,
            335,
            597,
            475,
            483,
            399,
            277,
            437,
            384,
            146,
            274,
            739,
            469,
            946,
            492,
            664,
            300,
            891,
            681,
            283,
            931,
            670,
            748,
            908,
            818,
            626,
            32,
            600,
            800,
            629,
            162,
            332,
            233,
            428,
            838,
            672,
            114,
            117,
            803,
            294,
            416,
            899,
            763,
            472,
            792,
            178,
            88,
            431,
            832,
            53,
            724,
            905,
            50,
            67,
            207,
            352,
            373,
            105,
            896,
            315,
            448,
            341,
            3,
            632,
            204,
            553,
            414,
            149,
            128,
            882,
            640,
            99,
            82,
            515,
            338,
            35,
            265,
            707,
            726,
            161,
            443,
            43,
            716,
            862,
            725,
            9,
            0,
            684,
            594,
            873,
            539,
            425,
            40,
            390,
            19,
            861,
            860
        ],
        [
            181,
            64,
            206,
            15,
            184,
            88,
            195,
            152,
            137,
            201,
            39,
            0,
            50,
            300,
            338,
            419,
            349,
            233,
            402,
            309,
            79,
            161,
            192,
            175,
            67,
            56,
            178,
            99,
            19,
            163,
            187,
            364,
            344,
            411,
            431,
            280,
            425,
            355,
            315,
            312,
            347,
            323,
            256,
            492,
            252,
            224,
            236,
            416,
            361,
            306,
            440,
            326,
            393,
            387,
            335,
            274,
            382,
            283,
            617,
            448,
            963,
            667,
            483,
            259,
            550,
            734,
            608,
            728,
            867,
            42,
            332,
            818,
            219,
            24,
            422,
            830,
            809,
            35,
            838,
            472,
            815,
            457,
            696,
            937,
            376,
            626,
            533,
            149,
            649,
            606,
            1016,
            905,
            399,
            969,
            736,
            350,
            954,
            693,
            408,
            542,
            96,
            990,
            108,
            795,
            204,
            443,
            793,
            396,
            498,
            565,
            559,
            646,
            931,
            227,
            790,
            17,
            213,
            890,
            894,
            434,
            985,
            114,
            716,
            832,
            731,
            169,
            914,
            847,
            812,
            3,
            643,
            489,
            370,
            751,
            536,
            786,
            635,
            640,
            166,
            766,
            140,
            855,
            475,
            748,
            638,
            719,
            803,
            44,
            632,
            902
        ],
        [
            24,
            56,
            44,
            35,
            178,
            21,
            120,
            39,
            306,
            399,
            280,
            38,
            16,
            152,
            213,
            216,
            195,
            201,
            205,
            143,
            166,
            88,
            259,
            274,
            162,
            12,
            111,
            15,
            117,
            245,
            320,
            498,
            614,
            492,
            460,
            486,
            480,
            510,
            428,
            341,
            373,
            326,
            361,
            315,
            236,
            277,
            248,
            544,
            469,
            489,
            745,
            815,
            108,
            594,
            867,
            102,
            437,
            527,
            861,
            591,
            855,
            908,
            197,
            635,
            632,
            233,
            0,
            611,
            675,
            899,
            443,
            943,
            931,
            515,
            803,
            890,
            559,
            734,
            300,
            940,
            949,
            860,
            606,
            571,
            670,
            323,
            137,
            553,
            252,
            780,
            969,
            699,
            347,
            6,
            684,
            79,
            73,
            507,
            655,
            67,
            184,
            792,
            335,
            434,
            588,
            384,
            146,
            859,
            975,
            206,
            911,
            294,
            713,
            626,
            530,
            885,
            32,
            597,
            454,
            219,
            783,
            793,
            774,
            172,
            338,
            379,
            681,
            725,
            402,
            937,
            687,
            766,
            128,
            393,
            53,
            472,
            539,
            809,
            416,
            739,
            20,
            495,
            96,
            332,
            934,
            518,
            646,
            411,
            533,
            265
        ],
        [
            40,
            120,
            67,
            88,
            35,
            184,
            166,
            128,
            192,
            82,
            15,
            105,
            70,
            64,
            50,
            73,
            12,
            349,
            117,
            18,
            131,
            396,
            387,
            16,
            178,
            53,
            21,
            96,
            32,
            172,
            236,
            579,
            483,
            617,
            440,
            527,
            576,
            533,
            492,
            306,
            43,
            550,
            885,
            536,
            152,
            800,
            19,
            922,
            606,
            847,
            425,
            963,
            798,
            734,
            283,
            0,
            946,
            771,
            882,
            940,
            626,
            475,
            949,
            162,
            478,
            931,
            233,
            498,
            855,
            379,
            611,
            437,
            954,
            480,
            163,
            864,
            736,
            806,
            373,
            521,
            134,
            899,
            206,
            704,
            646,
            312,
            672,
            953,
            326,
            614,
            213,
            248,
            6,
            876,
            652,
            591,
            300,
            198,
            777,
            259,
            309,
            376,
            585,
            320,
            315,
            44,
            914,
            745,
            196,
            434,
            256,
            707,
            245,
            830,
            926,
            640,
            574,
            794,
            344,
            670,
            766,
            140,
            790,
            768,
            726,
            664,
            47,
            725,
            553,
            463,
            716,
            411,
            861,
            20,
            175,
            989,
            815,
            751,
            230,
            699,
            905,
            42,
            667,
            693,
            823,
            370,
            472,
            443,
            262,
            402
        ],
        [
            155,
            76,
            210,
            20,
            19,
            50,
            196,
            111,
            32,
            172,
            160,
            162,
            216,
            82,
            120,
            47,
            143,
            53,
            108,
            137,
            277,
            338,
            274,
            419,
            239,
            227,
            358,
            271,
            146,
            85,
            134,
            332,
            230,
            402,
            297,
            382,
            344,
            434,
            544,
            597,
            268,
            422,
            233,
            408,
            341,
            252,
            288,
            428,
            291,
            405,
            425,
            245,
            280,
            495,
            486,
            312,
            315,
            387,
            256,
            396,
            617,
            745,
            755,
            632,
            309,
            329,
            12,
            611,
            786,
            734,
            693,
            390,
            594,
            832,
            885,
            571,
            790,
            894,
            891,
            42,
            248,
            117,
            882,
            800,
            460,
            911,
            643,
            437,
            448,
            626,
            707,
            719,
            446,
            791,
            379,
            24,
            510,
            79,
            533,
            736,
            515,
            224,
            504,
            376,
            64,
            664,
            724,
            303,
            105,
            451,
            411,
            953,
            443,
            349,
            870,
            370,
            197,
            670,
            70,
            806,
            259,
            922,
            600,
            300,
            542,
            469,
            763,
            206,
            684,
            635,
            350,
            629,
            347,
            384,
            17,
            489,
            873,
            855,
            539,
            512,
            1016,
            731,
            969,
            652,
            184,
            879,
            21,
            242,
            608,
            521
        ]
    ],
    "goal": [
        [
            800,
            405,
            501,
            949,
            515,
            571,
            252,
            984,
            766,
            428,
            350,
            806,
            338,
            870,
            953,
            629,
            550,
            931,
            725,
            419,
            283,
            597,
            755,
            798,
            860,
            958,
            382,
            818,
            756,
            172,
            323,
            155,
            303,
            790,
            568,
            73,
            774,
            169,
            547,
            777,
            672,
            277,
            886,
            521,
            152,
            40,
            792,
            844,
            161,
            495,
            341,
            149,
            0,
            758,
            512,
            268,
            937,
            890,
            768,
            475,
            56,
            111,
            731,
            975,
            783,
            687,
            667,
            611,
            736,
            643,
            530,
            41,
            510,
            19,
            358,
            448,
            99,
            396,
            533,
            431,
            38,
            207,
            684,
            763,
            166,
            460,
            469,
            44,
            251,
            42,
            969,
            574,
            894,
            390,
            85,
            131,
            489,
            614,
            344,
            559,
            841,
            364,
            832,
            911,
            876,
            696,
            175,
            989,
            446,
            480,
            827,
            294,
            847,
            39,
            3,
            114,
            16,
            745,
            504,
            70,
            507,
            201,
            198,
            47,
            242,
            425,
            370,
            355,
            206,
            416,
            885,
            259,
            739,
            297,
            565,
            713,
            53,
            879,
            67,
            855,
            21,
            922,
            498,
            562,
            771,
            79,
            320,
            850,
            233,
            707
        ],
        [
            585,
            917,
            539,
            953,
            896,
            507,
            341,
            475,
            963,
            504,
            724,
            117,
            617,
            155,
            726,
            364,
            361,
            536,
            230,
            408,
            854,
            399,
            958,
            440,
            783,
            611,
            329,
            793,
            699,
            719,
            568,
            128,
            99,
            239,
            252,
            382,
            512,
            926,
            582,
            44,
            649,
            758,
            606,
            416,
            681,
            79,
            736,
            149,
            1016,
            492,
            879,
            565,
            219,
            985,
            766,
            105,
            774,
            224,
            728,
            16,
            655,
            187,
            937,
            533,
            860,
            393,
            17,
            204,
            638,
            498,
            693,
            82,
            294,
            806,
            480,
            780,
            120,
            18,
            787,
            207,
            227,
            661,
            640,
            864,
            40,
            396,
            88,
            861,
            169,
            283,
            367,
            908,
            835,
            451,
            556,
            745,
            742,
            43,
            206,
            134,
            794,
            608,
            280,
            42,
            312,
            902,
            876,
            696,
            768,
            67,
            795,
            425,
            603,
            891,
            678,
            597,
            524,
            588,
            178,
            460,
            143,
            940,
            510,
            734,
            387,
            859,
            344,
            931,
            550,
            347,
            632,
            838,
            422,
            274,
            6,
            518,
            131,
            64,
            414,
            713,
            791,
            946,
            160,
            670,
            501,
            146,
            890,
            559,
            297,
            431
        ],
        [
            756,
            466,
            985,
            823,
            387,
            646,
            894,
            963,
            472,
            862,
            969,
            242,
            507,
            841,
            719,
            43,
            469,
            742,
            536,
            451,
            914,
            934,
            886,
            736,
            713,
            990,
            899,
            192,
            707,
            460,
            205,
            544,
            309,
            288,
            291,
            748,
            19,
            149,
            352,
            137,
            670,
            213,
            478,
            847,
            515,
            902,
            643,
            620,
            393,
            227,
            917,
            832,
            638,
            70,
            312,
            891,
            844,
            181,
            196,
            21,
            512,
            885,
            315,
            161,
            984,
            379,
            414,
            16,
            812,
            798,
            88,
            475,
            206,
            760,
            777,
            408,
            710,
            96,
            655,
            768,
            341,
            774,
            358,
            724,
            562,
            855,
            608,
            614,
            437,
            661,
            908,
            329,
            323,
            175,
            946,
            434,
            114,
            446,
            297,
            734,
            262,
            17,
            629,
            860,
            42,
            597,
            827,
            108,
            954,
            486,
            373,
            571,
            178,
            585,
            725,
            294,
            245,
            800,
            524,
            501,
            896,
            117,
            131,
            539,
            405,
            492,
            277,
            12,
            256,
            300,
            780,
            364,
            41,
            803,
            873,
            943,
            957,
            111,
            626,
            879,
            745,
            163,
            678,
            922,
            419,
            9,
            166,
            940,
            989,
            751
        ],
        [
            957,
            585,
            588,
            17,
            756,
            985,
            652,
            946,
            396,
            640,
            0,
            702,
            908,
            53,
            32,
            469,
            277,
            175,
            6,
            954,
            565,
            553,
            475,
            131,
            984,
            219,
            899,
            181,
            248,
            795,
            953,
            830,
            280,
            195,
            562,
            882,
            437,
            162,
            864,
            341,
            478,
            349,
            574,
            233,
            40,
            728,
            419,
            408,
            629,
            556,
            79,
            315,
            303,
            431,
            163,
            457,
            963,
            495,
            67,
            510,
            835,
            696,
            102,
            527,
            707,
            812,
            768,
            783,
            15,
            161,
            405,
            434,
            227,
            443,
            861,
            539,
            149,
            73,
            230,
            533,
            143,
            64,
            597,
            515,
            24,
            518,
            911,
            169,
            643,
            350,
            809,
            693,
            758,
            536,
            335,
            382,
            635,
            827,
            867,
            300,
            766,
            626,
            786,
            18,
            803,
            245,
            56,
            922,
            975,
            890,
            793,
            891,
            989,
            498,
            344,
            926,
            251,
            210,
            402,
            940,
            614,
            608,
            448,
            297,
            347,
            338,
            818,
            704,
            35,
            326,
            1016,
            196,
            492,
            949,
            914,
            724,
            294,
            854,
            876,
            312,
            309,
            731,
            684,
            259,
            646,
            763,
            606,
            780,
            725,
            571
        ],
        [
            478,
            350,
            640,
            446,
            867,
            873,
            245,
            160,
            713,
            794,
            443,
            745,
            475,
            35,
            15,
            382,
            835,
            736,
            786,
            940,
            495,
            411,
            949,
            315,
            64,
            954,
            861,
            606,
            914,
            184,
            756,
            975,
            766,
            163,
            774,
            911,
            149,
            463,
            425,
            431,
            760,
            568,
            370,
            719,
            162,
            137,
            501,
            800,
            216,
            355,
            539,
            472,
            40,
            882,
            437,
            716,
            393,
            818,
            855,
            731,
            341,
            926,
            262,
            128,
            344,
            434,
            288,
            492,
            600,
            175,
            466,
            521,
            9,
            588,
            41,
            230,
            937,
            172,
            117,
            469,
            803,
            352,
            242,
            793,
            830,
            390,
            73,
            990,
            169,
            934,
            725,
            763,
            780,
            510,
            280,
            771,
            515,
            556,
            387,
            161,
            943,
            524,
            591,
            783,
            6,
            454,
            542,
            876,
            672,
            38,
            617,
            917,
            675,
            44,
            905,
            734,
            798,
            527,
            379,
            207,
            105,
            512,
            989,
            50,
            300,
            632,
            146,
            201,
            533,
            553,
            699,
            864,
            312,
            17,
            507,
            85,
            297,
            303,
            19,
            841,
            16,
            742,
            908,
            88,
            277,
            0,
            204,
            758,
            678,
            358
        ]
    ]
}