{
    "name": "74_66",
    "weight": false,
    "n_row": 32,
    "n_col": 32,
    "layout": [
        ".@@@@@@@@@@@@@@@@@@@@@@@@@@@@@@@",
        ".@@.@@.@@.@@.@@.@@.@@.@@@@@@@@@@",
        ".@@.@@.@@.@@.@@.@@.@@.@@@@@@@.@@",
        ".@@.@@....@@.@@.@@.@@.@@@@....@@",
        ".@@.@@.@@.@@.@@.@@.@@.@@@@.@@.@@",
        ".@@.@@.@@.@@.@@.@@.@@.@@@@.@@.@@",
        ".@@.@@.@@.@@.@@.@@.@@.@@@@.@@.@@",
        ".@@.@@.@@.@@.@@.@@.@@.@@@@.@@.@@",
        ".@@.@@.@@.@@.@@.@@.@@.@@@@.@@.@@",
        ".@@.@@.@@.@@.@@.@@.@@.@@@@.@@.@@",
        ".@@.@@.@@.@@.@@.@@.@@.@@@@.@@.@@",
        ".@@.@@.@@.@@.@@.@@.@@.@@@@.@@.@@",
        ".@@.@@.@@.@@.@@.@@.@@.@@@@.@@.@@",
        ".@@.@@.@@.@@.@@....@@.@@...@@.@@",
        ".@@.@@.@@.@@.@@.@@.@@.@@.@@@@.@@",
        "....@@.@@.@@....@@.@@....@@@@.@@",
        ".@@.@@.@@.@@.@@.@@.@@.@@.@@@@.@@",
        ".@@.@@.@@.@@.@@.@@.@@.@@.@@@@.@@",
        ".@@.@@.@@.@@.@@.@@.@@.@@.@@@@.@@",
        ".@@.@@.@@.@@.@@.@@.@@.@@.@@@@.@@",
        ".@@.@@.@@.@@.@@.@@.@@.@@.@@@@.@@",
        ".@@.@@.@@.@@.@@.@@.@@.@@.@@@@.@@",
        ".@@.@@.@@.@@.@@.@@.@@.@@.@@@@.@@",
        ".@@.@@.@@.@@.@@.@@.@@.@@.@@@@.@@",
        ".@@.@@.@@.@@.@@.@@....@@.@@@@.@@",
        ".@@.@@.@@.@@.@@.@@.@@.@@.@@....@",
        ".@@.@@.@@.@@.@@.@@.@@.@@.@@.@@.@",
        ".@@.@@.@@.@@.@@.@@.@@.@@.@@.@@.@",
        ".@@.@@.@@.@@.@@.@@.@@.@@.@@.@@.@",
        ".@@.@@.@@.@@.@@.@@.@@.@@.@@.@@.@",
        ".@@....@@.@@.@@.@@.@@.@@.@@.@@.@",
        "@@@@@@.@@....@@.@@.@@.@@.@@.@@.@"
    ],
    "start": [
        [
            163,
            85,
            195,
            181,
            82,
            178,
            44,
            111,
            169,
            67,
            425,
            352,
            233,
            274,
            433,
            227,
            341,
            335,
            262,
            326,
            288,
            204,
            76,
            189,
            35,
            268,
            405,
            419,
            149,
            134,
            128,
            265,
            239,
            390,
            346,
            361,
            291,
            256,
            332,
            393,
            236,
            422,
            550,
            585,
            870,
            949,
            146,
            448,
            896,
            856,
            687,
            250,
            879,
            515,
            693,
            413,
            509,
            297,
            175,
            495,
            242,
            859,
            1002,
            441,
            787,
            891,
            329,
            442,
            800,
            757,
            914,
            201,
            643,
            626,
            271,
            489,
            102,
            0,
            70,
            381,
            760,
            64,
            1003,
            637,
            294,
            669,
            978,
            745,
            285,
            864,
            32,
            553,
            655,
            882,
            349,
            690,
            828,
            434,
            218,
            678,
            803,
            481,
            396,
            832,
            370,
            640,
            824,
            323,
            998,
            501,
            568,
            314,
            1016,
            104,
            608,
            378,
            451,
            716,
            445,
            876,
            788,
            963,
            493,
            579,
            955,
            306,
            277,
            1004,
            245,
            387,
            841,
            73,
            792,
            684,
            710,
            611,
            160,
            646,
            457,
            494,
            477,
            402,
            928,
            894,
            672,
            899,
            853,
            503,
            902,
            547
        ],
        [
            195,
            64,
            32,
            134,
            175,
            53,
            178,
            103,
            44,
            111,
            172,
            38,
            163,
            326,
            297,
            230,
            233,
            378,
            433,
            393,
            338,
            250,
            239,
            419,
            282,
            125,
            50,
            128,
            70,
            213,
            102,
            454,
            541,
            358,
            335,
            410,
            349,
            300,
            530,
            480,
            608,
            422,
            536,
            524,
            585,
            830,
            518,
            396,
            827,
            902,
            122,
            515,
            917,
            1001,
            885,
            73,
            736,
            777,
            783,
            853,
            123,
            828,
            550,
            891,
            448,
            815,
            788,
            582,
            210,
            987,
            896,
            719,
            431,
            655,
            672,
            314,
            838,
            198,
            728,
            367,
            626,
            713,
            832,
            637,
            124,
            477,
            629,
            402,
            79,
            669,
            387,
            364,
            923,
            792,
            85,
            882,
            1007,
            1019,
            131,
            306,
            873,
            789,
            693,
            701,
            812,
            946,
            716,
            440,
            841,
            984,
            684,
            146,
            224,
            494,
            649,
            800,
            390,
            466,
            432,
            614,
            416,
            643,
            646,
            905,
            940,
            998,
            544,
            169,
            981,
            687,
            835,
            117,
            975,
            751,
            486,
            527,
            876,
            640,
            818,
            149,
            894,
            1003,
            489,
            303,
            329,
            451,
            47,
            771,
            952,
            137
        ],
        [
            93,
            224,
            189,
            38,
            163,
            181,
            198,
            218,
            103,
            381,
            393,
            233,
            256,
            399,
            396,
            0,
            166,
            169,
            317,
            419,
            358,
            387,
            332,
            384,
            405,
            140,
            47,
            154,
            105,
            79,
            96,
            306,
            291,
            608,
            448,
            544,
            637,
            480,
            565,
            442,
            594,
            640,
            483,
            472,
            440,
            489,
            611,
            553,
            518,
            582,
            597,
            504,
            530,
            457,
            230,
            361,
            346,
            277,
            326,
            963,
            568,
            972,
            853,
            227,
            623,
            102,
            320,
            838,
            108,
            655,
            678,
            550,
            704,
            605,
            879,
            728,
            830,
            416,
            378,
            1016,
            946,
            742,
            815,
            803,
            282,
            928,
            701,
            966,
            751,
            835,
            745,
            137,
            1007,
            493,
            285,
            32,
            143,
            367,
            73,
            428,
            585,
            800,
            827,
            410,
            899,
            123,
            239,
            262,
            733,
            210,
            35,
            832,
            265,
            533,
            250,
            53,
            149,
            937,
            768,
            242,
            896,
            917,
            818,
            521,
            739,
            1022,
            859,
            629,
            894,
            672,
            128,
            646,
            41,
            111,
            201,
            926,
            274,
            789,
            323,
            643,
            390,
            990,
            172,
            777,
            1004,
            943,
            987,
            844,
            905,
            433
        ],
        [
            186,
            32,
            140,
            108,
            195,
            111,
            73,
            134,
            76,
            367,
            35,
            201,
            105,
            0,
            320,
            323,
            250,
            419,
            361,
            433,
            432,
            282,
            335,
            317,
            265,
            416,
            253,
            405,
            425,
            93,
            291,
            442,
            486,
            482,
            481,
            466,
            492,
            553,
            637,
            512,
            518,
            524,
            493,
            544,
            224,
            262,
            326,
            233,
            370,
            431,
            696,
            934,
            926,
            600,
            975,
            378,
            477,
            125,
            64,
            192,
            445,
            978,
            733,
            198,
            550,
            828,
            457,
            1013,
            582,
            943,
            965,
            832,
            536,
            396,
            768,
            608,
            181,
            294,
            314,
            451,
            789,
            143,
            713,
            788,
            760,
            300,
            352,
            332,
            239,
            862,
            207,
            579,
            454,
            806,
            998,
            585,
            85,
            835,
            364,
            754,
            955,
            166,
            277,
            533,
            899,
            309,
            742,
            399,
            725,
            736,
            643,
            1004,
            1010,
            230,
            803,
            591,
            565,
            728,
            218,
            256,
            870,
            547,
            117,
            393,
            434,
            103,
            521,
            50,
            780,
            410,
            70,
            541,
            984,
            809,
            902,
            940,
            821,
            710,
            573,
            853,
            911,
            559,
            102,
            568,
            469,
            827,
            687,
            440,
            963,
            605
        ],
        [
            102,
            41,
            169,
            114,
            38,
            76,
            181,
            93,
            186,
            96,
            85,
            291,
            425,
            306,
            314,
            285,
            355,
            364,
            373,
            259,
            262,
            323,
            282,
            294,
            82,
            108,
            111,
            50,
            124,
            413,
            361,
            608,
            498,
            480,
            492,
            588,
            503,
            565,
            605,
            448,
            381,
            433,
            268,
            495,
            524,
            341,
            431,
            253,
            367,
            326,
            399,
            239,
            242,
            303,
            265,
            515,
            828,
            454,
            134,
            544,
            541,
            1003,
            725,
            783,
            309,
            172,
            277,
            742,
            149,
            710,
            218,
            719,
            786,
            844,
            440,
            827,
            920,
            830,
            536,
            518,
            154,
            160,
            441,
            870,
            972,
            166,
            494,
            701,
            748,
            862,
            873,
            230,
            1016,
            428,
            722,
            896,
            201,
            841,
            73,
            891,
            122,
            949,
            250,
            664,
            684,
            64,
            451,
            256,
            914,
            1007,
            867,
            104,
            489,
            600,
            937,
            189,
            422,
            53,
            856,
            832,
            736,
            981,
            533,
            681,
            125,
            346,
            434,
            611,
            274,
            481,
            67,
            493,
            419,
            482,
            143,
            460,
            245,
            797,
            117,
            320,
            437,
            646,
            850,
            103,
            771,
            928,
            99,
            687,
            894,
            402
        ]
    ],
    "goal": [
        [
            140,
            637,
            498,
            227,
            285,
            166,
            224,
            64,
            341,
            76,
            410,
            725,
            751,
            99,
            704,
            684,
            451,
            608,
            797,
            565,
            859,
            768,
            0,
            847,
            789,
            920,
            867,
            361,
            894,
            402,
            457,
            440,
            902,
            911,
            576,
            792,
            533,
            221,
            390,
            815,
            416,
            1013,
            210,
            306,
            1010,
            669,
            629,
            891,
            803,
            978,
            102,
            163,
            186,
            885,
            990,
            588,
            710,
            320,
            309,
            832,
            448,
            928,
            481,
            434,
            783,
            387,
            495,
            178,
            696,
            192,
            733,
            760,
            617,
            806,
            969,
            124,
            303,
            952,
            370,
            856,
            73,
            489,
            882,
            329,
            626,
            940,
            271,
            396,
            393,
            649,
            713,
            984,
            1002,
            870,
            128,
            553,
            975,
            35,
            332,
            492,
            373,
            245,
            745,
            509,
            1022,
            413,
            105,
            530,
            873,
            841,
            460,
            879,
            611,
            181,
            431,
            44,
            559,
            201,
            1016,
            600,
            104,
            620,
            125,
            335,
            472,
            358,
            550,
            207,
            486,
            655,
            739,
            349,
            981,
            53,
            47,
            946,
            972,
            463,
            623,
            888,
            690,
            384,
            812,
            905,
            433,
            503,
            204,
            291,
            862,
            175
        ],
        [
            154,
            123,
            76,
            824,
            256,
            576,
            958,
            303,
            102,
            669,
            920,
            124,
            338,
            213,
            259,
            227,
            416,
            454,
            323,
            221,
            253,
            675,
            73,
            629,
            294,
            559,
            926,
            346,
            460,
            862,
            140,
            541,
            419,
            975,
            859,
            230,
            291,
            358,
            518,
            905,
            498,
            218,
            998,
            771,
            943,
            832,
            937,
            597,
            780,
            864,
            1010,
            550,
            911,
            867,
            652,
            181,
            573,
            483,
            437,
            608,
            978,
            876,
            306,
            1013,
            466,
            701,
            966,
            556,
            163,
            757,
            964,
            617,
            441,
            765,
            149,
            463,
            594,
            495,
            1004,
            192,
            931,
            422,
            367,
            774,
            402,
            492,
            50,
            828,
            41,
            568,
            85,
            678,
            1003,
            384,
            710,
            143,
            972,
            632,
            390,
            413,
            783,
            332,
            396,
            111,
            742,
            35,
            410,
            329,
            934,
            917,
            53,
            547,
            687,
            378,
            515,
            623,
            719,
            894,
            320,
            502,
            716,
            955,
            1002,
            434,
            1016,
            620,
            850,
            1019,
            792,
            469,
            64,
            841,
            236,
            480,
            981,
            777,
            565,
            658,
            122,
            195,
            472,
            838,
            381,
            489,
            512,
            250,
            189,
            233,
            67,
            902
        ],
        [
            524,
            294,
            719,
            79,
            716,
            547,
            402,
            169,
            536,
            864,
            256,
            271,
            236,
            32,
            445,
            123,
            789,
            862,
            710,
            573,
            684,
            788,
            896,
            981,
            768,
            137,
            67,
            198,
            672,
            477,
            725,
            329,
            786,
            218,
            457,
            124,
            562,
            489,
            736,
            96,
            358,
            466,
            780,
            963,
            742,
            387,
            250,
            1013,
            690,
            830,
            987,
            195,
            320,
            160,
            346,
            47,
            774,
            38,
            349,
            885,
            958,
            242,
            541,
            923,
            827,
            82,
            503,
            440,
            253,
            378,
            859,
            605,
            713,
            53,
            482,
            608,
            181,
            432,
            1007,
            431,
            230,
            969,
            850,
            530,
            777,
            911,
            268,
            829,
            99,
            425,
            891,
            480,
            297,
            314,
            44,
            309,
            245,
            899,
            189,
            85,
            416,
            213,
            964,
            955,
            908,
            882,
            597,
            594,
            652,
            285,
            533,
            783,
            917,
            140,
            928,
            50,
            300,
            664,
            186,
            806,
            1022,
            493,
            419,
            335,
            0,
            134,
            754,
            745,
            984,
            1003,
            1002,
            637,
            483,
            448,
            1010,
            847,
            361,
            966,
            104,
            821,
            117,
            405,
            797,
            352,
            693,
            585,
            675,
            224,
            35,
            413
        ],
        [
            393,
            684,
            859,
            282,
            828,
            294,
            213,
            787,
            768,
            998,
            494,
            788,
            373,
            47,
            460,
            812,
            457,
            1001,
            440,
            265,
            288,
            928,
            73,
            0,
            704,
            597,
            943,
            681,
            387,
            553,
            149,
            64,
            44,
            108,
            984,
            966,
            797,
            189,
            783,
            649,
            349,
            608,
            192,
            949,
            696,
            530,
            242,
            352,
            486,
            736,
            390,
            760,
            978,
            547,
            646,
            876,
            67,
            1019,
            492,
            1010,
            533,
            827,
            850,
            958,
            53,
            960,
            76,
            806,
            402,
            844,
            629,
            433,
            236,
            964,
            917,
            503,
            559,
            888,
            425,
            105,
            678,
            669,
            85,
            975,
            239,
            198,
            981,
            713,
            103,
            1003,
            378,
            751,
            416,
            591,
            1002,
            364,
            920,
            990,
            611,
            972,
            544,
            853,
            99,
            623,
            748,
            338,
            527,
            201,
            891,
            285,
            733,
            146,
            82,
            428,
            946,
            771,
            355,
            233,
            163,
            605,
            617,
            894,
            562,
            722,
            550,
            576,
            178,
            518,
            309,
            829,
            111,
            291,
            1007,
            509,
            498,
            582,
            358,
            754,
            502,
            207,
            259,
            384,
            882,
            489,
            588,
            41,
            725,
            32,
            719,
            448
        ],
        [
            448,
            623,
            309,
            926,
            503,
            803,
            35,
            934,
            50,
            166,
            483,
            984,
            285,
            481,
            771,
            964,
            47,
            195,
            224,
            862,
            431,
            751,
            812,
            207,
            797,
            230,
            923,
            262,
            940,
            306,
            373,
            245,
            958,
            53,
            643,
            317,
            489,
            259,
            242,
            146,
            704,
            675,
            707,
            96,
            701,
            454,
            669,
            131,
            832,
            955,
            806,
            678,
            960,
            329,
            891,
            1016,
            0,
            533,
            867,
            556,
            233,
            274,
            457,
            123,
            736,
            553,
            433,
            314,
            297,
            588,
            640,
            573,
            969,
            73,
            323,
            326,
            213,
            568,
            637,
            536,
            931,
            815,
            160,
            882,
            104,
            547,
            149,
            978,
            387,
            93,
            501,
            850,
            1003,
            632,
            800,
            1022,
            611,
            469,
            440,
            597,
            271,
            44,
            864,
            544,
            824,
            410,
            661,
            477,
            227,
            82,
            432,
            870,
            733,
            966,
            38,
            384,
            952,
            722,
            1019,
            494,
            856,
            527,
            713,
            335,
            896,
            809,
            888,
            378,
            515,
            441,
            937,
            218,
            498,
            70,
            859,
            696,
            585,
            181,
            783,
            565,
            838,
            1013,
            765,
            239,
            844,
            1001,
            434,
            451,
            841,
            899
        ]
    ]
}