{
    "name": "1_48",
    "weight": false,
    "n_row": 32,
    "n_col": 32,
    "layout": [
        "...@..@..@..@..@....@..@..@..@..",
        ".@..@..@..@..@..@.@..@..@..@....",
        "..@..@..@..@..@....@..@..@..@..@",
        ".@....@..@..@..@..@.@..@..@..@..",
        "..@.@..@..@..@..@....@..@..@..@.",
        "@..@@@..@..@..@..@.@..@.........",
        ".@..@....@..@..@..@.@..@..@..@..",
        "..@..@.@..@..@..@....@..@..@..@.",
        "@..@..@....@..@..@....@..@..@..@",
        ".@..@..@.@..@..@..@.@..@..@..@..",
        "..@..@..@.@..@..@....@..@..@..@.",
        "...@..@....@....@..@..@..@...@..",
        ".@..@..@@...@.@..@..@..@..@...@.",
        ".....@...@..@..@..@..@..@...@..@",
        ".@.@..@...@..@..@..@..@..@...@..",
        "..@........@..@..@..@..@..@@..@.",
        "@..@........@..@..@.....@...@..@",
        ".@...@..@.@@.@..@..@@.@..@...@..",
        "..@...@....@..@..@...@.@..@...@.",
        "@..@...@..@....@..@@....@..@...@",
        ".@..@@..@..@.@..@...@..@..@....@",
        "..@..@...@....@..@...@..@..@.@..",
        "@..@..@..@@.@..@..@...@..@....@.",
        ".@..@..@..@..@..@..@...@..@@....",
        "..@..@..@..@..@..@..@@..@...@..@",
        "@..@..@..@..@..@..@...@..@@..@..",
        ".@..@..@..@..@..@..@...@..@@..@.",
        "..@.....@..@@..@.@..@...@...@..@",
        "@.....@..@...@.....@....@..@.@..",
        ".@..@..@...@.....@..@.@..@....@.",
        "..@..@..@...@..@..@..@.@..@..@.@",
        "@.....@..@@..@..@..@....@......."
    ],
    "start": [
        [
            191,
            49,
            25,
            136,
            93,
            47,
            67,
            40,
            11,
            91,
            51,
            126,
            320,
            329,
            199,
            366,
            342,
            397,
            334,
            176,
            133,
            28,
            30,
            27,
            194,
            166,
            195,
            203,
            223,
            403,
            260,
            486,
            585,
            478,
            416,
            612,
            544,
            567,
            551,
            415,
            504,
            556,
            598,
            514,
            516,
            427,
            571,
            518,
            423,
            459,
            426,
            420,
            394,
            299,
            489,
            619,
            522,
            493,
            265,
            395,
            255,
            429,
            526,
            559,
            579,
            521,
            553,
            474,
            533,
            605,
            621,
            460,
            430,
            550,
            668,
            831,
            450,
            680,
            110,
            346,
            979,
            239,
            43,
            127,
            595,
            372,
            276,
            856,
            13,
            871,
            290,
            367,
            766,
            775,
            389,
            754,
            919,
            483,
            758,
            636,
            190,
            184,
            937,
            519,
            732,
            942,
            765,
            964,
            604,
            324,
            37,
            996,
            697,
            586,
            878,
            54,
            349,
            529,
            824,
            1017,
            123,
            827,
            679,
            963,
            198,
            880,
            296,
            332,
            217,
            535,
            819,
            757,
            269,
            725,
            383,
            894,
            956,
            930,
            202,
            505,
            790,
            380,
            667,
            19,
            70,
            432,
            21,
            387,
            767,
            247
        ],
        [
            100,
            113,
            94,
            172,
            31,
            34,
            77,
            332,
            258,
            337,
            239,
            354,
            348,
            305,
            324,
            235,
            393,
            319,
            302,
            378,
            343,
            24,
            10,
            71,
            11,
            91,
            104,
            64,
            44,
            57,
            2,
            351,
            326,
            205,
            249,
            365,
            492,
            595,
            588,
            422,
            197,
            327,
            329,
            220,
            307,
            296,
            313,
            366,
            214,
            194,
            203,
            383,
            526,
            232,
            535,
            640,
            797,
            620,
            936,
            167,
            7,
            442,
            397,
            738,
            252,
            665,
            922,
            486,
            87,
            148,
            537,
            0,
            688,
            732,
            753,
            784,
            55,
            990,
            744,
            863,
            913,
            655,
            982,
            652,
            538,
            750,
            280,
            1014,
            331,
            79,
            117,
            227,
            224,
            243,
            439,
            630,
            880,
            175,
            605,
            109,
            8,
            780,
            161,
            361,
            867,
            682,
            725,
            247,
            433,
            120,
            173,
            342,
            213,
            268,
            817,
            487,
            519,
            504,
            772,
            748,
            246,
            730,
            37,
            244,
            728,
            718,
            994,
            928,
            544,
            823,
            657,
            571,
            924,
            959,
            505,
            508,
            690,
            910,
            523,
            539,
            469,
            647,
            189,
            395,
            134,
            570,
            228,
            495,
            5,
            654
        ],
        [
            189,
            103,
            73,
            96,
            113,
            57,
            162,
            24,
            8,
            40,
            68,
            127,
            62,
            11,
            100,
            352,
            233,
            216,
            334,
            271,
            265,
            198,
            169,
            1,
            123,
            85,
            87,
            186,
            140,
            320,
            223,
            539,
            441,
            413,
            598,
            319,
            199,
            619,
            305,
            354,
            294,
            282,
            343,
            261,
            316,
            370,
            249,
            252,
            230,
            301,
            340,
            415,
            581,
            490,
            459,
            420,
            588,
            246,
            395,
            397,
            227,
            591,
            517,
            738,
            795,
            736,
            700,
            703,
            790,
            631,
            871,
            841,
            794,
            37,
            541,
            378,
            258,
            46,
            936,
            418,
            990,
            558,
            504,
            465,
            912,
            629,
            1023,
            219,
            891,
            695,
            58,
            185,
            448,
            571,
            432,
            117,
            753,
            241,
            750,
            898,
            698,
            205,
            159,
            580,
            883,
            610,
            561,
            777,
            393,
            999,
            337,
            664,
            389,
            647,
            754,
            31,
            807,
            0,
            567,
            523,
            987,
            266,
            94,
            28,
            941,
            408,
            838,
            547,
            640,
            143,
            456,
            513,
            77,
            345,
            430,
            481,
            257,
            903,
            1017,
            70,
            869,
            853,
            188,
            579,
            291,
            84,
            61,
            353,
            780,
            897
        ],
        [
            120,
            96,
            134,
            32,
            93,
            70,
            191,
            84,
            41,
            161,
            37,
            21,
            146,
            139,
            14,
            129,
            137,
            71,
            128,
            115,
            112,
            184,
            80,
            103,
            126,
            176,
            18,
            170,
            172,
            357,
            252,
            493,
            612,
            513,
            600,
            518,
            412,
            446,
            435,
            556,
            570,
            609,
            538,
            463,
            542,
            581,
            427,
            197,
            316,
            199,
            561,
            373,
            394,
            296,
            362,
            408,
            310,
            205,
            211,
            222,
            219,
            441,
            452,
            658,
            706,
            664,
            676,
            703,
            640,
            106,
            668,
            351,
            613,
            224,
            1023,
            927,
            885,
            717,
            91,
            247,
            487,
            637,
            529,
            721,
            982,
            685,
            705,
            492,
            835,
            269,
            883,
            353,
            971,
            28,
            173,
            321,
            596,
            238,
            49,
            952,
            118,
            990,
            345,
            383,
            698,
            40,
            448,
            797,
            811,
            200,
            760,
            400,
            389,
            472,
            725,
            411,
            54,
            607,
            961,
            22,
            189,
            588,
            101,
            614,
            393,
            422,
            255,
            397,
            537,
            443,
            708,
            479,
            150,
            390,
            136,
            187,
            312,
            1012,
            959,
            329,
            854,
            622,
            886,
            1,
            104,
            38,
            969,
            778,
            290,
            864
        ],
        [
            8,
            147,
            49,
            61,
            137,
            148,
            94,
            71,
            57,
            124,
            40,
            55,
            153,
            159,
            68,
            184,
            21,
            79,
            32,
            157,
            70,
            80,
            14,
            134,
            104,
            180,
            91,
            65,
            115,
            41,
            46,
            261,
            559,
            591,
            525,
            526,
            501,
            413,
            441,
            369,
            253,
            313,
            348,
            235,
            411,
            521,
            485,
            517,
            481,
            583,
            531,
            346,
            255,
            334,
            359,
            390,
            238,
            274,
            318,
            343,
            202,
            610,
            795,
            772,
            744,
            791,
            629,
            672,
            621,
            468,
            572,
            589,
            465,
            544,
            462,
            443,
            551,
            486,
            513,
            548,
            790,
            814,
            730,
            445,
            518,
            463,
            476,
            601,
            442,
            523,
            459,
            711,
            630,
            787,
            720,
            718,
            658,
            733,
            638,
            921,
            841,
            894,
            910,
            831,
            887,
            952,
            299,
            244,
            38,
            768,
            926,
            769,
            840,
            140,
            372,
            375,
            899,
            338,
            429,
            1015,
            519,
            31,
            433,
            643,
            275,
            642,
            320,
            366,
            625,
            937,
            1019,
            761,
            997,
            637,
            323,
            961,
            28,
            509,
            331,
            900,
            903,
            922,
            908,
            432,
            676,
            126,
            225,
            47,
            293,
            913
        ]
    ],
    "goal": [
        [
            352,
            778,
            913,
            837,
            988,
            298,
            188,
            260,
            628,
            667,
            908,
            995,
            624,
            383,
            916,
            386,
            1003,
            640,
            711,
            744,
            768,
            937,
            71,
            301,
            774,
            805,
            730,
            708,
            291,
            326,
            14,
            302,
            203,
            360,
            406,
            574,
            194,
            690,
            724,
            598,
            706,
            235,
            44,
            893,
            474,
            13,
            838,
            70,
            167,
            77,
            897,
            63,
            472,
            844,
            94,
            49,
            65,
            123,
            781,
            484,
            853,
            288,
            446,
            509,
            378,
            157,
            795,
            610,
            854,
            725,
            926,
            445,
            223,
            38,
            1018,
            320,
            187,
            767,
            668,
            448,
            266,
            257,
            154,
            742,
            304,
            353,
            877,
            337,
            499,
            584,
            943,
            315,
            655,
            468,
            60,
            369,
            176,
            408,
            1013,
            258,
            100,
            750,
            605,
            433,
            31,
            863,
            41,
            465,
            364,
            899,
            900,
            276,
            423,
            394,
            121,
            166,
            485,
            990,
            720,
            106,
            463,
            280,
            993,
            242,
            354,
            277,
            861,
            705,
            370,
            312,
            418,
            533,
            961,
            67,
            904,
            887,
            397,
            642,
            225,
            319,
            285,
            548,
            96,
            393,
            178,
            475,
            753,
            93,
            556,
            672
        ],
        [
            581,
            200,
            916,
            483,
            290,
            917,
            736,
            550,
            731,
            547,
            617,
            757,
            460,
            984,
            18,
            906,
            58,
            747,
            908,
            1007,
            811,
            492,
            384,
            801,
            688,
            680,
            720,
            949,
            676,
            331,
            771,
            861,
            225,
            914,
            852,
            846,
            946,
            624,
            126,
            154,
            11,
            568,
            933,
            865,
            683,
            121,
            922,
            1014,
            548,
            1023,
            47,
            390,
            882,
            911,
            751,
            987,
            955,
            60,
            463,
            880,
            169,
            4,
            988,
            338,
            77,
            980,
            498,
            187,
            798,
            849,
            49,
            442,
            804,
            127,
            298,
            605,
            236,
            976,
            40,
            337,
            349,
            960,
            854,
            670,
            351,
            100,
            786,
            487,
            485,
            533,
            427,
            529,
            326,
            361,
            159,
            870,
            52,
            957,
            579,
            296,
            320,
            271,
            601,
            802,
            526,
            697,
            614,
            501,
            223,
            690,
            938,
            456,
            934,
            272,
            864,
            772,
            96,
            959,
            419,
            46,
            44,
            313,
            856,
            417,
            919,
            151,
            161,
            1015,
            753,
            899,
            742,
            257,
            118,
            588,
            30,
            654,
            170,
            657,
            993,
            148,
            112,
            768,
            360,
            598,
            738,
            724,
            38,
            375,
            871,
            709
        ],
        [
            767,
            650,
            907,
            811,
            662,
            365,
            581,
            835,
            943,
            930,
            721,
            562,
            940,
            715,
            290,
            145,
            52,
            754,
            81,
            450,
            938,
            911,
            312,
            738,
            955,
            883,
            878,
            492,
            813,
            269,
            831,
            957,
            622,
            390,
            995,
            64,
            484,
            463,
            741,
            213,
            424,
            561,
            860,
            931,
            427,
            556,
            882,
            849,
            509,
            971,
            847,
            837,
            697,
            126,
            621,
            511,
            166,
            232,
            901,
            94,
            574,
            807,
            5,
            345,
            486,
            415,
            28,
            916,
            703,
            580,
            277,
            514,
            585,
            730,
            457,
            890,
            1013,
            617,
            498,
            904,
            258,
            474,
            761,
            894,
            134,
            238,
            682,
            742,
            912,
            654,
            924,
            271,
            44,
            194,
            642,
            814,
            24,
            1010,
            54,
            214,
            123,
            199,
            820,
            380,
            263,
            243,
            142,
            465,
            101,
            14,
            900,
            823,
            897,
            502,
            117,
            1007,
            579,
            631,
            772,
            364,
            850,
            589,
            967,
            919,
            55,
            356,
            399,
            315,
            418,
            60,
            956,
            794,
            567,
            790,
            944,
            340,
            46,
            827,
            534,
            544,
            797,
            870,
            129,
            173,
            109,
            718,
            403,
            637,
            235,
            316
        ],
        [
            768,
            960,
            87,
            453,
            73,
            84,
            673,
            790,
            98,
            747,
            904,
            67,
            804,
            758,
            483,
            321,
            427,
            738,
            997,
            202,
            919,
            771,
            553,
            996,
            104,
            581,
            528,
            362,
            725,
            594,
            783,
            764,
            184,
            732,
            911,
            41,
            891,
            1015,
            1000,
            383,
            352,
            268,
            941,
            933,
            995,
            286,
            443,
            27,
            657,
            488,
            1020,
            323,
            561,
            869,
            898,
            481,
            516,
            655,
            846,
            841,
            35,
            927,
            197,
            931,
            110,
            880,
            293,
            791,
            580,
            19,
            235,
            691,
            275,
            24,
            897,
            146,
            772,
            893,
            514,
            966,
            854,
            823,
            977,
            769,
            16,
            1021,
            429,
            860,
            1013,
            438,
            426,
            402,
            339,
            731,
            420,
            753,
            384,
            817,
            329,
            103,
            504,
            672,
            903,
            793,
            285,
            257,
            246,
            180,
            49,
            676,
            834,
            220,
            565,
            956,
            802,
            702,
            959,
            394,
            189,
            844,
            389,
            107,
            712,
            137,
            415,
            787,
            522,
            157,
            424,
            100,
            349,
            492,
            2,
            128,
            883,
            129,
            642,
            356,
            808,
            940,
            291,
            730,
            963,
            450,
            864,
            571,
            405,
            601,
            751,
            37
        ],
        [
            1019,
            784,
            456,
            775,
            577,
            964,
            129,
            591,
            235,
            268,
            662,
            805,
            899,
            367,
            118,
            828,
            646,
            361,
            25,
            98,
            115,
            384,
            764,
            791,
            921,
            940,
            864,
            173,
            581,
            717,
            801,
            840,
            933,
            867,
            877,
            93,
            854,
            966,
            588,
            756,
            744,
            684,
            941,
            849,
            659,
            184,
            61,
            68,
            124,
            463,
            691,
            810,
            640,
            682,
            897,
            326,
            625,
            771,
            227,
            621,
            985,
            957,
            936,
            107,
            94,
            535,
            62,
            695,
            427,
            675,
            523,
            411,
            487,
            765,
            817,
            613,
            405,
            894,
            244,
            605,
            423,
            767,
            654,
            488,
            596,
            783,
            1018,
            956,
            832,
            71,
            495,
            558,
            521,
            366,
            22,
            113,
            489,
            359,
            973,
            474,
            370,
            74,
            459,
            481,
            88,
            571,
            140,
            84,
            21,
            1010,
            774,
            954,
            511,
            480,
            723,
            720,
            197,
            419,
            786,
            533,
            335,
            167,
            0,
            652,
            161,
            893,
            732,
            16,
            567,
            607,
            156,
            321,
            348,
            811,
            863,
            980,
            955,
            101,
            961,
            758,
            390,
            509,
            315,
            352,
            372,
            658,
            54,
            399,
            178,
            4
        ]
    ]
}