{
    "name": "42_25",
    "weight": false,
    "n_row": 32,
    "n_col": 32,
    "layout": [
        "@....@@@...@@@@@@@@..@......@@@@",
        "@.@@..@..@.@@@@@....@@.@@.@@@...",
        "@.@.......@@.@..@.@@@..@..@@@@..",
        "...@@.@@..@.........@@..@..@@..@",
        "@.@@@...@.....@.@@.@@....@@@@.@.",
        "@..@@..@..@...@@@@...@@.@..@@...",
        "@@@@..@@@..@@@@@@@@.....@.@@@.@.",
        "@@@@@..@..@@@@@@@..@@.@...@..@@.",
        ".@......@@@@@.@@..@....@@@@@....",
        "....@@.@@@@@.......@@@.@@@@.@...",
        ".@..@@@@@@@....@@.@@@@......@.@.",
        "..@@@@@@@@...@@@@@@@@@....@.@@@.",
        ".@@@@@@@@@.@.@@@@.@@....@@.@....",
        "@@@@.@.@@............@.@.....@@.",
        "@@@......@.@@@@.@@.@@....@@.@@..",
        "@@@.....@..@@@..@....@@.@..@..@.",
        "@@....@..@@....@..@.@@....@..@@.",
        ".....@@.@@@.@@..@@.@@..@.@@@.@@.",
        ".@@@@@@.@.@@@@.@@@...@.@.@@@.@@.",
        "@@@@@@@...@@@@.@@@.@@..@.@@..@..",
        "@@@@....@..@@..@.....@@@@@..@...",
        "@@.....@..@@..@..@@.@@@@@@@.@@@.",
        ".@.@.@@.@..@@...@@@.@@@@@@..@@@.",
        ".....@..@......@@@@..@@@...@@@@.",
        ".@.@..@..@@@@.@@@@...@......@@@.",
        "@@@.....@@...@@.@..@......@@@@@.",
        "@@.@..@@@@.@......@..@@@.@@@@@@.",
        "@....@@@@@.@.@@....@@@@@.@@@@@@@",
        ".@@.@@@@@@@@@@..@.@@@@@..@@@@@@@",
        "....@@@@@@@@@..@@@@@@@..@@@@@.@@",
        "..@.........@@..@@.@@.....@.....",
        "@@@@@.@@@@..@@@......@@.@...@@.."
    ],
    "start": [
        [
            169,
            3,
            119,
            107,
            114,
            95,
            57,
            61,
            137,
            88,
            161,
            140,
            166,
            26,
            286,
            346,
            261,
            320,
            285,
            345,
            323,
            315,
            273,
            256,
            110,
            135,
            121,
            65,
            42,
            112,
            2,
            455,
            523,
            595,
            583,
            487,
            547,
            428,
            466,
            516,
            489,
            520,
            442,
            288,
            331,
            294,
            232,
            384,
            263,
            431,
            215,
            302,
            319,
            318,
            300,
            229,
            317,
            364,
            377,
            202,
            289,
            508,
            626,
            762,
            760,
            676,
            703,
            799,
            745,
            680,
            677,
            660,
            509,
            646,
            788,
            440,
            968,
            687,
            965,
            713,
            430,
            303,
            260,
            755,
            81,
            742,
            825,
            178,
            269,
            781,
            942,
            969,
            888,
            39,
            196,
            794,
            639,
            775,
            353,
            159,
            548,
            638,
            157,
            824,
            866,
            484,
            333,
            301,
            404,
            506,
            667,
            138,
            559,
            929,
            879,
            363,
            568,
            197,
            537,
            539,
            723,
            165,
            691,
            162,
            179,
            985,
            964,
            555,
            831,
            1011,
            565,
            773,
            596,
            438,
            1008,
            290,
            845,
            991,
            453,
            837,
            786,
            276,
            558,
            394,
            383,
            743,
            407,
            499,
            141,
            807
        ],
        [
            54,
            112,
            126,
            135,
            25,
            19,
            109,
            178,
            95,
            157,
            88,
            20,
            4,
            104,
            172,
            81,
            63,
            73,
            42,
            161,
            111,
            22,
            173,
            62,
            94,
            129,
            118,
            121,
            115,
            284,
            183,
            452,
            429,
            540,
            595,
            575,
            516,
            495,
            565,
            572,
            548,
            508,
            428,
            434,
            487,
            600,
            442,
            430,
            180,
            217,
            529,
            484,
            472,
            528,
            377,
            258,
            212,
            260,
            551,
            466,
            306,
            594,
            414,
            713,
            636,
            514,
            535,
            525,
            545,
            426,
            497,
            534,
            558,
            539,
            543,
            635,
            718,
            638,
            735,
            737,
            519,
            245,
            162,
            630,
            867,
            415,
            294,
            455,
            26,
            515,
            626,
            849,
            255,
            122,
            290,
            834,
            978,
            8,
            882,
            748,
            583,
            836,
            644,
            401,
            911,
            36,
            39,
            422,
            1002,
            233,
            951,
            566,
            805,
            486,
            795,
            323,
            149,
            781,
            738,
            374,
            616,
            660,
            523,
            863,
            168,
            803,
            285,
            617,
            804,
            645,
            287,
            749,
            773,
            139,
            435,
            337,
            23,
            453,
            137,
            322,
            975,
            185,
            968,
            48,
            394,
            343,
            517,
            110,
            881,
            1008
        ],
        [
            139,
            54,
            24,
            49,
            78,
            22,
            37,
            107,
            68,
            134,
            151,
            25,
            122,
            67,
            20,
            23,
            221,
            247,
            284,
            186,
            212,
            287,
            185,
            255,
            230,
            349,
            259,
            384,
            352,
            317,
            8,
            318,
            277,
            303,
            401,
            233,
            306,
            249,
            434,
            500,
            508,
            453,
            486,
            572,
            431,
            215,
            310,
            291,
            383,
            375,
            217,
            288,
            251,
            261,
            276,
            201,
            278,
            484,
            539,
            548,
            529,
            583,
            472,
            585,
            422,
            414,
            509,
            436,
            547,
            483,
            596,
            452,
            430,
            479,
            440,
            520,
            545,
            528,
            503,
            653,
            169,
            159,
            568,
            616,
            65,
            363,
            494,
            260,
            775,
            33,
            376,
            443,
            767,
            987,
            794,
            157,
            302,
            315,
            639,
            269,
            831,
            812,
            394,
            88,
            415,
            988,
            126,
            98,
            645,
            1015,
            671,
            534,
            865,
            4,
            718,
            323,
            322,
            121,
            515,
            807,
            429,
            425,
            575,
            739,
            229,
            748,
            129,
            490,
            983,
            820,
            1007,
            1017,
            761,
            320,
            699,
            590,
            817,
            997,
            301,
            499,
            180,
            57,
            717,
            982,
            867,
            428,
            119,
            27,
            396,
            555
        ],
        [
            111,
            61,
            33,
            162,
            48,
            141,
            171,
            134,
            121,
            125,
            85,
            25,
            10,
            3,
            95,
            50,
            51,
            23,
            67,
            351,
            353,
            196,
            256,
            394,
            229,
            334,
            342,
            260,
            315,
            180,
            377,
            454,
            414,
            547,
            475,
            506,
            523,
            490,
            499,
            452,
            273,
            278,
            319,
            232,
            384,
            505,
            543,
            509,
            318,
            262,
            304,
            433,
            575,
            447,
            516,
            429,
            472,
            469,
            306,
            285,
            294,
            531,
            767,
            790,
            750,
            704,
            656,
            647,
            755,
            604,
            736,
            666,
            746,
            786,
            680,
            649,
            804,
            671,
            685,
            659,
            653,
            748,
            632,
            118,
            284,
            761,
            197,
            500,
            831,
            287,
            856,
            811,
            911,
            68,
            119,
            821,
            968,
            89,
            515,
            997,
            852,
            88,
            1003,
            317,
            71,
            519,
            699,
            157,
            616,
            291,
            97,
            508,
            364,
            899,
            535,
            20,
            288,
            320,
            576,
            825,
            810,
            868,
            688,
            880,
            86,
            242,
            49,
            376,
            344,
            1017,
            812,
            566,
            966,
            969,
            743,
            135,
            1023,
            259,
            62,
            681,
            485,
            486,
            252,
            684,
            546,
            982,
            333,
            739,
            4,
            104
        ],
        [
            54,
            8,
            72,
            105,
            26,
            23,
            110,
            121,
            126,
            114,
            36,
            9,
            25,
            133,
            129,
            19,
            171,
            33,
            51,
            161,
            151,
            95,
            252,
            404,
            135,
            165,
            57,
            172,
            104,
            197,
            318,
            472,
            451,
            600,
            516,
            576,
            551,
            509,
            323,
            435,
            429,
            420,
            478,
            594,
            444,
            539,
            544,
            519,
            546,
            495,
            294,
            315,
            221,
            375,
            291,
            304,
            362,
            303,
            269,
            343,
            463,
            786,
            767,
            657,
            760,
            749,
            773,
            681,
            677,
            688,
            674,
            790,
            738,
            646,
            740,
            650,
            806,
            788,
            762,
            748,
            704,
            714,
            747,
            278,
            469,
            626,
            622,
            845,
            863,
            649,
            1018,
            260,
            1002,
            966,
            433,
            604,
            301,
            961,
            1022,
            970,
            535,
            636,
            185,
            86,
            494,
            615,
            479,
            245,
            807,
            566,
            230,
            572,
            1019,
            22,
            242,
            969,
            273,
            791,
            109,
            261,
            540,
            793,
            848,
            528,
            537,
            691,
            667,
            770,
            434,
            485,
            191,
            524,
            376,
            756,
            162,
            558,
            101,
            97,
            525,
            822,
            332,
            345,
            258,
            706,
            983,
            241,
            896,
            598,
            112,
            334
        ]
    ],
    "goal": [
        [
            526,
            831,
            285,
            660,
            273,
            2,
            666,
            65,
            974,
            422,
            475,
            880,
            248,
            544,
            1003,
            680,
            505,
            189,
            272,
            1023,
            405,
            837,
            109,
            961,
            506,
            874,
            639,
            770,
            1011,
            811,
            149,
            137,
            730,
            81,
            406,
            671,
            173,
            260,
            647,
            108,
            317,
            760,
            133,
            834,
            982,
            913,
            565,
            678,
            456,
            69,
            773,
            616,
            659,
            824,
            39,
            458,
            331,
            8,
            803,
            401,
            615,
            551,
            675,
            739,
            286,
            88,
            644,
            23,
            115,
            374,
            793,
            241,
            846,
            140,
            143,
            772,
            202,
            315,
            20,
            223,
            847,
            911,
            451,
            487,
            951,
            817,
            161,
            622,
            547,
            19,
            987,
            379,
            230,
            790,
            180,
            750,
            509,
            288,
            596,
            717,
            866,
            657,
            111,
            534,
            688,
            1007,
            950,
            708,
            517,
            36,
            347,
            27,
            941,
            546,
            454,
            212,
            79,
            76,
            981,
            844,
            466,
            516,
            95,
            22,
            807,
            104,
            169,
            67,
            674,
            736,
            514,
            72,
            555,
            146,
            261,
            479,
            413,
            942,
            179,
            310,
            703,
            638,
            290,
            863,
            114,
            377,
            919,
            768,
            125,
            349
        ],
        [
            594,
            804,
            868,
            486,
            412,
            965,
            499,
            478,
            334,
            730,
            427,
            723,
            566,
            435,
            660,
            815,
            836,
            54,
            22,
            756,
            255,
            451,
            479,
            406,
            376,
            511,
            232,
            760,
            671,
            540,
            95,
            978,
            583,
            585,
            407,
            515,
            331,
            109,
            805,
            466,
            997,
            767,
            4,
            259,
            575,
            162,
            1009,
            294,
            1012,
            957,
            807,
            982,
            229,
            143,
            1022,
            849,
            675,
            494,
            638,
            289,
            755,
            484,
            810,
            121,
            104,
            874,
            636,
            71,
            824,
            547,
            168,
            96,
            48,
            598,
            743,
            139,
            214,
            713,
            635,
            822,
            490,
            931,
            523,
            525,
            791,
            772,
            159,
            739,
            910,
            572,
            262,
            65,
            76,
            73,
            126,
            197,
            967,
            950,
            179,
            920,
            881,
            653,
            377,
            738,
            436,
            666,
            524,
            590,
            565,
            989,
            669,
            2,
            337,
            196,
            685,
            718,
            970,
            834,
            1,
            186,
            319,
            735,
            543,
            667,
            383,
            169,
            133,
            161,
            846,
            545,
            708,
            644,
            375,
            657,
            711,
            988,
            548,
            762,
            703,
            420,
            202,
            1002,
            453,
            781,
            818,
            768,
            866,
            981,
            505,
            300
        ],
        [
            704,
            331,
            3,
            540,
            815,
            731,
            781,
            543,
            876,
            831,
            261,
            711,
            33,
            310,
            844,
            61,
            230,
            745,
            263,
            133,
            795,
            23,
            285,
            807,
            684,
            483,
            375,
            121,
            433,
            259,
            275,
            48,
            931,
            811,
            96,
            406,
            635,
            874,
            36,
            353,
            420,
            730,
            1009,
            503,
            805,
            982,
            262,
            622,
            20,
            242,
            930,
            966,
            256,
            349,
            196,
            351,
            289,
            105,
            600,
            107,
            520,
            735,
            1023,
            71,
            1002,
            67,
            1019,
            768,
            247,
            432,
            273,
            95,
            762,
            101,
            788,
            414,
            899,
            649,
            983,
            249,
            975,
            113,
            65,
            334,
            469,
            970,
            667,
            913,
            201,
            836,
            108,
            941,
            691,
            172,
            739,
            506,
            676,
            110,
            978,
            776,
            171,
            27,
            566,
            791,
            401,
            138,
            687,
            928,
            49,
            511,
            775,
            659,
            971,
            825,
            305,
            426,
            674,
            8,
            866,
            523,
            248,
            81,
            435,
            431,
            315,
            213,
            929,
            572,
            410,
            666,
            617,
            119,
            484,
            377,
            596,
            211,
            62,
            1007,
            974,
            911,
            837,
            680,
            178,
            594,
            276,
            134,
            545,
            425,
            713,
            746
        ],
        [
            750,
            740,
            684,
            433,
            961,
            478,
            63,
            499,
            678,
            807,
            508,
            983,
            546,
            714,
            484,
            837,
            659,
            261,
            847,
            249,
            86,
            95,
            982,
            604,
            931,
            1017,
            291,
            1023,
            101,
            486,
            863,
            1022,
            165,
            911,
            1015,
            691,
            72,
            821,
            799,
            503,
            656,
            572,
            526,
            152,
            405,
            583,
            966,
            89,
            988,
            547,
            317,
            730,
            22,
            615,
            363,
            865,
            273,
            964,
            49,
            775,
            442,
            868,
            793,
            706,
            26,
            942,
            987,
            8,
            743,
            930,
            37,
            305,
            997,
            500,
            215,
            845,
            879,
            519,
            576,
            353,
            670,
            337,
            40,
            575,
            185,
            396,
            111,
            191,
            804,
            374,
            180,
            639,
            657,
            444,
            454,
            168,
            383,
            509,
            146,
            306,
            110,
            1012,
            315,
            654,
            562,
            197,
            516,
            874,
            140,
            536,
            275,
            881,
            632,
            568,
            818,
            233,
            70,
            349,
            776,
            384,
            178,
            301,
            928,
            645,
            333,
            230,
            161,
            742,
            919,
            284,
            653,
            985,
            440,
            626,
            559,
            342,
            704,
            545,
            1018,
            2,
            401,
            81,
            452,
            735,
            33,
            172,
            48,
            285,
            108,
            677
        ],
        [
            844,
            310,
            681,
            333,
            332,
            792,
            1007,
            646,
            143,
            654,
            961,
            755,
            288,
            278,
            490,
            590,
            846,
            374,
            856,
            818,
            384,
            717,
            151,
            834,
            653,
            318,
            836,
            795,
            427,
            455,
            572,
            760,
            322,
            509,
            262,
            776,
            942,
            258,
            1022,
            742,
            287,
            94,
            810,
            404,
            987,
            149,
            69,
            180,
            799,
            139,
            415,
            68,
            964,
            517,
            88,
            831,
            984,
            129,
            110,
            868,
            793,
            576,
            970,
            931,
            62,
            630,
            67,
            79,
            346,
            25,
            767,
            803,
            256,
            761,
            762,
            305,
            96,
            478,
            81,
            54,
            505,
            232,
            291,
            168,
            746,
            146,
            475,
            990,
            135,
            495,
            290,
            747,
            126,
            483,
            284,
            737,
            63,
            345,
            27,
            775,
            749,
            678,
            772,
            40,
            740,
            508,
            269,
            452,
            626,
            263,
            598,
            526,
            57,
            352,
            575,
            410,
            617,
            443,
            604,
            913,
            1010,
            911,
            562,
            451,
            394,
            960,
            375,
            442,
            649,
            165,
            667,
            506,
            317,
            248,
            965,
            438,
            1023,
            260,
            50,
            134,
            941,
            988,
            730,
            26,
            71,
            217,
            10,
            674,
            3,
            743
        ]
    ]
}