{
    "name": "42_24",
    "weight": false,
    "n_row": 32,
    "n_col": 32,
    "layout": [
        "@@@@@@@@@@.@@.@@@@@@@@@@..@@@@@@",
        ".@@@@@..........@@@@@@@@........",
        "....@...@.@@@@@@@@....@@@@@@.@@@",
        "@.@@.@.@.@.......@@.@.@@@@@..@@@",
        "..@......@..@@@@..@.@....@@@...@",
        ".@...@@@...@@@...@@.@@@@.@@@.@@@",
        ".@@.@@@...@@@@@@@@..@@@@...@.@@@",
        ".@@@.....@.@.....@@@@.@@@.....@@",
        ".@....@.@@..@@@@..@@...@...@@...",
        "...@@..@@@.@@@@@...@@.@.@@@@@.@@",
        ".@@@@.@@@...@@...@......@...@.@@",
        "@@@@..........@.@@.@@@@@@@@.@...",
        ".@@@@@@.@.@@...@@@........@...@.",
        "..@@@@...@.@.@@@@@@@@@.@@@@.@.@.",
        ".@@@@.@.@...@.@@@@@@@@.@@...@@..",
        ".@@.@......@...@.....@.@@@@.@.@@",
        "......@.@....@@@@.@@.@...@....@@",
        "@.@@@.@@@@.@.@@@...@.@.@.@@.@@@@",
        "..@@..@@@...@.....@@...@.......@",
        "@...@@..@..@.@.@...@@@@.@.@@@@@@",
        "...@@@.@@.@.....@.@@@@...@@@@@@@",
        "@.@@@..@@.@@.@.@@@@@@@@.@@@@@@@@",
        "..@@.@....@@@...@...@@@....@@@@.",
        "@.@...@.@.@@@@.@...@@...@.@@.@..",
        "...@.@.@..@@@@....@@@.@@..@@...@",
        "@.@.......@@@@.@.@@@..@@.@@@.@..",
        ".@@@.@.@...@@.....@.@.@..@...@@.",
        ".@@.....@.....@@.......@@@.@.@@.",
        ".@@@.@.@@@@@@@@@.@@.@@.@@...@...",
        "..@@@@@@@@@@@@.@.@..@@...@.@@.@@",
        "@.@.@.@.@.@@.....@@.@.@@..@...@@",
        "@............@@...@.....@......@"
    ],
    "start": [
        [
            71,
            108,
            163,
            63,
            43,
            158,
            61,
            57,
            157,
            175,
            106,
            58,
            311,
            230,
            256,
            293,
            309,
            336,
            251,
            276,
            288,
            396,
            361,
            228,
            382,
            149,
            39,
            139,
            134,
            73,
            107,
            404,
            478,
            499,
            585,
            519,
            426,
            490,
            479,
            272,
            290,
            341,
            363,
            238,
            393,
            282,
            516,
            571,
            448,
            581,
            443,
            356,
            331,
            317,
            258,
            532,
            133,
            820,
            422,
            424,
            304,
            111,
            277,
            664,
            620,
            216,
            524,
            662,
            278,
            686,
            591,
            480,
            587,
            515,
            740,
            538,
            617,
            798,
            912,
            603,
            493,
            564,
            856,
            217,
            273,
            474,
            695,
            952,
            792,
            993,
            566,
            135,
            1008,
            330,
            245,
            651,
            109,
            895,
            152,
            727,
            915,
            713,
            329,
            281,
            772,
            294,
            170,
            730,
            346,
            657,
            1019,
            804,
            972,
            642,
            745,
            132,
            708,
            976,
            416,
            179,
            285,
            70,
            950,
            529,
            59,
            413,
            64,
            325,
            590,
            445,
            535,
            816,
            232,
            252,
            754,
            370,
            777,
            44,
            1012,
            483,
            981,
            951,
            589,
            381,
            896,
            836,
            606,
            461,
            438,
            870
        ],
        [
            192,
            32,
            107,
            134,
            82,
            46,
            10,
            157,
            138,
            175,
            147,
            84,
            45,
            108,
            13,
            117,
            156,
            92,
            64,
            59,
            144,
            280,
            218,
            306,
            281,
            220,
            329,
            249,
            100,
            179,
            200,
            238,
            267,
            228,
            365,
            276,
            417,
            494,
            486,
            426,
            409,
            538,
            516,
            507,
            422,
            602,
            408,
            325,
            210,
            363,
            383,
            367,
            259,
            346,
            521,
            277,
            239,
            298,
            260,
            251,
            339,
            428,
            475,
            497,
            66,
            160,
            561,
            83,
            605,
            804,
            803,
            877,
            461,
            258,
            633,
            535,
            473,
            655,
            523,
            115,
            170,
            576,
            895,
            654,
            524,
            272,
            927,
            662,
            70,
            832,
            132,
            830,
            145,
            43,
            831,
            606,
            739,
            485,
            536,
            710,
            338,
            379,
            163,
            123,
            614,
            124,
            1012,
            750,
            443,
            868,
            855,
            211,
            821,
            509,
            1000,
            224,
            405,
            842,
            770,
            695,
            793,
            135,
            785,
            515,
            885,
            820,
            232,
            496,
            974,
            413,
            359,
            808,
            772,
            642,
            273,
            448,
            923,
            640,
            926,
            1019,
            892,
            999,
            928,
            972,
            335,
            856,
            727,
            112,
            357,
            139
        ],
        [
            97,
            164,
            200,
            44,
            25,
            82,
            65,
            66,
            195,
            133,
            56,
            64,
            288,
            384,
            298,
            239,
            320,
            393,
            347,
            325,
            383,
            250,
            158,
            112,
            32,
            289,
            359,
            336,
            379,
            285,
            391,
            493,
            539,
            538,
            571,
            597,
            474,
            445,
            581,
            416,
            502,
            218,
            294,
            256,
            340,
            330,
            342,
            356,
            381,
            382,
            334,
            412,
            509,
            426,
            596,
            486,
            515,
            587,
            398,
            522,
            549,
            654,
            784,
            824,
            610,
            830,
            727,
            642,
            796,
            740,
            798,
            479,
            457,
            447,
            413,
            828,
            772,
            686,
            708,
            423,
            836,
            750,
            737,
            43,
            251,
            984,
            972,
            358,
            598,
            267,
            989,
            600,
            792,
            789,
            856,
            408,
            338,
            875,
            529,
            85,
            277,
            915,
            684,
            71,
            641,
            793,
            458,
            428,
            234,
            969,
            770,
            211,
            341,
            614,
            653,
            838,
            496,
            210,
            883,
            651,
            806,
            110,
            622,
            871,
            886,
            84,
            730,
            761,
            129,
            976,
            168,
            245,
            514,
            855,
            994,
            589,
            710,
            942,
            601,
            926,
            188,
            995,
            147,
            475,
            564,
            58,
            560,
            124,
            339,
            961
        ],
        [
            97,
            139,
            100,
            60,
            108,
            92,
            115,
            62,
            67,
            160,
            169,
            47,
            170,
            147,
            56,
            32,
            245,
            232,
            290,
            111,
            174,
            10,
            175,
            192,
            239,
            276,
            253,
            358,
            357,
            272,
            346,
            512,
            536,
            521,
            457,
            535,
            480,
            486,
            470,
            524,
            408,
            412,
            516,
            596,
            411,
            234,
            311,
            201,
            217,
            367,
            240,
            309,
            263,
            381,
            365,
            320,
            534,
            545,
            285,
            538,
            577,
            641,
            708,
            722,
            615,
            796,
            407,
            560,
            541,
            571,
            415,
            402,
            566,
            529,
            517,
            398,
            603,
            591,
            832,
            663,
            609,
            965,
            979,
            989,
            757,
            298,
            841,
            764,
            199,
            730,
            864,
            479,
            997,
            131,
            944,
            793,
            828,
            69,
            331,
            362,
            657,
            361,
            998,
            522,
            515,
            391,
            882,
            1021,
            443,
            117,
            942,
            876,
            490,
            808,
            705,
            85,
            782,
            804,
            602,
            564,
            267,
            1003,
            409,
            611,
            728,
            711,
            250,
            488,
            40,
            25,
            758,
            653,
            278,
            59,
            598,
            885,
            416,
            592,
            805,
            874,
            168,
            562,
            282,
            684,
            600,
            918,
            900,
            1000,
            104,
            218
        ],
        [
            112,
            157,
            109,
            69,
            38,
            200,
            24,
            42,
            57,
            134,
            39,
            170,
            63,
            61,
            132,
            164,
            43,
            60,
            32,
            335,
            382,
            320,
            298,
            281,
            282,
            334,
            280,
            210,
            336,
            325,
            362,
            407,
            408,
            486,
            447,
            545,
            561,
            516,
            417,
            571,
            600,
            581,
            500,
            586,
            521,
            483,
            568,
            539,
            577,
            402,
            601,
            509,
            416,
            562,
            397,
            228,
            338,
            342,
            266,
            424,
            554,
            622,
            497,
            461,
            412,
            406,
            448,
            490,
            830,
            602,
            664,
            677,
            258,
            886,
            158,
            892,
            217,
            590,
            592,
            973,
            882,
            944,
            232,
            253,
            727,
            987,
            792,
            147,
            293,
            311,
            947,
            245,
            979,
            384,
            330,
            1004,
            902,
            890,
            489,
            1015,
            743,
            617,
            133,
            929,
            615,
            445,
            805,
            752,
            156,
            474,
            536,
            59,
            653,
            192,
            139,
            961,
            438,
            610,
            1002,
            517,
            1001,
            230,
            405,
            631,
            138,
            238,
            662,
            838,
            470,
            150,
            989,
            998,
            305,
            928,
            128,
            13,
            46,
            655,
            273,
            884,
            260,
            836,
            803,
            184,
            926,
            609,
            900,
            654,
            859,
            782
        ]
    ],
    "goal": [
        [
            412,
            855,
            305,
            1002,
            345,
            404,
            1000,
            622,
            853,
            723,
            801,
            741,
            830,
            973,
            881,
            925,
            806,
            618,
            422,
            478,
            730,
            606,
            1017,
            409,
            278,
            946,
            617,
            777,
            343,
            653,
            405,
            792,
            967,
            695,
            110,
            238,
            499,
            61,
            673,
            649,
            965,
            42,
            600,
            260,
            560,
            828,
            979,
            163,
            195,
            145,
            585,
            379,
            663,
            929,
            540,
            62,
            286,
            591,
            789,
            597,
            210,
            46,
            753,
            66,
            678,
            640,
            156,
            521,
            858,
            455,
            633,
            849,
            216,
            346,
            367,
            950,
            115,
            41,
            253,
            136,
            605,
            60,
            989,
            610,
            512,
            158,
            147,
            841,
            150,
            347,
            169,
            863,
            397,
            729,
            598,
            56,
            657,
            340,
            561,
            718,
            334,
            662,
            1011,
            860,
            737,
            926,
            383,
            880,
            535,
            157,
            1007,
            416,
            85,
            479,
            438,
            402,
            750,
            266,
            915,
            541,
            590,
            236,
            740,
            509,
            458,
            298,
            814,
            381,
            1015,
            192,
            289,
            129,
            963,
            870,
            631,
            803,
            496,
            587,
            184,
            57,
            739,
            342,
            767,
            928,
            459,
            951,
            288,
            144,
            447,
            954
        ],
        [
            149,
            860,
            622,
            413,
            770,
            842,
            840,
            792,
            539,
            509,
            806,
            496,
            341,
            777,
            272,
            1013,
            133,
            739,
            882,
            277,
            886,
            614,
            646,
            457,
            740,
            483,
            25,
            384,
            717,
            729,
            876,
            722,
            538,
            728,
            963,
            737,
            236,
            995,
            972,
            73,
            999,
            397,
            657,
            231,
            562,
            131,
            513,
            535,
            1002,
            152,
            809,
            184,
            984,
            230,
            890,
            915,
            135,
            237,
            276,
            139,
            640,
            772,
            718,
            393,
            598,
            317,
            921,
            453,
            752,
            750,
            32,
            201,
            710,
            10,
            821,
            944,
            330,
            45,
            686,
            347,
            704,
            883,
            712,
            768,
            24,
            147,
            210,
            475,
            480,
            443,
            379,
            593,
            642,
            589,
            448,
            874,
            176,
            820,
            492,
            789,
            774,
            438,
            340,
            331,
            290,
            85,
            577,
            278,
            228,
            997,
            651,
            677,
            516,
            71,
            145,
            238,
            783,
            609,
            383,
            402,
            494,
            285,
            156,
            43,
            280,
            529,
            741,
            245,
            713,
            761,
            868,
            40,
            461,
            603,
            211,
            150,
            730,
            597,
            824,
            1014,
            365,
            426,
            63,
            867,
            358,
            216,
            873,
            869,
            42,
            58
        ],
        [
            973,
            873,
            340,
            157,
            769,
            587,
            678,
            792,
            601,
            772,
            341,
            408,
            626,
            73,
            1014,
            947,
            963,
            539,
            856,
            912,
            764,
            549,
            457,
            426,
            1007,
            236,
            598,
            620,
            100,
            514,
            272,
            828,
            883,
            885,
            109,
            918,
            845,
            998,
            589,
            868,
            1001,
            717,
            411,
            188,
            849,
            405,
            383,
            220,
            112,
            258,
            447,
            730,
            952,
            929,
            768,
            280,
            349,
            10,
            282,
            44,
            404,
            926,
            515,
            357,
            695,
            58,
            428,
            798,
            793,
            770,
            210,
            735,
            278,
            859,
            586,
            245,
            85,
            147,
            890,
            532,
            927,
            134,
            402,
            160,
            739,
            70,
            740,
            416,
            997,
            759,
            902,
            330,
            104,
            652,
            415,
            67,
            111,
            199,
            41,
            478,
            571,
            545,
            509,
            640,
            238,
            359,
            1008,
            881,
            604,
            524,
            535,
            824,
            870,
            123,
            728,
            783,
            42,
            1011,
            806,
            646,
            752,
            480,
            614,
            479,
            923,
            362,
            108,
            711,
            523,
            499,
            267,
            62,
            277,
            106,
            855,
            39,
            915,
            170,
            174,
            361,
            516,
            522,
            996,
            293,
            761,
            727,
            398,
            858,
            32,
            622
        ],
        [
            821,
            25,
            851,
            232,
            890,
            761,
            711,
            236,
            277,
            767,
            695,
            686,
            157,
            422,
            999,
            195,
            228,
            402,
            885,
            758,
            513,
            398,
            220,
            828,
            975,
            517,
            900,
            60,
            443,
            640,
            864,
            1004,
            883,
            117,
            995,
            426,
            979,
            598,
            83,
            218,
            458,
            576,
            478,
            396,
            719,
            620,
            1000,
            923,
            259,
            485,
            730,
            859,
            500,
            169,
            853,
            345,
            363,
            721,
            869,
            360,
            64,
            684,
            475,
            45,
            863,
            188,
            102,
            961,
            963,
            586,
            766,
            423,
            649,
            856,
            855,
            782,
            723,
            993,
            840,
            24,
            32,
            356,
            541,
            1012,
            809,
            769,
            403,
            785,
            276,
            776,
            519,
            625,
            417,
            663,
            174,
            740,
            152,
            428,
            317,
            777,
            239,
            286,
            539,
            926,
            884,
            534,
            267,
            803,
            549,
            1014,
            260,
            358,
            793,
            447,
            759,
            922,
            393,
            42,
            147,
            85,
            764,
            311,
            752,
            881,
            57,
            928,
            808,
            912,
            678,
            757,
            457,
            252,
            611,
            424,
            631,
            522,
            708,
            346,
            110,
            306,
            972,
            798,
            610,
            804,
            806,
            741,
            605,
            868,
            727,
            985
        ],
        [
            712,
            735,
            1004,
            718,
            996,
            928,
            704,
            770,
            993,
            651,
            864,
            287,
            65,
            424,
            379,
            750,
            556,
            858,
            438,
            585,
            175,
            999,
            922,
            549,
            580,
            874,
            232,
            984,
            445,
            475,
            406,
            610,
            554,
            411,
            849,
            741,
            488,
            277,
            123,
            231,
            359,
            158,
            331,
            792,
            496,
            272,
            480,
            789,
            1011,
            1014,
            201,
            266,
            13,
            92,
            625,
            535,
            816,
            883,
            251,
            474,
            963,
            267,
            673,
            147,
            100,
            876,
            867,
            855,
            334,
            873,
            711,
            500,
            745,
            539,
            458,
            217,
            915,
            234,
            188,
            774,
            169,
            830,
            383,
            646,
            890,
            174,
            560,
            286,
            664,
            657,
            519,
            808,
            598,
            739,
            869,
            309,
            361,
            972,
            382,
            338,
            398,
            538,
            516,
            642,
            45,
            364,
            164,
            44,
            868,
            487,
            708,
            784,
            325,
            856,
            832,
            115,
            695,
            47,
            805,
            304,
            752,
            838,
            384,
            412,
            902,
            886,
            82,
            976,
            859,
            135,
            722,
            631,
            61,
            633,
            46,
            768,
            989,
            596,
            179,
            83,
            124,
            60,
            362,
            793,
            129,
            743,
            25,
            10,
            330,
            253
        ]
    ]
}