{
    "name": "46_33",
    "weight": false,
    "n_row": 32,
    "n_col": 32,
    "layout": [
        "@.@@@..@@@..@@@@..@@@..@@@..@@@@",
        "@..@@@..@@@..@@@..@@@..@@@..@@@@",
        "@...@@@.......@@@..@@@..@@@.@@@@",
        "@...@@@..@@@@..@@@.......@@....@",
        "@...@@@...@@@..@@@..@@@..@@.@@.@",
        "@...@@@...@@@...@@..@@@..@@.@@.@",
        "@...@@@...@@@.......@@@..@@.@@.@",
        "@...@@@...@@@...@@@.@@@..@@.@@.@",
        "@...@@@...@@@...@@@..@@..@@.@@..",
        "@...@@@...@@@...@@@..@@@.@@.@@..",
        "@...@@@...@@@...@@@..@@@.@@.@@@.",
        "@...@@@...@@@...@@@...@@.@@..@@.",
        "@...@@@...@@@...@@@@..@@.@@..@@.",
        "@...@@@...@@@...@@@...@@.@@@.@@@",
        "@...@@@...@@@...@@@...@@..@@..@@",
        "@...@@@...@@@...@@@...@@..@@..@@",
        "@...@@@...@@@...@@@...@@@.@@@.@@",
        "@...@@@...@@@...@@@...@@@.....@@",
        "@...@@@...@@@...@@@...@@@..@@.@@",
        "@...@@@...@@@...@@@...@@@..@@.@@",
        "@...@@@...@@@...@@@...@@@..@@.@@",
        "@...@@@...@@@...@@@...@@@..@@.@@",
        "@...@@@...@@@...@@@...@@@..@@..@",
        "@...@@@...@@@...@@@...@@@..@@@..",
        "@...@@@...@@@...@@@...@@@..@@@..",
        "@...@@@...@@@...@@@...@@@...@@@.",
        "@...@@@...@@@...@@@...@@@...@@@.",
        "@...@@@...@@@...@@@...@@@...@@@.",
        "@...@@@...@@@...@@@...@@@...@@@.",
        "@@..@@@...@@@...@@@...@@@...@@@.",
        "@.........@@@...@@@...@@@...@@@.",
        "@@.@@@@@.@@@@@.@@@@@.@@@@@.@@@@@"
    ],
    "start": [
        [
            233,
            200,
            11,
            123,
            183,
            187,
            179,
            16,
            130,
            59,
            380,
            371,
            386,
            315,
            351,
            359,
            275,
            323,
            73,
            135,
            97,
            173,
            125,
            129,
            162,
            161,
            98,
            210,
            193,
            247,
            303,
            481,
            467,
            557,
            321,
            455,
            340,
            248,
            259,
            264,
            276,
            361,
            435,
            383,
            423,
            417,
            353,
            431,
            290,
            637,
            499,
            379,
            296,
            365,
            449,
            412,
            573,
            572,
            494,
            589,
            520,
            713,
            616,
            809,
            808,
            679,
            734,
            750,
            801,
            927,
            769,
            22,
            226,
            857,
            487,
            430,
            34,
            527,
            889,
            541,
            770,
            871,
            655,
            756,
            948,
            980,
            601,
            318,
            859,
            488,
            184,
            335,
            195,
            877,
            58,
            584,
            839,
            469,
            910,
            215,
            225,
            137,
            418,
            821,
            251,
            834,
            969,
            895,
            647,
            585,
            415,
            126,
            271,
            583,
            845,
            207,
            717,
            472,
            627,
            451,
            959,
            91,
            74,
            327,
            295,
            706,
            749,
            26,
            955,
            495,
            67,
            319,
            898,
            269,
            146,
            279,
            738,
            532,
            733,
            935,
            54,
            119,
            922,
            814,
            964,
            578,
            493,
            762,
            116,
            915
        ],
        [
            115,
            87,
            167,
            205,
            233,
            58,
            187,
            74,
            39,
            99,
            5,
            38,
            141,
            318,
            373,
            321,
            415,
            372,
            412,
            280,
            449,
            73,
            67,
            44,
            195,
            258,
            297,
            109,
            124,
            33,
            225,
            397,
            621,
            653,
            504,
            481,
            520,
            563,
            513,
            579,
            634,
            495,
            633,
            405,
            303,
            287,
            383,
            500,
            617,
            519,
            611,
            637,
            601,
            583,
            615,
            457,
            541,
            776,
            391,
            692,
            290,
            553,
            937,
            921,
            1018,
            955,
            986,
            756,
            437,
            494,
            514,
            798,
            979,
            605,
            455,
            749,
            82,
            873,
            499,
            359,
            22,
            794,
            665,
            275,
            424,
            831,
            289,
            783,
            711,
            846,
            981,
            691,
            964,
            72,
            450,
            307,
            251,
            226,
            622,
            965,
            755,
            948,
            916,
            163,
            788,
            295,
            745,
            219,
            207,
            552,
            526,
            286,
            6,
            802,
            26,
            329,
            591,
            155,
            476,
            392,
            59,
            922,
            967,
            71,
            577,
            787,
            723,
            853,
            347,
            572,
            508,
            649,
            279,
            263,
            380,
            865,
            322,
            270,
            98,
            799,
            729,
            761,
            521,
            974,
            547,
            673,
            546,
            815,
            199,
            890
        ],
        [
            81,
            173,
            226,
            168,
            169,
            131,
            206,
            1,
            104,
            54,
            103,
            201,
            33,
            119,
            193,
            125,
            155,
            48,
            11,
            115,
            372,
            290,
            451,
            415,
            318,
            286,
            366,
            371,
            355,
            319,
            450,
            476,
            628,
            547,
            655,
            643,
            595,
            533,
            254,
            419,
            449,
            289,
            385,
            408,
            391,
            412,
            307,
            379,
            387,
            525,
            435,
            623,
            509,
            605,
            493,
            546,
            513,
            616,
            467,
            634,
            308,
            615,
            762,
            705,
            808,
            745,
            801,
            813,
            693,
            815,
            788,
            151,
            457,
            943,
            53,
            985,
            743,
            263,
            707,
            659,
            552,
            979,
            1018,
            718,
            987,
            404,
            477,
            827,
            315,
            654,
            729,
            954,
            141,
            878,
            994,
            207,
            916,
            927,
            941,
            328,
            787,
            291,
            853,
            981,
            339,
            329,
            26,
            1000,
            508,
            17,
            723,
            627,
            814,
            935,
            974,
            583,
            559,
            429,
            930,
            75,
            769,
            584,
            526,
            66,
            376,
            6,
            1006,
            444,
            879,
            739,
            380,
            909,
            276,
            858,
            923,
            564,
            872,
            287,
            873,
            73,
            948,
            570,
            577,
            756,
            219,
            653,
            257,
            120,
            590,
            947
        ],
        [
            130,
            16,
            65,
            167,
            155,
            26,
            215,
            71,
            126,
            174,
            147,
            43,
            72,
            237,
            66,
            162,
            119,
            123,
            120,
            225,
            75,
            318,
            297,
            264,
            333,
            286,
            385,
            379,
            412,
            347,
            380,
            467,
            411,
            376,
            328,
            351,
            353,
            307,
            248,
            383,
            424,
            450,
            455,
            329,
            393,
            642,
            627,
            648,
            488,
            589,
            527,
            557,
            493,
            571,
            531,
            519,
            271,
            289,
            301,
            319,
            365,
            585,
            547,
            794,
            769,
            729,
            698,
            666,
            756,
            637,
            508,
            757,
            825,
            833,
            793,
            750,
            771,
            641,
            813,
            755,
            733,
            514,
            579,
            968,
            22,
            809,
            44,
            737,
            308,
            595,
            323,
            879,
            622,
            11,
            187,
            835,
            643,
            216,
            962,
            533,
            418,
            883,
            878,
            803,
            366,
            429,
            808,
            116,
            634,
            481,
            99,
            408,
            871,
            48,
            985,
            359,
            302,
            334,
            961,
            509,
            705,
            846,
            655,
            135,
            685,
            232,
            935,
            654,
            373,
            367,
            258,
            254,
            193,
            109,
            386,
            87,
            572,
            701,
            799,
            858,
            814,
            49,
            137,
            865,
            10,
            724,
            973,
            745,
            287,
            927
        ],
        [
            131,
            65,
            126,
            33,
            226,
            82,
            194,
            187,
            5,
            114,
            201,
            175,
            283,
            289,
            302,
            328,
            34,
            210,
            129,
            27,
            67,
            183,
            104,
            130,
            167,
            430,
            344,
            411,
            287,
            437,
            347,
            605,
            509,
            258,
            386,
            259,
            379,
            569,
            583,
            383,
            514,
            493,
            659,
            851,
            799,
            513,
            571,
            611,
            833,
            769,
            686,
            270,
            921,
            103,
            436,
            307,
            991,
            654,
            674,
            125,
            847,
            858,
            87,
            655,
            97,
            845,
            841,
            227,
            591,
            335,
            286,
            711,
            755,
            315,
            653,
            846,
            505,
            621,
            647,
            456,
            878,
            648,
            623,
            222,
            110,
            579,
            263,
            730,
            22,
            303,
            541,
            91,
            318,
            73,
            788,
            801,
            26,
            959,
            476,
            404,
            340,
            965,
            1000,
            355,
            271,
            666,
            397,
            697,
            935,
            200,
            723,
            429,
            808,
            367,
            807,
            729,
            775,
            692,
            353,
            629,
            936,
            705,
            687,
            825,
            675,
            917,
            602,
            782,
            573,
            488,
            527,
            296,
            179,
            761,
            931,
            559,
            673,
            617,
            184,
            871,
            994,
            208,
            254,
            508,
            872,
            641,
            865,
            895,
            195,
            354
        ]
    ],
    "goal": [
        [
            788,
            730,
            707,
            579,
            162,
            430,
            347,
            733,
            761,
            942,
            873,
            826,
            884,
            719,
            449,
            814,
            161,
            590,
            319,
            385,
            743,
            669,
            419,
            136,
            307,
            985,
            351,
            225,
            238,
            809,
            969,
            692,
            482,
            766,
            813,
            853,
            955,
            545,
            756,
            909,
            193,
            565,
            712,
            163,
            435,
            373,
            328,
            66,
            397,
            751,
            353,
            500,
            798,
            481,
            393,
            551,
            679,
            526,
            863,
            617,
            718,
            290,
            825,
            461,
            219,
            857,
            11,
            283,
            5,
            680,
            71,
            488,
            344,
            686,
            573,
            200,
            75,
            605,
            965,
            297,
            371,
            557,
            532,
            877,
            254,
            146,
            643,
            745,
            237,
            91,
            508,
            921,
            968,
            115,
            81,
            627,
            321,
            104,
            130,
            808,
            949,
            687,
            595,
            354,
            6,
            467,
            975,
            168,
            717,
            76,
            653,
            137,
            423,
            412,
            1018,
            701,
            885,
            991,
            440,
            303,
            463,
            372,
            183,
            547,
            308,
            827,
            44,
            890,
            110,
            769,
            505,
            119,
            628,
            1000,
            794,
            379,
            359,
            509,
            610,
            334,
            629,
            417,
            514,
            184,
            724,
            208,
            437,
            941,
            839,
            418
        ],
        [
            643,
            515,
            922,
            318,
            597,
            16,
            628,
            803,
            961,
            301,
            610,
            819,
            985,
            691,
            712,
            585,
            355,
            738,
            916,
            673,
            397,
            286,
            975,
            163,
            745,
            692,
            91,
            1,
            200,
            890,
            717,
            840,
            835,
            739,
            167,
            71,
            570,
            1000,
            596,
            959,
            930,
            481,
            583,
            965,
            380,
            340,
            675,
            605,
            248,
            404,
            589,
            839,
            884,
            637,
            123,
            280,
            719,
            199,
            666,
            327,
            891,
            853,
            749,
            297,
            137,
            783,
            43,
            775,
            322,
            776,
            178,
            533,
            461,
            616,
            210,
            611,
            898,
            437,
            609,
            493,
            463,
            756,
            949,
            162,
            629,
            578,
            655,
            755,
            136,
            707,
            225,
            798,
            435,
            259,
            857,
            222,
            201,
            698,
            319,
            788,
            559,
            793,
            205,
            789,
            75,
            405,
            665,
            777,
            601,
            146,
            419,
            505,
            383,
            125,
            545,
            508,
            737,
            962,
            295,
            799,
            231,
            937,
            622,
            376,
            681,
            602,
            175,
            953,
            117,
            705,
            353,
            289,
            257,
            408,
            296,
            87,
            303,
            412,
            809,
            846,
            724,
            627,
            312,
            820,
            110,
            617,
            393,
            307,
            436,
            878
        ],
        [
            383,
            385,
            781,
            853,
            155,
            884,
            291,
            404,
            897,
            775,
            1012,
            767,
            38,
            226,
            697,
            456,
            308,
            546,
            899,
            126,
            637,
            469,
            44,
            119,
            365,
            961,
            681,
            809,
            216,
            979,
            973,
            495,
            547,
            789,
            519,
            211,
            327,
            602,
            487,
            879,
            621,
            265,
            488,
            418,
            379,
            737,
            859,
            745,
            813,
            712,
            729,
            457,
            355,
            328,
            922,
            590,
            757,
            222,
            953,
            455,
            347,
            734,
            941,
            629,
            724,
            954,
            660,
            254,
            643,
            794,
            974,
            819,
            966,
            762,
            449,
            707,
            537,
            852,
            569,
            205,
            353,
            120,
            878,
            419,
            73,
            557,
            237,
            975,
            955,
            290,
            115,
            725,
            917,
            733,
            916,
            423,
            386,
            706,
            287,
            834,
            776,
            425,
            312,
            963,
            125,
            408,
            307,
            27,
            72,
            692,
            872,
            959,
            81,
            76,
            659,
            415,
            615,
            648,
            846,
            835,
            462,
            129,
            673,
            71,
            589,
            783,
            891,
            238,
            905,
            883,
            297,
            617,
            771,
            627,
            719,
            158,
            286,
            200,
            444,
            123,
            231,
            397,
            174,
            801,
            302,
            209,
            437,
            392,
            190,
            987
        ],
        [
            462,
            347,
            118,
            692,
            903,
            991,
            385,
            226,
            564,
            931,
            257,
            537,
            895,
            286,
            201,
            637,
            739,
            449,
            124,
            116,
            917,
            205,
            129,
            611,
            509,
            209,
            526,
            966,
            264,
            239,
            161,
            573,
            73,
            641,
            482,
            291,
            519,
            871,
            713,
            675,
            857,
            508,
            405,
            953,
            885,
            329,
            815,
            565,
            437,
            801,
            841,
            698,
            980,
            531,
            283,
            923,
            833,
            54,
            705,
            649,
            571,
            697,
            81,
            660,
            669,
            142,
            417,
            961,
            450,
            463,
            38,
            104,
            532,
            948,
            77,
            979,
            572,
            659,
            65,
            1006,
            520,
            653,
            693,
            493,
            853,
            719,
            654,
            333,
            359,
            770,
            74,
            807,
            633,
            222,
            927,
            734,
            685,
            673,
            344,
            943,
            251,
            545,
            436,
            334,
            419,
            865,
            959,
            461,
            487,
            27,
            674,
            898,
            729,
            751,
            707,
            717,
            26,
            757,
            233,
            955,
            872,
            1012,
            788,
            533,
            852,
            873,
            126,
            391,
            387,
            477,
            5,
            680,
            941,
            814,
            216,
            610,
            231,
            935,
            904,
            393,
            578,
            859,
            589,
            173,
            99,
            648,
            91,
            845,
            365,
            366
        ],
        [
            72,
            1018,
            514,
            247,
            559,
            936,
            890,
            353,
            922,
            769,
            757,
            419,
            565,
            634,
            674,
            279,
            648,
            962,
            120,
            911,
            462,
            897,
            985,
            423,
            161,
            99,
            163,
            809,
            174,
            669,
            451,
            916,
            10,
            27,
            168,
            74,
            807,
            531,
            373,
            115,
            749,
            840,
            519,
            585,
            813,
            654,
            552,
            201,
            265,
            859,
            195,
            392,
            44,
            743,
            65,
            58,
            361,
            199,
            222,
            231,
            489,
            308,
            251,
            821,
            686,
            520,
            717,
            344,
            319,
            948,
            767,
            34,
            961,
            207,
            393,
            291,
            243,
            16,
            1012,
            755,
            927,
            707,
            858,
            605,
            98,
            110,
            151,
            355,
            66,
            360,
            899,
            263,
            73,
            642,
            271,
            783,
            290,
            712,
            649,
            846,
            845,
            653,
            67,
            968,
            628,
            853,
            584,
            275,
            718,
            216,
            508,
            766,
            481,
            794,
            437,
            39,
            986,
            318,
            327,
            905,
            570,
            340,
            762,
            973,
            595,
            208,
            834,
            440,
            233,
            898,
            771,
            187,
            504,
            259,
            761,
            339,
            500,
            333,
            347,
            435,
            141,
            158,
            673,
            137,
            38,
            270,
            142,
            685,
            71,
            473
        ]
    ]
}