{
    "name": "46_44",
    "weight": false,
    "n_row": 32,
    "n_col": 32,
    "layout": [
        "....@@@@....@@@......@@@@.....@@",
        "@......@@@....@@@@.....@@.@.....",
        "@@@@@@..@@@....@@@@@@.....@@@@@@",
        "...@@@@..@@@@.....@@@.@....@@@@@",
        "@@.........@@@@.......@@........",
        "@@.@@@@.....@@@@@@@...@@@@@@@@@@",
        "...@@@@@@......@@@@@@..@.@@@@@@@",
        "@.....@@@@@@@..................@",
        "@@@@....@@@@@@@@@@@@@@@@@@@@@...",
        "..@@@......@..@@@@@@@@@@@@@@@@@@",
        "...@@@@@....................@@@.",
        "......@@@@@@@@@@@@@@@@@.........",
        "@@.......@@@@@@@@@@@@@@@@@@@@@..",
        ".@@@@@...............@.@@@@@@@.@",
        "..@.@@.@@@@@@@@@@............@.@",
        ".......@@@@@@@@@@@@@@@@@@@.....@",
        "@@@@@...........@@@@@@@@@@@@@@..",
        "..@@@.@@@@@@@............@@@@@@@",
        "......@@@@@@@@@@@@@@@@.......@@@",
        "@@@@........@@@@@@@@@@@@@@......",
        ".@@@.@@@@............@@@@@@@@@..",
        ".....@@@@@@@@@@@@@@......@.@@@@@",
        "@@......@@@@@@@@@@@@@@@......@..",
        ".@@@@...............@@@@@@@.....",
        "....@@@@@@@@@@@@@.....@@@@@@@@..",
        "....@.@@@@@@@@@@@.@@......@.@@@@",
        "@@..............@.@@@@@.......@@",
        "@@@@...@....@@.....@@@@@@@@.....",
        ".@@@@.@@@@@..@@@@.....@@@@@@@...",
        "...@@.@@@@@@.@@@@@@......@@@@@@.",
        "@........@@......@@@@@@......@@@",
        "@@.@@@@..@..@@.@.@@@@@@@@.@..@@@"
    ],
    "start": [
        [
            104,
            57,
            44,
            132,
            8,
            88,
            51,
            111,
            134,
            122,
            156,
            143,
            179,
            227,
            287,
            333,
            339,
            244,
            263,
            340,
            206,
            61,
            63,
            17,
            148,
            117,
            121,
            33,
            86,
            10,
            71,
            565,
            563,
            472,
            524,
            519,
            481,
            483,
            432,
            169,
            167,
            478,
            542,
            466,
            465,
            510,
            376,
            330,
            322,
            289,
            205,
            249,
            226,
            260,
            415,
            598,
            473,
            467,
            525,
            484,
            426,
            636,
            650,
            711,
            601,
            747,
            744,
            613,
            617,
            691,
            800,
            801,
            674,
            735,
            424,
            634,
            53,
            328,
            933,
            476,
            1019,
            951,
            435,
            710,
            763,
            824,
            293,
            872,
            130,
            343,
            618,
            859,
            138,
            653,
            1017,
            170,
            229,
            822,
            972,
            389,
            785,
            469,
            474,
            870,
            149,
            527,
            85,
            868,
            543,
            696,
            247,
            925,
            301,
            560,
            18,
            576,
            949,
            767,
            380,
            844,
            693,
            416,
            750,
            434,
            968,
            930,
            11,
            707,
            296,
            251,
            509,
            549,
            670,
            382,
            144,
            216,
            961,
            825,
            110,
            285,
            635,
            948,
            882,
            984,
            344,
            192,
            59,
            241,
            860,
            659
        ],
        [
            61,
            89,
            57,
            130,
            54,
            53,
            18,
            122,
            75,
            154,
            29,
            113,
            155,
            35,
            50,
            11,
            70,
            263,
            322,
            244,
            294,
            239,
            76,
            148,
            27,
            110,
            145,
            213,
            25,
            16,
            28,
            169,
            202,
            214,
            321,
            156,
            158,
            260,
            414,
            564,
            510,
            471,
            430,
            381,
            345,
            341,
            351,
            297,
            216,
            342,
            330,
            181,
            295,
            201,
            170,
            300,
            248,
            331,
            343,
            289,
            639,
            565,
            204,
            192,
            693,
            843,
            987,
            435,
            52,
            206,
            568,
            649,
            604,
            914,
            735,
            135,
            873,
            353,
            1,
            983,
            45,
            855,
            383,
            481,
            9,
            616,
            133,
            482,
            879,
            672,
            131,
            786,
            968,
            426,
            227,
            729,
            253,
            377,
            656,
            475,
            745,
            845,
            251,
            484,
            695,
            896,
            379,
            386,
            132,
            59,
            798,
            429,
            262,
            87,
            352,
            508,
            613,
            194,
            544,
            134,
            473,
            246,
            338,
            617,
            562,
            907,
            927,
            415,
            422,
            390,
            785,
            770,
            241,
            710,
            975,
            427,
            507,
            357,
            328,
            112,
            428,
            526,
            205,
            527,
            380,
            801,
            840,
            749,
            103,
            650
        ],
        [
            155,
            87,
            148,
            61,
            15,
            78,
            16,
            36,
            1,
            98,
            134,
            336,
            287,
            247,
            334,
            343,
            2,
            152,
            89,
            117,
            17,
            44,
            45,
            52,
            29,
            143,
            167,
            244,
            10,
            104,
            86,
            203,
            293,
            330,
            296,
            170,
            478,
            386,
            581,
            431,
            438,
            454,
            473,
            471,
            379,
            564,
            470,
            298,
            168,
            180,
            331,
            345,
            335,
            206,
            216,
            245,
            156,
            344,
            561,
            387,
            388,
            754,
            769,
            558,
            434,
            696,
            743,
            676,
            613,
            694,
            604,
            649,
            674,
            424,
            657,
            193,
            377,
            301,
            53,
            213,
            328,
            562,
            557,
            521,
            728,
            580,
            120,
            908,
            389,
            355,
            260,
            974,
            710,
            846,
            436,
            356,
            880,
            698,
            599,
            237,
            987,
            964,
            988,
            567,
            33,
            381,
            138,
            750,
            523,
            949,
            874,
            59,
            708,
            891,
            659,
            226,
            251,
            38,
            27,
            320,
            481,
            615,
            770,
            285,
            545,
            603,
            390,
            872,
            785,
            959,
            425,
            11,
            1003,
            158,
            133,
            973,
            857,
            132,
            825,
            25,
            70,
            71,
            736,
            154,
            482,
            652,
            525,
            135,
            346,
            26
        ],
        [
            87,
            75,
            89,
            33,
            63,
            152,
            44,
            27,
            70,
            168,
            170,
            249,
            248,
            37,
            154,
            137,
            29,
            0,
            53,
            111,
            10,
            26,
            2,
            52,
            104,
            171,
            157,
            343,
            250,
            300,
            328,
            480,
            446,
            560,
            332,
            167,
            331,
            261,
            334,
            227,
            260,
            289,
            382,
            482,
            243,
            338,
            202,
            346,
            158,
            329,
            469,
            377,
            470,
            562,
            352,
            735,
            598,
            644,
            216,
            342,
            78,
            817,
            873,
            634,
            601,
            559,
            1006,
            750,
            454,
            838,
            748,
            192,
            239,
            71,
            604,
            901,
            933,
            805,
            972,
            917,
            155,
            940,
            194,
            732,
            736,
            60,
            825,
            881,
            117,
            963,
            746,
            145,
            786,
            472,
            320,
            930,
            751,
            617,
            640,
            391,
            345,
            842,
            132,
            262,
            423,
            653,
            694,
            950,
            522,
            517,
            131,
            246,
            476,
            112,
            524,
            557,
            510,
            25,
            526,
            159,
            824,
            976,
            949,
            344,
            914,
            380,
            926,
            728,
            800,
            85,
            43,
            984,
            542,
            543,
            675,
            42,
            335,
            120,
            206,
            15,
            764,
            925,
            485,
            34,
            834,
            355,
            858,
            638,
            676,
            600
        ],
        [
            51,
            37,
            117,
            45,
            9,
            76,
            61,
            29,
            75,
            57,
            110,
            119,
            121,
            238,
            252,
            202,
            171,
            179,
            332,
            248,
            260,
            346,
            203,
            262,
            246,
            157,
            206,
            244,
            250,
            328,
            338,
            352,
            430,
            526,
            380,
            377,
            426,
            507,
            376,
            391,
            158,
            213,
            336,
            337,
            356,
            568,
            429,
            242,
            351,
            194,
            228,
            167,
            298,
            525,
            353,
            880,
            785,
            767,
            948,
            789,
            598,
            508,
            602,
            427,
            963,
            940,
            11,
            635,
            249,
            322,
            240,
            787,
            33,
            839,
            734,
            436,
            192,
            378,
            486,
            856,
            706,
            846,
            153,
            320,
            448,
            285,
            390,
            750,
            227,
            168,
            1,
            476,
            617,
            523,
            741,
            579,
            43,
            392,
            827,
            949,
            650,
            340,
            416,
            0,
            154,
            111,
            768,
            451,
            288,
            634,
            433,
            263,
            855,
            239,
            604,
            434,
            659,
            950,
            1006,
            987,
            567,
            658,
            752,
            415,
            837,
            20,
            951,
            711,
            825,
            907,
            449,
            952,
            869,
            985,
            60,
            961,
            966,
            54,
            994,
            693,
            387,
            803,
            138,
            755,
            484,
            509,
            972,
            769,
            731,
            558
        ]
    ],
    "goal": [
        [
            473,
            734,
            881,
            600,
            522,
            834,
            755,
            987,
            933,
            917,
            731,
            896,
            766,
            557,
            580,
            449,
            824,
            803,
            822,
            707,
            660,
            894,
            392,
            694,
            671,
            926,
            914,
            563,
            527,
            801,
            874,
            728,
            168,
            839,
            153,
            262,
            335,
            375,
            248,
            567,
            745,
            763,
            654,
            122,
            286,
            893,
            616,
            146,
            179,
            380,
            542,
            562,
            601,
            288,
            561,
            227,
            835,
            823,
            20,
            19,
            334,
            9,
            351,
            159,
            203,
            78,
            29,
            134,
            344,
            878,
            297,
            25,
            171,
            959,
            62,
            152,
            566,
            155,
            213,
            598,
            347,
            243,
            820,
            135,
            170,
            386,
            673,
            382,
            154,
            652,
            859,
            345,
            341,
            10,
            603,
            691,
            389,
            800,
            518,
            144,
            133,
            749,
            422,
            744,
            1000,
            249,
            769,
            88,
            50,
            708,
            821,
            43,
            289,
            837,
            692,
            966,
            158,
            87,
            1008,
            427,
            857,
            8,
            507,
            3,
            672,
            636,
            949,
            805,
            117,
            544,
            523,
            339,
            11,
            927,
            842,
            332,
            448,
            28,
            951,
            27,
            581,
            261,
            228,
            711,
            260,
            287,
            846,
            1017,
            333,
            836
        ],
        [
            634,
            527,
            288,
            745,
            1017,
            837,
            821,
            880,
            227,
            927,
            519,
            976,
            481,
            320,
            770,
            974,
            754,
            483,
            117,
            670,
            653,
            845,
            988,
            356,
            696,
            879,
            346,
            600,
            388,
            509,
            294,
            839,
            948,
            870,
            966,
            891,
            391,
            44,
            29,
            842,
            89,
            37,
            802,
            765,
            237,
            18,
            567,
            522,
            698,
            803,
            159,
            568,
            11,
            746,
            962,
            580,
            789,
            706,
            849,
            202,
            525,
            834,
            1008,
            983,
            120,
            96,
            240,
            655,
            379,
            415,
            260,
            337,
            691,
            134,
            800,
            657,
            329,
            333,
            249,
            636,
            471,
            38,
            33,
            293,
            342,
            335,
            430,
            132,
            10,
            167,
            454,
            730,
            520,
            727,
            121,
            859,
            763,
            576,
            263,
            617,
            467,
            157,
            416,
            180,
            76,
            352,
            618,
            149,
            599,
            734,
            518,
            242,
            847,
            434,
            744,
            751,
            152,
            732,
            170,
            742,
            566,
            799,
            963,
            103,
            860,
            578,
            296,
            557,
            137,
            87,
            156,
            915,
            896,
            562,
            75,
            750,
            959,
            286,
            254,
            559,
            262,
            875,
            835,
            986,
            526,
            619,
            332,
            78,
            343,
            51
        ],
        [
            917,
            391,
            604,
            469,
            658,
            753,
            735,
            768,
            929,
            857,
            524,
            846,
            913,
            844,
            891,
            838,
            612,
            465,
            473,
            386,
            892,
            728,
            660,
            565,
            357,
            706,
            1000,
            1008,
            640,
            518,
            984,
            635,
            526,
            727,
            466,
            383,
            767,
            181,
            153,
            874,
            42,
            11,
            170,
            926,
            558,
            70,
            85,
            755,
            1017,
            392,
            868,
            578,
            707,
            468,
            523,
            869,
            895,
            693,
            964,
            734,
            2,
            147,
            351,
            110,
            875,
            63,
            381,
            333,
            336,
            262,
            987,
            45,
            226,
            335,
            149,
            179,
            650,
            801,
            580,
            263,
            387,
            907,
            10,
            294,
            76,
            694,
            696,
            354,
            296,
            332,
            963,
            214,
            430,
            119,
            18,
            334,
            519,
            167,
            965,
            561,
            472,
            97,
            971,
            103,
            896,
            135,
            708,
            599,
            229,
            1006,
            71,
            950,
            244,
            581,
            560,
            480,
            835,
            475,
            476,
            843,
            983,
            260,
            287,
            972,
            131,
            344,
            204,
            446,
            563,
            19,
            61,
            731,
            435,
            634,
            158,
            132,
            154,
            675,
            711,
            424,
            414,
            743,
            98,
            803,
            15,
            962,
            206,
            288,
            155,
            952
        ],
        [
            654,
            386,
            940,
            580,
            563,
            947,
            861,
            963,
            448,
            914,
            727,
            798,
            984,
            752,
            859,
            651,
            670,
            375,
            951,
            893,
            959,
            767,
            1000,
            414,
            985,
            483,
            928,
            987,
            615,
            544,
            785,
            78,
            0,
            339,
            562,
            676,
            286,
            967,
            896,
            392,
            894,
            154,
            971,
            769,
            834,
            578,
            564,
            635,
            929,
            973,
            1,
            239,
            870,
            1017,
            1019,
            565,
            729,
            249,
            660,
            135,
            377,
            62,
            336,
            427,
            895,
            347,
            751,
            167,
            671,
            603,
            2,
            612,
            61,
            15,
            842,
            29,
            16,
            330,
            294,
            242,
            835,
            328,
            507,
            193,
            431,
            732,
            638,
            799,
            354,
            226,
            561,
            192,
            98,
            802,
            742,
            52,
            155,
            736,
            77,
            138,
            387,
            321,
            253,
            521,
            691,
            103,
            480,
            227,
            10,
            246,
            741,
            288,
            45,
            134,
            695,
            856,
            789,
            930,
            849,
            821,
            557,
            131,
            827,
            27,
            652,
            213,
            320,
            60,
            430,
            604,
            357,
            518,
            44,
            149,
            238,
            768,
            948,
            786,
            858,
            169,
            803,
            465,
            839,
            425,
            602,
            658,
            121,
            770,
            473,
            26
        ],
        [
            930,
            805,
            600,
            836,
            711,
            387,
            691,
            377,
            454,
            961,
            709,
            561,
            263,
            549,
            430,
            519,
            770,
            844,
            580,
            517,
            975,
            51,
            655,
            821,
            376,
            694,
            766,
            391,
            959,
            951,
            754,
            134,
            247,
            117,
            994,
            579,
            285,
            78,
            966,
            908,
            859,
            940,
            424,
            449,
            335,
            170,
            10,
            469,
            730,
            485,
            835,
            654,
            581,
            296,
            237,
            33,
            637,
            599,
            693,
            696,
            43,
            192,
            847,
            155,
            143,
            438,
            375,
            861,
            769,
            162,
            822,
            510,
            523,
            16,
            448,
            652,
            480,
            914,
            881,
            86,
            89,
            153,
            11,
            29,
            472,
            428,
            849,
            35,
            834,
            672,
            895,
            246,
            152,
            204,
            734,
            786,
            649,
            180,
            465,
            149,
            800,
            823,
            789,
            976,
            435,
            382,
            484,
            933,
            634,
            747,
            203,
            148,
            332,
            474,
            728,
            560,
            968,
            619,
            297,
            205,
            171,
            70,
            245,
            17,
            1,
            676,
            298,
            98,
            963,
            27,
            154,
            965,
            225,
            97,
            675,
            926,
            130,
            858,
            638,
            287,
            543,
            145,
            840,
            451,
            857,
            389,
            416,
            261,
            329,
            158
        ]
    ]
}