{
    "name": "30_24",
    "weight": false,
    "n_row": 32,
    "n_col": 32,
    "layout": [
        "....@@..@.@@@...@@@...@@@@..@@..",
        "....@......@@...@@@...@.@@..@@..",
        "@@....@@....@@....@@....@@..@.@.",
        "@@....@@....@@@...@@@...@@..@.@.",
        "@@....@@@...@@@...@@@...@@..@...",
        "@@@...@@@...@@@...@@@......@@...",
        "@@@...@@@...@@@...@@@...@..@@...",
        "@@@...@@@...@@@...@@@..@@..@..@.",
        "@@@...@@@...@@@...@@@..@@....@@.",
        "@@@...@@@...@@@...@@@...@@...@@.",
        "@@@...@@@...@@@...@@@...@@....@@",
        "@@@...@@@...@@@...@@@...@@@...@@",
        "@@@...@@@...@@@...@@@...@@@...@@",
        "@@@....@@@....@@..@@@...@@@...@@",
        "@@@....@@@...@@@..@@@...@@@....@",
        "@@@....@@@...@@@..@@@...@@@...@@",
        "@@@....@@@...@@...@@@...@@@...@.",
        "@@@....@@@...@@...@@@@..@@@@..@.",
        "@@@....@@@...@@...@@@@..@.@@....",
        "@@@...@.@@@..@@...@..@....@@...@",
        "@@@......@@..@@...@..@.....@....",
        "@@@..@@..@@..@@..@..@@@...@@..@.",
        "@@@..@..@@...@@..@..@.@@..@@@...",
        "@@@..@..@@...@@....@@.@...@@..@.",
        "@@..@@..@@...@@.@..@..@...@@....",
        "@@..@@..@@...@..@..@......@@....",
        "@@.@@@..@@...@.@@.@..@@...@@@...",
        "@..@@...@@..@..@..@..@@...@@@.@.",
        "@..@@...@@.....@..@.@@@....@@...",
        "@.@@@...@@.@..@..@..@@@....@@.@.",
        "..@@@...@..@..@..@...@@....@@...",
        "..@@@...@..@..@......@@.@..@@@@."
    ],
    "start": [
        [
            21,
            93,
            73,
            130,
            138,
            159,
            183,
            111,
            74,
            176,
            113,
            165,
            69,
            63,
            41,
            66,
            45,
            6,
            59,
            32,
            137,
            143,
            228,
            272,
            266,
            379,
            400,
            393,
            181,
            52,
            0,
            255,
            497,
            628,
            420,
            460,
            218,
            241,
            281,
            411,
            249,
            282,
            227,
            496,
            582,
            517,
            516,
            429,
            623,
            556,
            561,
            611,
            471,
            478,
            214,
            190,
            315,
            548,
            518,
            559,
            541,
            798,
            637,
            707,
            700,
            754,
            771,
            796,
            690,
            644,
            655,
            613,
            454,
            714,
            575,
            123,
            67,
            788,
            133,
            970,
            507,
            599,
            349,
            1023,
            145,
            874,
            998,
            528,
            336,
            926,
            483,
            990,
            95,
            329,
            1011,
            39,
            267,
            785,
            529,
            356,
            934,
            592,
            687,
            125,
            839,
            87,
            250,
            443,
            811,
            20,
            743,
            567,
            843,
            852,
            695,
            476,
            965,
            335,
            40,
            469,
            612,
            86,
            720,
            919,
            348,
            765,
            169,
            810,
            522,
            316,
            287,
            75,
            823,
            842,
            954,
            523,
            202,
            412,
            703,
            984,
            486,
            967,
            920,
            357,
            909,
            554,
            3,
            305,
            118,
            189
        ],
        [
            26,
            14,
            37,
            143,
            75,
            27,
            2,
            155,
            181,
            111,
            163,
            138,
            15,
            67,
            106,
            90,
            20,
            240,
            412,
            303,
            337,
            395,
            373,
            218,
            343,
            292,
            277,
            379,
            380,
            357,
            325,
            599,
            607,
            582,
            464,
            636,
            586,
            518,
            515,
            502,
            559,
            575,
            598,
            477,
            611,
            624,
            632,
            452,
            428,
            336,
            331,
            381,
            271,
            239,
            362,
            314,
            420,
            246,
            278,
            214,
            283,
            426,
            767,
            714,
            691,
            788,
            666,
            659,
            765,
            419,
            458,
            606,
            798,
            733,
            723,
            728,
            834,
            139,
            122,
            6,
            941,
            265,
            1007,
            663,
            169,
            697,
            52,
            13,
            902,
            547,
            217,
            898,
            309,
            715,
            485,
            228,
            828,
            1001,
            255,
            185,
            176,
            874,
            969,
            533,
            1012,
            197,
            471,
            998,
            123,
            824,
            86,
            550,
            38,
            305,
            253,
            394,
            983,
            202,
            272,
            615,
            710,
            560,
            101,
            201,
            719,
            524,
            601,
            1010,
            913,
            375,
            587,
            984,
            683,
            908,
            922,
            572,
            1,
            633,
            30,
            87,
            975,
            656,
            388,
            919,
            323,
            21,
            63,
            315,
            645,
            861
        ],
        [
            39,
            75,
            101,
            144,
            46,
            72,
            95,
            185,
            183,
            41,
            176,
            20,
            184,
            139,
            189,
            113,
            125,
            119,
            6,
            37,
            100,
            130,
            107,
            158,
            165,
            342,
            154,
            3,
            21,
            157,
            99,
            218,
            303,
            229,
            305,
            283,
            316,
            297,
            190,
            348,
            336,
            221,
            201,
            191,
            227,
            580,
            547,
            625,
            620,
            509,
            393,
            292,
            311,
            367,
            539,
            623,
            491,
            541,
            598,
            560,
            485,
            830,
            647,
            651,
            812,
            798,
            822,
            770,
            753,
            680,
            716,
            791,
            767,
            668,
            679,
            601,
            492,
            548,
            780,
            752,
            666,
            477,
            633,
            444,
            687,
            824,
            733,
            708,
            825,
            975,
            922,
            343,
            540,
            287,
            534,
            470,
            960,
            68,
            593,
            122,
            59,
            786,
            807,
            778,
            380,
            58,
            644,
            870,
            764,
            906,
            52,
            742,
            725,
            255,
            817,
            132,
            471,
            7,
            862,
            920,
            381,
            912,
            324,
            260,
            839,
            15,
            690,
            761,
            389,
            182,
            420,
            1002,
            419,
            53,
            734,
            73,
            714,
            528,
            137,
            586,
            556,
            957,
            983,
            927,
            775,
            1012,
            508,
            849,
            810,
            62
        ],
        [
            95,
            2,
            63,
            158,
            13,
            86,
            81,
            0,
            90,
            45,
            34,
            112,
            62,
            7,
            113,
            42,
            164,
            278,
            310,
            342,
            330,
            252,
            298,
            218,
            324,
            325,
            213,
            189,
            265,
            37,
            123,
            208,
            271,
            316,
            369,
            343,
            319,
            287,
            379,
            315,
            631,
            539,
            540,
            299,
            241,
            604,
            527,
            591,
            517,
            452,
            464,
            477,
            478,
            476,
            190,
            272,
            292,
            282,
            281,
            389,
            601,
            680,
            728,
            722,
            656,
            715,
            607,
            490,
            582,
            522,
            586,
            701,
            652,
            696,
            752,
            133,
            139,
            691,
            255,
            907,
            171,
            337,
            877,
            720,
            630,
            143,
            207,
            719,
            788,
            38,
            637,
            15,
            529,
            632,
            1010,
            348,
            707,
            533,
            176,
            234,
            975,
            363,
            965,
            235,
            979,
            990,
            966,
            861,
            670,
            889,
            831,
            267,
            725,
            356,
            684,
            429,
            901,
            101,
            35,
            125,
            815,
            969,
            39,
            829,
            638,
            633,
            887,
            443,
            336,
            683,
            209,
            857,
            644,
            666,
            195,
            852,
            273,
            58,
            708,
            444,
            394,
            3,
            105,
            175,
            303,
            960,
            580,
            700,
            572,
            855
        ],
        [
            35,
            21,
            32,
            9,
            91,
            125,
            105,
            133,
            38,
            127,
            131,
            84,
            185,
            72,
            45,
            90,
            3,
            39,
            68,
            41,
            222,
            245,
            331,
            250,
            399,
            298,
            284,
            362,
            190,
            336,
            149,
            556,
            421,
            419,
            501,
            497,
            604,
            509,
            581,
            615,
            579,
            380,
            293,
            401,
            348,
            325,
            387,
            460,
            575,
            405,
            221,
            323,
            202,
            217,
            349,
            356,
            227,
            373,
            260,
            208,
            207,
            560,
            778,
            711,
            771,
            803,
            802,
            695,
            647,
            700,
            675,
            671,
            277,
            465,
            691,
            929,
            20,
            895,
            169,
            261,
            877,
            7,
            411,
            592,
            715,
            743,
            477,
            118,
            337,
            478,
            215,
            177,
            986,
            938,
            754,
            613,
            304,
            132,
            113,
            213,
            559,
            252,
            507,
            926,
            79,
            451,
            940,
            638,
            443,
            965,
            42,
            703,
            281,
            975,
            786,
            388,
            775,
            361,
            80,
            374,
            273,
            648,
            807,
            624,
            144,
            368,
            485,
            951,
            748,
            767,
            437,
            623,
            887,
            708,
            412,
            486,
            157,
            170,
            869,
            846,
            112,
            842,
            742,
            915,
            539,
            58,
            476,
            86,
            343,
            967
        ]
    ],
    "goal": [
        [
            786,
            966,
            476,
            720,
            1017,
            969,
            228,
            357,
            855,
            898,
            422,
            566,
            1018,
            518,
            601,
            798,
            888,
            913,
            627,
            13,
            728,
            534,
            117,
            863,
            903,
            870,
            185,
            79,
            683,
            492,
            943,
            227,
            389,
            90,
            757,
            31,
            710,
            470,
            523,
            615,
            960,
            944,
            477,
            871,
            241,
            53,
            255,
            774,
            324,
            580,
            771,
            820,
            527,
            592,
            368,
            902,
            560,
            507,
            907,
            379,
            399,
            329,
            933,
            112,
            696,
            348,
            695,
            697,
            573,
            502,
            636,
            277,
            567,
            823,
            582,
            883,
            341,
            740,
            239,
            454,
            419,
            139,
            559,
            1008,
            75,
            373,
            84,
            6,
            983,
            158,
            575,
            1012,
            394,
            325,
            51,
            921,
            271,
            998,
            735,
            881,
            283,
            989,
            620,
            901,
            779,
            491,
            680,
            723,
            665,
            605,
            852,
            991,
            21,
            0,
            451,
            778,
            406,
            548,
            887,
            233,
            700,
            98,
            105,
            843,
            895,
            1004,
            929,
            984,
            803,
            66,
            465,
            747,
            171,
            959,
            874,
            528,
            806,
            657,
            223,
            190,
            818,
            195,
            719,
            346,
            797,
            743,
            659,
            669,
            866,
            775
        ],
        [
            267,
            330,
            250,
            84,
            281,
            241,
            733,
            305,
            101,
            516,
            509,
            149,
            820,
            85,
            606,
            66,
            980,
            486,
            644,
            55,
            105,
            379,
            652,
            41,
            292,
            95,
            690,
            875,
            771,
            697,
            145,
            74,
            714,
            118,
            58,
            550,
            888,
            725,
            843,
            592,
            484,
            920,
            273,
            967,
            822,
            319,
            748,
            628,
            502,
            196,
            407,
            362,
            1,
            119,
            189,
            844,
            154,
            497,
            298,
            1002,
            452,
            855,
            335,
            30,
            131,
            299,
            522,
            636,
            651,
            591,
            507,
            874,
            518,
            2,
            123,
            73,
            260,
            419,
            803,
            740,
            229,
            647,
            227,
            587,
            926,
            797,
            817,
            842,
            632,
            691,
            615,
            163,
            871,
            851,
            363,
            78,
            903,
            184,
            100,
            527,
            543,
            470,
            171,
            81,
            42,
            51,
            490,
            984,
            861,
            898,
            1007,
            846,
            478,
            735,
            779,
            783,
            720,
            186,
            316,
            208,
            277,
            387,
            700,
            993,
            839,
            599,
            104,
            348,
            701,
            707,
            477,
            465,
            575,
            223,
            420,
            770,
            176,
            941,
            856,
            582,
            710,
            451,
            1004,
            261,
            715,
            612,
            143,
            112,
            19,
            655
        ],
        [
            51,
            240,
            983,
            898,
            675,
            443,
            1011,
            429,
            131,
            501,
            73,
            460,
            484,
            701,
            209,
            191,
            961,
            362,
            144,
            113,
            605,
            975,
            534,
            401,
            222,
            651,
            72,
            921,
            107,
            644,
            80,
            367,
            707,
            406,
            664,
            68,
            676,
            91,
            454,
            361,
            84,
            143,
            759,
            834,
            823,
            785,
            761,
            35,
            189,
            714,
            541,
            470,
            548,
            999,
            757,
            421,
            375,
            175,
            972,
            291,
            943,
            598,
            636,
            27,
            793,
            549,
            66,
            53,
            668,
            623,
            855,
            14,
            820,
            1015,
            183,
            37,
            919,
            150,
            117,
            40,
            163,
            657,
            329,
            323,
            0,
            771,
            389,
            214,
            202,
            844,
            93,
            337,
            433,
            624,
            38,
            67,
            273,
            278,
            852,
            607,
            812,
            330,
            893,
            7,
            235,
            907,
            593,
            910,
            1004,
            176,
            165,
            45,
            185,
            388,
            643,
            86,
            357,
            760,
            459,
            991,
            335,
            830,
            491,
            13,
            979,
            767,
            866,
            171,
            556,
            490,
            95,
            927,
            934,
            613,
            101,
            190,
            422,
            997,
            666,
            130,
            612,
            954,
            871,
            708,
            239,
            810,
            947,
            111,
            573,
            533
        ],
        [
            1008,
            119,
            714,
            659,
            993,
            427,
            69,
            277,
            992,
            670,
            175,
            803,
            548,
            184,
            742,
            367,
            919,
            874,
            581,
            41,
            176,
            7,
            432,
            588,
            952,
            319,
            643,
            953,
            213,
            475,
            73,
            767,
            922,
            433,
            743,
            770,
            878,
            985,
            107,
            978,
            550,
            687,
            561,
            373,
            68,
            259,
            35,
            32,
            696,
            157,
            235,
            676,
            460,
            241,
            490,
            374,
            20,
            910,
            652,
            310,
            638,
            619,
            862,
            123,
            182,
            543,
            655,
            470,
            223,
            311,
            802,
            78,
            315,
            388,
            186,
            343,
            1002,
            671,
            177,
            485,
            149,
            249,
            927,
            125,
            496,
            733,
            363,
            604,
            593,
            753,
            984,
            774,
            483,
            764,
            534,
            710,
            843,
            509,
            267,
            875,
            80,
            946,
            759,
            925,
            477,
            437,
            37,
            209,
            55,
            252,
            824,
            969,
            908,
            683,
            486,
            342,
            426,
            62,
            145,
            1005,
            825,
            547,
            13,
            944,
            133,
            207,
            234,
            1010,
            778,
            979,
            348,
            222,
            469,
            151,
            428,
            293,
            454,
            0,
            605,
            821,
            901,
            830,
            814,
            59,
            771,
            131,
            793,
            484,
            130,
            91
        ],
        [
            893,
            271,
            214,
            87,
            454,
            419,
            433,
            817,
            980,
            627,
            604,
            139,
            710,
            411,
            261,
            42,
            831,
            27,
            478,
            725,
            233,
            739,
            223,
            14,
            770,
            799,
            687,
            123,
            527,
            169,
            870,
            79,
            543,
            207,
            675,
            202,
            297,
            1018,
            624,
            149,
            843,
            999,
            598,
            662,
            593,
            764,
            821,
            503,
            39,
            550,
            903,
            1009,
            93,
            844,
            711,
            560,
            846,
            522,
            759,
            926,
            535,
            67,
            342,
            502,
            619,
            728,
            783,
            934,
            797,
            856,
            459,
            820,
            825,
            620,
            412,
            947,
            803,
            201,
            112,
            855,
            666,
            245,
            802,
            834,
            104,
            927,
            259,
            588,
            90,
            1008,
            747,
            470,
            227,
            485,
            235,
            684,
            734,
            599,
            933,
            966,
            427,
            883,
            866,
            973,
            746,
            303,
            319,
            176,
            788,
            670,
            381,
            260,
            582,
            197,
            633,
            185,
            45,
            922,
            55,
            335,
            978,
            729,
            330,
            186,
            902,
            249,
            908,
            707,
            865,
            438,
            575,
            413,
            355,
            246,
            786,
            944,
            529,
            623,
            105,
            632,
            828,
            761,
            75,
            812,
            657,
            1001,
            34,
            63,
            907,
            311
        ]
    ]
}