{
    "name": "47_28",
    "weight": false,
    "n_row": 32,
    "n_col": 32,
    "layout": [
        "@@@@.....@@@.@@@@@...@@...@...@@",
        "@....@..@....@....@@..@@@.@.@..@",
        "@@@@@......@@@@@@.@@@.......@@..",
        ".@@@...@@.@@@@@@@.@.@@@.@@@.@@.@",
        ".@...@@@@@@....@@....@@...@@@@.@",
        "...@.@@@@@@....@@@.@.@@@@...@@..",
        ".@.@@....@@.@@..@@.@@..@@@..@@@.",
        "@..@@@@.....@@@....@@@...@@...@@",
        ".....@@.@@@.@@@@@......@....@.@@",
        "@@.@....@@@@@@@@@@....@@@...@.@@",
        "@@..@@..@.@.@@@@...@@..@@@@@@@@@",
        "@..@@@.@@.@...@@....@@.....@@@@@",
        "@.@@@@..@.@@@..@@@.@@@@.@..@@...",
        "@..@..@@...@.......@@...@@.@@@@.",
        "@..@@..@@....@.@...@@@...@...@..",
        "@.@@@@..@.@.@@.@@@@@@@@@.@@@...@",
        "@..@@@@....@@@.@@@@...@@@..@...@",
        "@@..@@@@...@@..@.@@.@..@@...@@..",
        "@@@....@@@@@@@@@...@@@..@.@....@",
        "@.@@@...@@@@..@@@...@@@...@@@..@",
        "@....@@.@@@@.....@@.@@@@...@@@..",
        "@.@@.@@.@....@@..@@...@..@...@@.",
        "..@@@...@@@..@@@...@@...@@@...@@",
        "......@..@@@..@@@@..@@...@@@...@",
        ".@@..@@@.....@..@@...@@@..@@@@.@",
        ".@@@..@@@@.@@@@..@.@.@@@@.@@@@@@",
        "@@@..@..@@...@@@...@@@@@...@@@@@",
        "@@..@@.@...@..@@@@..@@@@.@@@@@@@",
        "@......@...@@..@@@@..@@@.@@@@..@",
        "@.@@@@@@@@.@@.@@@@@@.@......@@..",
        "@.@@@@.@@@@@..@@@@.@.@.@..@....@",
        "..@@@@.......@@@@@...@.@@@@.@@@@"
    ],
    "start": [
        [
            29,
            132,
            87,
            158,
            160,
            146,
            20,
            86,
            178,
            44,
            41,
            8,
            59,
            43,
            46,
            89,
            126,
            368,
            414,
            267,
            371,
            231,
            190,
            428,
            374,
            307,
            429,
            293,
            290,
            256,
            353,
            571,
            494,
            621,
            474,
            521,
            553,
            626,
            570,
            472,
            457,
            442,
            599,
            592,
            574,
            522,
            363,
            292,
            251,
            420,
            425,
            274,
            218,
            365,
            281,
            331,
            434,
            453,
            605,
            557,
            439,
            764,
            644,
            716,
            673,
            601,
            569,
            433,
            632,
            613,
            546,
            460,
            430,
            458,
            519,
            560,
            627,
            691,
            652,
            733,
            33,
            580,
            206,
            153,
            727,
            989,
            849,
            786,
            929,
            683,
            277,
            397,
            74,
            96,
            207,
            142,
            280,
            705,
            370,
            647,
            540,
            542,
            161,
            1011,
            738,
            788,
            226,
            62,
            874,
            873,
            476,
            740,
            961,
            731,
            326,
            508,
            47,
            421,
            698,
            85,
            113,
            671,
            162,
            990,
            711,
            754,
            737,
            637,
            91,
            856,
            836,
            642,
            1019,
            145,
            815,
            1010,
            391,
            239,
            653,
            234,
            200,
            538,
            726,
            952,
            993,
            902,
            776,
            710,
            748,
            369
        ],
        [
            18,
            74,
            101,
            130,
            160,
            88,
            105,
            151,
            4,
            164,
            131,
            126,
            72,
            87,
            152,
            43,
            38,
            368,
            277,
            234,
            257,
            248,
            253,
            278,
            251,
            374,
            313,
            263,
            100,
            23,
            20,
            542,
            431,
            481,
            438,
            613,
            601,
            579,
            522,
            449,
            420,
            252,
            370,
            413,
            231,
            206,
            457,
            474,
            475,
            569,
            361,
            323,
            258,
            341,
            317,
            282,
            425,
            276,
            275,
            223,
            235,
            554,
            625,
            615,
            593,
            466,
            592,
            476,
            792,
            764,
            748,
            24,
            267,
            533,
            673,
            95,
            638,
            695,
            910,
            541,
            145,
            295,
            478,
            52,
            61,
            627,
            71,
            398,
            6,
            91,
            385,
            857,
            691,
            867,
            1010,
            876,
            671,
            643,
            314,
            322,
            958,
            464,
            848,
            906,
            948,
            242,
            815,
            836,
            48,
            1012,
            418,
            874,
            743,
            39,
            409,
            309,
            582,
            688,
            727,
            337,
            509,
            952,
            171,
            540,
            982,
            433,
            521,
            486,
            12,
            835,
            999,
            161,
            693,
            872,
            526,
            581,
            285,
            376,
            659,
            33,
            415,
            870,
            218,
            200,
            25,
            959,
            429,
            69,
            716,
            992
        ],
        [
            186,
            180,
            70,
            89,
            187,
            7,
            61,
            126,
            128,
            39,
            29,
            23,
            207,
            295,
            259,
            371,
            331,
            246,
            341,
            338,
            223,
            190,
            397,
            275,
            292,
            71,
            162,
            158,
            131,
            200,
            225,
            554,
            370,
            323,
            253,
            594,
            198,
            234,
            293,
            256,
            363,
            274,
            447,
            519,
            433,
            520,
            434,
            449,
            432,
            532,
            476,
            569,
            557,
            453,
            283,
            206,
            417,
            342,
            521,
            609,
            531,
            798,
            699,
            816,
            764,
            772,
            35,
            322,
            915,
            627,
            472,
            421,
            8,
            161,
            48,
            771,
            632,
            693,
            375,
            766,
            487,
            73,
            566,
            33,
            49,
            810,
            835,
            656,
            626,
            457,
            679,
            849,
            252,
            38,
            194,
            28,
            85,
            358,
            91,
            1011,
            513,
            748,
            88,
            984,
            620,
            44,
            736,
            94,
            140,
            86,
            459,
            46,
            115,
            409,
            239,
            652,
            777,
            276,
            533,
            688,
            741,
            481,
            593,
            579,
            258,
            633,
            164,
            621,
            139,
            391,
            883,
            1001,
            437,
            727,
            1000,
            199,
            153,
            560,
            478,
            604,
            659,
            537,
            985,
            471,
            755,
            565,
            460,
            980,
            431,
            34
        ],
        [
            48,
            36,
            57,
            42,
            44,
            128,
            101,
            4,
            85,
            161,
            39,
            90,
            172,
            178,
            49,
            91,
            34,
            185,
            115,
            232,
            23,
            71,
            105,
            33,
            87,
            102,
            69,
            162,
            326,
            397,
            341,
            470,
            197,
            223,
            309,
            277,
            361,
            428,
            558,
            632,
            453,
            520,
            464,
            471,
            638,
            606,
            407,
            353,
            247,
            278,
            314,
            336,
            377,
            509,
            447,
            478,
            465,
            581,
            317,
            295,
            256,
            437,
            627,
            641,
            442,
            652,
            778,
            487,
            870,
            990,
            679,
            987,
            615,
            283,
            513,
            898,
            231,
            59,
            285,
            816,
            659,
            748,
            43,
            263,
            5,
            906,
            984,
            41,
            294,
            579,
            327,
            235,
            233,
            7,
            758,
            740,
            307,
            538,
            391,
            371,
            681,
            1003,
            998,
            409,
            62,
            703,
            466,
            867,
            737,
            260,
            537,
            626,
            8,
            460,
            142,
            800,
            187,
            726,
            954,
            207,
            772,
            151,
            874,
            882,
            533,
            191,
            844,
            673,
            152,
            532,
            489,
            857,
            430,
            370,
            575,
            476,
            938,
            273,
            313,
            145,
            625,
            764,
            74,
            905,
            849,
            899,
            722,
            909,
            815,
            337
        ],
        [
            187,
            23,
            90,
            185,
            74,
            27,
            162,
            119,
            7,
            49,
            41,
            39,
            81,
            44,
            70,
            95,
            101,
            153,
            207,
            285,
            421,
            235,
            190,
            424,
            371,
            294,
            420,
            365,
            105,
            96,
            24,
            418,
            260,
            210,
            283,
            253,
            198,
            241,
            489,
            470,
            637,
            277,
            314,
            282,
            322,
            428,
            329,
            385,
            256,
            437,
            581,
            431,
            638,
            557,
            566,
            614,
            613,
            609,
            432,
            582,
            531,
            732,
            676,
            540,
            466,
            552,
            716,
            800,
            904,
            275,
            579,
            458,
            905,
            990,
            565,
            631,
            737,
            948,
            704,
            158,
            85,
            593,
            825,
            425,
            457,
            361,
            554,
            780,
            48,
            487,
            984,
            1001,
            391,
            471,
            292,
            434,
            214,
            454,
            315,
            632,
            147,
            474,
            353,
            100,
            673,
            857,
            764,
            439,
            19,
            522,
            465,
            655,
            659,
            766,
            681,
            642,
            223,
            835,
            293,
            621,
            410,
            126,
            151,
            1000,
            1011,
            872,
            1003,
            280,
            758,
            910,
            920,
            57,
            874,
            414,
            755,
            749,
            178,
            950,
            438,
            28,
            615,
            876,
            906,
            696,
            988,
            504,
            537,
            687,
            164,
            191
        ]
    ],
    "goal": [
        [
            941,
            153,
            688,
            581,
            655,
            877,
            764,
            656,
            38,
            732,
            29,
            554,
            547,
            563,
            560,
            652,
            336,
            565,
            354,
            904,
            726,
            673,
            139,
            580,
            898,
            725,
            8,
            754,
            1014,
            375,
            722,
            7,
            771,
            147,
            513,
            95,
            998,
            223,
            74,
            805,
            151,
            988,
            172,
            329,
            19,
            62,
            955,
            599,
            161,
            792,
            909,
            849,
            682,
            61,
            856,
            88,
            647,
            952,
            119,
            738,
            842,
            248,
            605,
            402,
            128,
            418,
            158,
            1012,
            876,
            526,
            478,
            603,
            531,
            711,
            626,
            916,
            641,
            609,
            533,
            246,
            145,
            683,
            94,
            460,
            783,
            532,
            504,
            105,
            782,
            839,
            659,
            200,
            274,
            1011,
            24,
            428,
            130,
            5,
            52,
            273,
            582,
            459,
            540,
            23,
            449,
            973,
            743,
            376,
            820,
            421,
            53,
            131,
            541,
            20,
            476,
            96,
            162,
            736,
            676,
            594,
            471,
            226,
            115,
            331,
            102,
            961,
            1001,
            643,
            378,
            369,
            214,
            41,
            18,
            472,
            256,
            569,
            670,
            574,
            342,
            282,
            632,
            123,
            152,
            338,
            920,
            999,
            494,
            1003,
            69,
            681
        ],
        [
            557,
            950,
            276,
            152,
            341,
            604,
            478,
            992,
            905,
            990,
            361,
            290,
            1001,
            655,
            755,
            679,
            434,
            688,
            987,
            415,
            454,
            598,
            665,
            744,
            782,
            1000,
            715,
            632,
            337,
            740,
            836,
            906,
            33,
            783,
            420,
            27,
            160,
            46,
            681,
            370,
            48,
            736,
            737,
            326,
            1011,
            793,
            850,
            805,
            780,
            365,
            798,
            438,
            526,
            385,
            1003,
            959,
            96,
            771,
            925,
            569,
            61,
            631,
            643,
            25,
            172,
            481,
            278,
            849,
            35,
            86,
            659,
            552,
            902,
            972,
            432,
            442,
            277,
            161,
            504,
            18,
            926,
            613,
            371,
            69,
            727,
            958,
            915,
            825,
            358,
            547,
            308,
            437,
            676,
            368,
            409,
            459,
            858,
            87,
            354,
            223,
            897,
            982,
            151,
            951,
            203,
            743,
            38,
            251,
            164,
            219,
            421,
            759,
            487,
            980,
            256,
            331,
            471,
            732,
            260,
            295,
            988,
            174,
            364,
            418,
            464,
            259,
            788,
            472,
            119,
            34,
            978,
            413,
            684,
            39,
            700,
            377,
            410,
            460,
            489,
            900,
            59,
            571,
            131,
            29,
            609,
            214,
            693,
            592,
            899,
            81
        ],
        [
            594,
            782,
            429,
            428,
            780,
            487,
            764,
            234,
            1002,
            926,
            705,
            1001,
            679,
            27,
            62,
            626,
            52,
            42,
            804,
            655,
            720,
            235,
            417,
            5,
            552,
            563,
            537,
            654,
            283,
            560,
            557,
            39,
            709,
            213,
            955,
            329,
            810,
            89,
            786,
            755,
            161,
            766,
            849,
            641,
            192,
            36,
            844,
            113,
            593,
            656,
            929,
            19,
            905,
            857,
            733,
            798,
            191,
            858,
            839,
            173,
            8,
            313,
            489,
            20,
            233,
            504,
            682,
            692,
            900,
            210,
            920,
            327,
            671,
            393,
            61,
            571,
            978,
            277,
            771,
            843,
            87,
            491,
            546,
            592,
            520,
            374,
            565,
            902,
            123,
            377,
            309,
            285,
            873,
            85,
            407,
            278,
            1012,
            842,
            800,
            579,
            954,
            368,
            71,
            95,
            532,
            458,
            96,
            904,
            538,
            984,
            737,
            580,
            450,
            164,
            69,
            948,
            239,
            35,
            281,
            454,
            542,
            331,
            126,
            899,
            966,
            290,
            909,
            151,
            376,
            776,
            365,
            203,
            200,
            744,
            153,
            371,
            522,
            33,
            609,
            131,
            457,
            883,
            44,
            727,
            696,
            1004,
            749,
            322,
            743,
            788
        ],
        [
            626,
            888,
            760,
            526,
            18,
            281,
            627,
            842,
            575,
            693,
            818,
            987,
            413,
            904,
            673,
            397,
            989,
            105,
            955,
            804,
            46,
            368,
            820,
            872,
            910,
            916,
            85,
            992,
            643,
            128,
            838,
            883,
            736,
            873,
            715,
            71,
            100,
            816,
            849,
            25,
            474,
            259,
            732,
            1011,
            711,
            720,
            72,
            470,
            786,
            35,
            257,
            594,
            582,
            96,
            200,
            805,
            27,
            274,
            1002,
            982,
            282,
            132,
            417,
            140,
            755,
            520,
            453,
            815,
            457,
            614,
            152,
            263,
            691,
            361,
            472,
            174,
            776,
            307,
            733,
            984,
            430,
            494,
            741,
            409,
            906,
            256,
            570,
            327,
            491,
            192,
            926,
            376,
            147,
            900,
            277,
            856,
            966,
            148,
            421,
            554,
            768,
            341,
            191,
            454,
            779,
            683,
            641,
            458,
            142,
            48,
            654,
            671,
            513,
            115,
            740,
            563,
            758,
            241,
            231,
            696,
            8,
            870,
            336,
            414,
            402,
            810,
            920,
            857,
            615,
            49,
            749,
            34,
            961,
            722,
            788,
            329,
            835,
            415,
            642,
            743,
            315,
            44,
            275,
            309,
            234,
            207,
            692,
            173,
            609,
            569
        ],
        [
            664,
            267,
            632,
            547,
            805,
            225,
            407,
            295,
            90,
            990,
            700,
            984,
            915,
            1000,
            438,
            993,
            87,
            704,
            1003,
            953,
            131,
            972,
            331,
            681,
            654,
            553,
            140,
            798,
            725,
            603,
            788,
            377,
            695,
            744,
            566,
            322,
            737,
            631,
            739,
            982,
            552,
            7,
            614,
            926,
            558,
            615,
            257,
            49,
            883,
            449,
            563,
            43,
            256,
            872,
            47,
            27,
            397,
            764,
            647,
            191,
            740,
            46,
            152,
            900,
            12,
            102,
            187,
            218,
            992,
            61,
            731,
            207,
            978,
            818,
            709,
            688,
            998,
            973,
            958,
            670,
            842,
            487,
            722,
            909,
            538,
            682,
            242,
            1014,
            234,
            727,
            241,
            95,
            520,
            317,
            447,
            454,
            877,
            776,
            368,
            171,
            24,
            905,
            53,
            453,
            57,
            1012,
            439,
            637,
            987,
            655,
            570,
            8,
            835,
            816,
            858,
            293,
            415,
            164,
            251,
            6,
            699,
            988,
            393,
            652,
            200,
            206,
            531,
            413,
            100,
            141,
            282,
            486,
            692,
            71,
            594,
            246,
            951,
            365,
            772,
            358,
            213,
            542,
            48,
            162,
            35,
            4,
            323,
            760,
            771,
            369
        ]
    ]
}