{
    "name": "66_38",
    "weight": false,
    "n_row": 32,
    "n_col": 32,
    "layout": [
        "@@.....@@.@...@......@@.@@......",
        "@@@..@@@..@..@@.@@..@@..@@..@@..",
        "@.@.@@...@...@..@@.@@..@@..@@..@",
        "@...@..@@@..@..@@..@..@@..@@@..@",
        "@......@@..@@..@..@@..@...@@..@@",
        "@.@@..@@...@..@@..@..@@..@@..@@@",
        "@.@..@@...@...@..@@..@@.@@@..@@.",
        "@..@@@@..@@..@......@@..@@..@@@.",
        "@...@...@@..@@..@@..@..@@@..@@..",
        "@......@@@..@..@@..@@..@@..@@..@",
        "..@@...@@..@...@...@..@@...@@..@",
        "@@@...@@..@@..@@..@@..@@..@@..@@",
        "@@@@.@@..@@..@@..@@..@@..@@..@@@",
        "@@@.....@@...@@..@@..@@..@@..@@@",
        "@@@@@@..@...@@..@@..@@..@@..@@@@",
        "@@@@@..@...@@..@@@..@@.....@@@@@",
        "@@@@..@@...@@......@@..@@..@@@@.",
        "@@@@@@@@..@@..@@.@@@@..@@.@@@@@.",
        "@@@@@@@..@@..@@..@@@..@@..@@@@..",
        "@@@@@@@@@@@..@@@@@@@..@@.@@@@..@",
        "@@@@@@@@@@..@@@@@@@..@@........@",
        "@@@@@@@@@@@@@@@@@@...@..@@@@..@@",
        "@@@@@@@@@@@@@@@@@@..@@..@@@.....",
        "@@@@@@@@@@@@@@@@@..@@..@@@@@@@@.",
        "@@@@@@@@@@@@@@@@@..@@..@@@@@@@..",
        "@@@@@@@@@@@@@@@@..@@..@@@@@@@@..",
        "@@@@@@@@@@@@@@@@..@@@@@@@..@@..@",
        "@@@@@@@@@@@@@@@..@@@@@@@@.....@@",
        "@@@@@@@@@@@@@@@@@@@@@@@@..@@..@@",
        "@@@@@@@@@@@@@@@@@@@@@@@..@@@@@@@",
        "@@@@@@@@@@@@@@@@@@@@@@@..@@@@@@@",
        "@@@@@@@@@@@@@@@@@@@@@@@.@@@@@@@@"
    ],
    "start": [
        [
            20,
            58,
            5,
            113,
            4,
            125,
            11,
            75,
            85,
            109,
            70,
            23,
            251,
            187,
            177,
            43,
            120,
            9,
            93,
            262,
            144,
            226,
            183,
            196,
            215,
            250,
            141,
            176,
            148,
            219,
            165,
            246,
            156,
            242,
            241,
            259,
            164,
            247,
            204,
            258,
            134,
            317,
            396,
            231,
            138,
            151,
            212,
            195,
            170,
            201,
            200,
            365,
            408,
            283,
            364,
            368,
            583,
            372,
            428,
            193,
            638,
            325,
            587,
            880,
            534,
            344,
            3,
            329,
            6,
            320,
            560,
            338,
            530,
            17,
            565,
            392,
            521,
            301,
            72,
            40,
            391,
            591,
            29,
            341,
            349,
            137,
            520,
            494,
            517,
            270,
            526,
            50,
            314,
            130,
            380,
            240,
            71,
            76,
            172,
            360,
            152,
            355,
            816,
            381,
            502,
            208,
            299,
            490,
            659,
            97,
            726,
            291,
            255,
            786,
            732,
            584,
            831,
            188,
            892,
            462,
            849,
            419,
            207,
            670,
            890,
            90,
            98,
            493,
            54,
            157,
            180,
            44,
            239,
            858,
            287,
            126,
            236,
            313,
            889,
            879,
            470,
            952,
            488,
            694,
            569,
            142,
            369,
            345,
            422,
            63
        ],
        [
            114,
            131,
            107,
            5,
            50,
            236,
            196,
            141,
            251,
            137,
            262,
            225,
            144,
            63,
            71,
            55,
            72,
            98,
            130,
            102,
            106,
            164,
            188,
            129,
            35,
            47,
            29,
            117,
            79,
            157,
            28,
            286,
            357,
            388,
            305,
            400,
            330,
            259,
            270,
            232,
            151,
            258,
            183,
            180,
            204,
            187,
            320,
            344,
            395,
            504,
            490,
            486,
            145,
            341,
            890,
            365,
            314,
            82,
            638,
            85,
            552,
            727,
            215,
            439,
            444,
            199,
            90,
            830,
            321,
            701,
            368,
            789,
            161,
            733,
            257,
            44,
            463,
            619,
            340,
            983,
            361,
            821,
            591,
            565,
            521,
            553,
            470,
            274,
            36,
            373,
            23,
            925,
            94,
            596,
            246,
            607,
            858,
            65,
            404,
            289,
            435,
            369,
            660,
            132,
            466,
            337,
            722,
            529,
            334,
            177,
            27,
            667,
            277,
            2,
            324,
            431,
            606,
            126,
            205,
            690,
            43,
            76,
            120,
            4,
            302,
            498,
            569,
            436,
            601,
            138,
            427,
            849,
            309,
            533,
            326,
            411,
            893,
            243,
            301,
            459,
            556,
            169,
            156,
            292,
            153,
            462,
            250,
            588,
            86,
            399
        ],
        [
            59,
            121,
            19,
            89,
            26,
            78,
            20,
            15,
            41,
            207,
            274,
            149,
            164,
            240,
            236,
            157,
            259,
            220,
            262,
            145,
            133,
            205,
            196,
            200,
            267,
            212,
            235,
            231,
            168,
            6,
            97,
            286,
            161,
            239,
            243,
            403,
            337,
            388,
            361,
            290,
            356,
            407,
            377,
            346,
            199,
            258,
            180,
            275,
            320,
            426,
            294,
            422,
            423,
            499,
            263,
            71,
            591,
            569,
            731,
            9,
            667,
            588,
            505,
            12,
            786,
            270,
            94,
            727,
            527,
            670,
            669,
            102,
            443,
            11,
            596,
            116,
            600,
            517,
            176,
            98,
            287,
            325,
            412,
            420,
            427,
            733,
            435,
            120,
            408,
            51,
            502,
            857,
            291,
            372,
            310,
            349,
            373,
            305,
            44,
            400,
            619,
            188,
            722,
            293,
            816,
            660,
            28,
            691,
            40,
            117,
            565,
            4,
            332,
            723,
            203,
            921,
            830,
            486,
            156,
            329,
            529,
            444,
            638,
            799,
            666,
            488,
            169,
            314,
            629,
            530,
            365,
            391,
            436,
            125,
            278,
            952,
            3,
            134,
            223,
            734,
            321,
            601,
            597,
            543,
            848,
            553,
            334,
            141,
            924,
            282
        ],
        [
            110,
            76,
            99,
            89,
            125,
            121,
            31,
            43,
            82,
            261,
            236,
            152,
            242,
            71,
            271,
            243,
            157,
            138,
            165,
            176,
            212,
            172,
            179,
            161,
            169,
            247,
            193,
            239,
            120,
            102,
            36,
            133,
            238,
            267,
            259,
            177,
            240,
            231,
            282,
            330,
            333,
            314,
            274,
            219,
            196,
            344,
            426,
            407,
            372,
            337,
            286,
            289,
            283,
            695,
            11,
            153,
            525,
            145,
            27,
            587,
            324,
            74,
            566,
            659,
            485,
            560,
            420,
            318,
            789,
            278,
            619,
            235,
            72,
            526,
            141,
            320,
            188,
            890,
            340,
            458,
            529,
            857,
            427,
            132,
            211,
            106,
            346,
            50,
            232,
            309,
            392,
            270,
            170,
            638,
            651,
            798,
            431,
            47,
            345,
            12,
            664,
            831,
            457,
            951,
            753,
            583,
            596,
            144,
            668,
            9,
            130,
            820,
            517,
            356,
            360,
            733,
            443,
            364,
            151,
            62,
            184,
            377,
            439,
            183,
            565,
            600,
            298,
            528,
            494,
            241,
            620,
            17,
            408,
            126,
            436,
            498,
            3,
            727,
            588,
            475,
            486,
            361,
            726,
            51,
            220,
            388,
            26,
            148,
            669,
            592
        ],
        [
            74,
            19,
            85,
            102,
            20,
            98,
            89,
            121,
            132,
            231,
            223,
            263,
            177,
            226,
            187,
            220,
            196,
            215,
            107,
            2,
            13,
            75,
            76,
            109,
            43,
            28,
            199,
            179,
            169,
            153,
            164,
            399,
            355,
            290,
            302,
            408,
            151,
            250,
            212,
            204,
            141,
            278,
            391,
            341,
            247,
            152,
            156,
            257,
            277,
            291,
            372,
            381,
            337,
            106,
            47,
            313,
            758,
            113,
            137,
            9,
            431,
            505,
            537,
            665,
            346,
            148,
            317,
            849,
            527,
            858,
            650,
            560,
            4,
            110,
            984,
            583,
            193,
            879,
            117,
            78,
            488,
            54,
            525,
            556,
            486,
            360,
            236,
            320,
            407,
            62,
            116,
            502,
            1015,
            420,
            467,
            195,
            411,
            340,
            40,
            101,
            138,
            63,
            566,
            754,
            457,
            831,
            282,
            94,
            90,
            691,
            722,
            455,
            172,
            493,
            619,
            275,
            498,
            200,
            59,
            36,
            767,
            628,
            799,
            26,
            289,
            336,
            753,
            309,
            97,
            569,
            239,
            588,
            485,
            18,
            15,
            503,
            350,
            538,
            318,
            72,
            443,
            553,
            70,
            176,
            344,
            422,
            667,
            466,
            529,
            292
        ]
    ],
    "goal": [
        [
            952,
            76,
            277,
            892,
            638,
            490,
            251,
            700,
            951,
            565,
            152,
            35,
            75,
            54,
            692,
            474,
            350,
            30,
            113,
            364,
            820,
            534,
            423,
            238,
            606,
            274,
            125,
            226,
            199,
            355,
            789,
            420,
            40,
            325,
            44,
            670,
            412,
            200,
            537,
            302,
            984,
            107,
            184,
            665,
            890,
            131,
            98,
            525,
            893,
            243,
            338,
            798,
            23,
            149,
            849,
            195,
            133,
            257,
            65,
            723,
            516,
            664,
            459,
            517,
            26,
            372,
            360,
            164,
            493,
            144,
            361,
            153,
            754,
            422,
            193,
            566,
            330,
            669,
            458,
            629,
            121,
            411,
            381,
            211,
            20,
            6,
            666,
            72,
            592,
            601,
            165,
            767,
            117,
            282,
            462,
            309,
            439,
            317,
            368,
            668,
            607,
            799,
            538,
            51,
            205,
            596,
            526,
            924,
            436,
            857,
            27,
            505,
            575,
            588,
            816,
            15,
            455,
            67,
            261,
            93,
            790,
            583,
            134,
            176,
            753,
            201,
            141,
            691,
            62,
            179,
            13,
            19,
            283,
            443,
            584,
            255,
            321,
            9,
            129,
            334,
            889,
            246,
            70,
            169,
            132,
            5,
            168,
            324,
            55,
            521
        ],
        [
            9,
            396,
            489,
            458,
            169,
            666,
            93,
            543,
            619,
            891,
            597,
            341,
            690,
            275,
            188,
            444,
            637,
            767,
            219,
            700,
            457,
            337,
            107,
            334,
            243,
            412,
            148,
            125,
            628,
            236,
            365,
            454,
            592,
            211,
            75,
            74,
            858,
            240,
            889,
            340,
            422,
            533,
            723,
            659,
            350,
            226,
            471,
            332,
            670,
            591,
            183,
            575,
            638,
            117,
            459,
            44,
            292,
            475,
            55,
            920,
            85,
            463,
            329,
            521,
            400,
            789,
            651,
            336,
            208,
            199,
            204,
            346,
            848,
            486,
            13,
            223,
            506,
            376,
            116,
            369,
            301,
            184,
            50,
            90,
            193,
            380,
            560,
            286,
            557,
            357,
            17,
            488,
            306,
            289,
            660,
            404,
            552,
            212,
            271,
            526,
            51,
            665,
            467,
            58,
            695,
            134,
            294,
            173,
            278,
            596,
            420,
            2,
            325,
            817,
            176,
            287,
            435,
            650,
            494,
            324,
            142,
            215,
            629,
            664,
            225,
            63,
            97,
            16,
            180,
            667,
            72,
            242,
            694,
            584,
            314,
            195,
            36,
            600,
            129,
            786,
            28,
            663,
            462,
            338,
            423,
            503,
            5,
            251,
            528,
            583
        ],
        [
            134,
            753,
            849,
            670,
            302,
            313,
            538,
            726,
            505,
            444,
            35,
            660,
            243,
            346,
            591,
            650,
            121,
            921,
            365,
            862,
            695,
            786,
            731,
            151,
            184,
            31,
            592,
            396,
            271,
            584,
            722,
            47,
            830,
            290,
            27,
            317,
            231,
            664,
            629,
            377,
            831,
            203,
            498,
            15,
            333,
            490,
            454,
            251,
            427,
            132,
            891,
            126,
            26,
            263,
            173,
            156,
            157,
            55,
            267,
            443,
            170,
            600,
            208,
            223,
            411,
            951,
            65,
            526,
            82,
            71,
            432,
            176,
            58,
            277,
            789,
            349,
            326,
            474,
            255,
            408,
            17,
            9,
            357,
            767,
            85,
            404,
            99,
            431,
            291,
            517,
            72,
            305,
            463,
            459,
            388,
            325,
            205,
            583,
            758,
            107,
            504,
            294,
            521,
            282,
            522,
            821,
            334,
            117,
            543,
            6,
            458,
            286,
            97,
            62,
            587,
            130,
            534,
            620,
            23,
            338,
            29,
            324,
            817,
            141,
            399,
            407,
            400,
            530,
            183,
            137,
            78,
            537,
            235,
            261,
            665,
            247,
            588,
            79,
            340,
            318,
            219,
            528,
            356,
            12,
            149,
            861,
            350,
            412,
            168,
            76
        ],
        [
            890,
            596,
            459,
            419,
            262,
            356,
            50,
            502,
            722,
            924,
            376,
            129,
            29,
            436,
            670,
            443,
            891,
            149,
            345,
            440,
            292,
            921,
            90,
            282,
            372,
            692,
            187,
            318,
            334,
            629,
            62,
            727,
            132,
            695,
            619,
            89,
            893,
            241,
            526,
            952,
            65,
            117,
            101,
            6,
            525,
            274,
            157,
            263,
            820,
            99,
            355,
            731,
            258,
            848,
            134,
            700,
            205,
            583,
            17,
            261,
            538,
            94,
            225,
            177,
            557,
            637,
            93,
            369,
            151,
            423,
            357,
            106,
            734,
            690,
            169,
            183,
            341,
            516,
            858,
            199,
            41,
            71,
            236,
            58,
            219,
            2,
            247,
            184,
            498,
            126,
            208,
            133,
            892,
            97,
            422,
            490,
            201,
            556,
            320,
            527,
            240,
            255,
            889,
            232,
            726,
            85,
            305,
            466,
            485,
            27,
            503,
            243,
            504,
            701,
            458,
            152,
            435,
            388,
            723,
            474,
            130,
            76,
            86,
            620,
            517,
            520,
            925,
            350,
            15,
            861,
            333,
            313,
            591,
            575,
            364,
            767,
            588,
            18,
            131,
            172,
            475,
            55,
            454,
            349,
            444,
            188,
            493,
            223,
            78,
            164
        ],
        [
            271,
            596,
            193,
            51,
            4,
            1015,
            255,
            785,
            458,
            396,
            97,
            59,
            2,
            278,
            200,
            18,
            951,
            726,
            890,
            309,
            651,
            436,
            506,
            891,
            457,
            290,
            54,
            76,
            318,
            731,
            503,
            293,
            435,
            695,
            74,
            201,
            830,
            20,
            67,
            670,
            62,
            411,
            188,
            203,
            257,
            320,
            650,
            306,
            735,
            530,
            267,
            493,
            6,
            369,
            557,
            553,
            423,
            862,
            857,
            858,
            130,
            113,
            262,
            753,
            591,
            101,
            516,
            669,
            490,
            275,
            439,
            767,
            341,
            85,
            283,
            620,
            372,
            889,
            377,
            12,
            404,
            529,
            324,
            131,
            534,
            238,
            346,
            376,
            325,
            444,
            204,
            360,
            427,
            660,
            156,
            137,
            305,
            694,
            298,
            241,
            89,
            692,
            94,
            29,
            526,
            17,
            426,
            55,
            41,
            340,
            161,
            628,
            663,
            90,
            138,
            408,
            168,
            180,
            879,
            920,
            373,
            606,
            134,
            239,
            575,
            569,
            333,
            757,
            152,
            226,
            691,
            831,
            583,
            350,
            349,
            361,
            356,
            13,
            117,
            504,
            263,
            925,
            723,
            892,
            587,
            58,
            337,
            102,
            789,
            498
        ]
    ]
}