{
    "name": "0_24",
    "weight": false,
    "n_row": 32,
    "n_col": 32,
    "layout": [
        ".....@..........................",
        ".@.@.@.@.@@@@@@@@@@@@@@@@@@@@@@.",
        ".@.@.@.@.@....................@.",
        ".@.@.@.@.@....................@.",
        ".@.@.@.@.@....................@.",
        ".@.@.@.@.@....................@.",
        ".@.@.@.@.@....................@.",
        ".@.@.@.@.@....................@.",
        ".@.@.@.@.@....................@.",
        ".@.@.@.@.@....................@.",
        ".@.@.@.@.@....................@.",
        ".@.@.@.@...@..................@.",
        ".@.@.@.@.@.@..................@.",
        ".@.@...@.@.@..................@.",
        ".@.@.@.@.@.@..................@.",
        ".@.@@@.@.@.@.@................@.",
        ".@.@.@.@.@.@.@................@.",
        ".@.@.@.@.@.@.@.@..............@.",
        ".@.@.@.@.@.@.@.@.@............@.",
        ".@.@.@.@.@.@.@.@.@.@..........@.",
        ".@.@.@.@@@.@.@.@.@.@..........@.",
        ".@.@.@...@.@.@.@.@.@.@........@.",
        ".@@@.@.@.@.@.@.@...@.@........@.",
        ".@.@.@.@.@.@.@.@.@.@.@........@.",
        "...@.@.@.@.@.@...@.@.@........@.",
        ".@.@.@.@.@.@.@.@.@@@.@@.......@.",
        ".@.@.@.@.@.@.@@@.@...@@.@.....@.",
        ".@.@.@.@.@.@.@.@.@....@.@.@...@.",
        ".@.@.@.@.@.@.@...@.@..@.@.@.@.@.",
        ".@.@.@.@.@.@.@.@.@..@.@.@.@.@.@.",
        ".@.@.@.@.@.@.@.@...@@.@.@.@.@.@.",
        ".@.@...@.@.@.@.@@.@.....@.@.@.@."
    ],
    "start": [
        [
            16,
            108,
            79,
            81,
            34,
            27,
            92,
            3,
            114,
            18,
            19,
            245,
            216,
            315,
            345,
            377,
            342,
            230,
            516,
            576,
            514,
            744,
            614,
            607,
            443,
            499,
            399,
            558,
            398,
            546,
            468,
            712,
            716,
            639,
            772,
            637,
            652,
            863,
            612,
            790,
            669,
            868,
            1000,
            904,
            1011,
            896,
            966,
            994,
            892,
            906
        ],
        [
            150,
            175,
            89,
            40,
            160,
            17,
            2,
            3,
            16,
            66,
            90,
            234,
            383,
            326,
            206,
            285,
            582,
            418,
            488,
            575,
            434,
            708,
            614,
            668,
            678,
            447,
            413,
            533,
            443,
            512,
            442,
            1012,
            910,
            938,
            970,
            992,
            923,
            832,
            904,
            857,
            912,
            113,
            148,
            25,
            29,
            18,
            9,
            145,
            876,
            1019
        ],
        [
            170,
            166,
            27,
            168,
            151,
            23,
            19,
            143,
            118,
            160,
            91,
            235,
            304,
            211,
            224,
            403,
            582,
            572,
            488,
            441,
            546,
            810,
            672,
            622,
            726,
            768,
            736,
            712,
            700,
            752,
            550,
            630,
            769,
            731,
            729,
            679,
            674,
            612,
            762,
            892,
            831,
            123,
            30,
            934,
            832,
            838,
            872,
            829,
            914,
            895
        ],
        [
            164,
            157,
            29,
            24,
            162,
            153,
            70,
            8,
            36,
            1,
            68,
            256,
            177,
            314,
            262,
            181,
            184,
            282,
            234,
            192,
            284,
            504,
            388,
            610,
            512,
            567,
            554,
            563,
            464,
            416,
            580,
            640,
            668,
            828,
            714,
            794,
            816,
            738,
            769,
            660,
            810,
            1000,
            912,
            866,
            964,
            15,
            944,
            994,
            923,
            863
        ],
        [
            29,
            19,
            31,
            90,
            12,
            66,
            2,
            3,
            24,
            8,
            34,
            183,
            243,
            264,
            347,
            262,
            378,
            356,
            271,
            354,
            244,
            426,
            514,
            512,
            486,
            592,
            556,
            576,
            462,
            504,
            543,
            671,
            712,
            684,
            716,
            810,
            794,
            800,
            697,
            763,
            708,
            878,
            1012,
            868,
            896,
            904,
            173,
            98,
            1019,
            932
        ]
    ],
    "goal": [
        [
            108,
            290,
            800,
            230,
            271,
            932,
            750,
            406,
            744,
            569,
            438,
            294,
            31,
            612,
            928,
            288,
            262,
            81,
            795,
            220,
            851,
            767,
            435,
            239,
            418,
            356,
            578,
            582,
            676,
            654,
            640,
            436,
            989,
            237,
            544,
            234,
            511,
            244,
            566,
            66,
            516,
            812,
            111,
            598,
            9,
            139,
            688,
            630,
            838,
            564
        ],
        [
            514,
            34,
            834,
            477,
            855,
            1011,
            215,
            74,
            503,
            998,
            718,
            930,
            328,
            307,
            68,
            772,
            269,
            84,
            763,
            534,
            162,
            360,
            608,
            650,
            726,
            633,
            320,
            351,
            543,
            1023,
            326,
            264,
            962,
            467,
            566,
            883,
            610,
            143,
            66,
            106,
            482,
            28,
            738,
            292,
            908,
            502,
            812,
            576,
            87,
            93
        ],
        [
            676,
            156,
            917,
            866,
            703,
            284,
            590,
            825,
            38,
            914,
            288,
            953,
            989,
            516,
            496,
            18,
            380,
            70,
            258,
            646,
            840,
            543,
            418,
            421,
            614,
            107,
            149,
            633,
            940,
            226,
            529,
            810,
            456,
            582,
            74,
            433,
            679,
            454,
            808,
            127,
            727,
            25,
            823,
            531,
            966,
            333,
            218,
            11,
            164,
            537
        ],
        [
            784,
            676,
            284,
            258,
            139,
            680,
            793,
            978,
            703,
            300,
            601,
            221,
            776,
            872,
            344,
            840,
            904,
            874,
            964,
            564,
            814,
            550,
            824,
            573,
            778,
            384,
            944,
            319,
            1023,
            114,
            408,
            334,
            482,
            262,
            220,
            25,
            966,
            568,
            140,
            996,
            224,
            20,
            908,
            187,
            127,
            471,
            992,
            2,
            997,
            438
        ],
        [
            848,
            132,
            248,
            582,
            991,
            930,
            255,
            381,
            882,
            949,
            596,
            679,
            2,
            386,
            678,
            564,
            740,
            247,
            196,
            626,
            704,
            543,
            368,
            692,
            889,
            802,
            831,
            420,
            776,
            799,
            436,
            541,
            209,
            959,
            90,
            671,
            554,
            748,
            191,
            895,
            599,
            416,
            290,
            287,
            194,
            534,
            607,
            921,
            361,
            601
        ]
    ],
    "std_bc": 0.000403987741067174
}