{
    "name": "17_78",
    "weight": false,
    "n_row": 32,
    "n_col": 32,
    "layout": [
        "@@...@@@.@@@.@@@.@.@@..@@@......",
        ".@.@...@...@...@.....@.@.@@@@.@.",
        ".@.@.@...@...@...@@@...@....@.@.",
        ".@...@.@...@.@.@....@@@..@.@....",
        ".@.@...@.@.@.@.@.@.....@@@.@@.@.",
        ".@.@.@...@...@...@.@@...........",
        ".@.@...@...@...@@@....@@@@@@@.@.",
        ".@.@.@.@.@...@...@.@............",
        ".@...@.@.@.@...@...@@@@@@@@@@.@.",
        ".@.@...@...@.@.@.@............@.",
        "...@.@...@@..@.....@@@@@@@@@@...",
        ".@...@.@...@...@@@............@.",
        ".@.@.@.@.@...@...@@@@@@@@@@.@...",
        ".@.@.@@..@.@.@.@............@.@.",
        ".@.....@@..@...@.@@@@@@@@@@...@.",
        ".@.@@@...@@..@..............@...",
        ".@...@.@...@.@.@@@.@@@@@@@@.@.@.",
        ".@.@.@.@.@.@.@..............@...",
        "...@.@...@.@.@@@@@@@.@@@@@..@@@.",
        ".@...@.@...@....................",
        ".@.@.@...@@..@@@@@@@@@.@@@.@@@@.",
        ".@.@.@@@........................",
        ".@.....@.@..@@@.@@@@@@@@@@@@.@@.",
        ".@.@@@...@......................",
        ".@.....@.@.@@@.@@.@@@@@@@@@@.@@.",
        ".@.@............................",
        "...@.@@@.@@@@@@@.@@.@@@.@@@@@@@.",
        ".@..............................",
        ".@.@@@@@@@@@@@@@.@@@@@@@@.@@@@@.",
        ".@..............................",
        ".@@@@@@@@@@@@@@@@@.@@@@@@@@.@@@.",
        "................................"
    ],
    "start": [
        [
            184,
            32,
            188,
            136,
            147,
            114,
            71,
            140,
            186,
            42,
            168,
            349,
            331,
            310,
            285,
            358,
            232,
            384,
            296,
            190,
            210,
            576,
            442,
            435,
            423,
            763,
            807,
            690,
            757,
            518,
            500,
            812,
            768,
            804,
            637,
            814,
            627,
            706,
            714,
            816,
            817,
            939,
            994,
            896,
            936,
            928,
            935,
            951,
            877,
            1013
        ],
        [
            98,
            134,
            26,
            171,
            21,
            37,
            51,
            46,
            32,
            162,
            115,
            351,
            362,
            254,
            202,
            230,
            251,
            273,
            288,
            448,
            436,
            651,
            811,
            756,
            694,
            743,
            774,
            819,
            476,
            452,
            520,
            764,
            703,
            800,
            807,
            623,
            742,
            680,
            715,
            689,
            746,
            936,
            948,
            978,
            870,
            955,
            896,
            937,
            864,
            886
        ],
        [
            36,
            148,
            21,
            98,
            76,
            79,
            181,
            159,
            205,
            251,
            324,
            458,
            516,
            561,
            442,
            416,
            560,
            526,
            447,
            457,
            578,
            683,
            632,
            666,
            823,
            759,
            719,
            644,
            635,
            824,
            424,
            753,
            770,
            647,
            774,
            805,
            776,
            672,
            819,
            751,
            702,
            831,
            890,
            896,
            941,
            879,
            950,
            48,
            154,
            42
        ],
        [
            51,
            113,
            12,
            40,
            150,
            124,
            160,
            48,
            104,
            84,
            34,
            228,
            321,
            254,
            458,
            560,
            608,
            506,
            300,
            255,
            242,
            510,
            575,
            441,
            548,
            543,
            573,
            567,
            621,
            432,
            544,
            773,
            778,
            696,
            634,
            712,
            815,
            688,
            800,
            629,
            706,
            927,
            944,
            877,
            1007,
            956,
            932,
            891,
            855,
            874
        ],
        [
            31,
            122,
            176,
            48,
            154,
            74,
            50,
            44,
            45,
            49,
            190,
            262,
            380,
            372,
            224,
            211,
            316,
            386,
            200,
            398,
            251,
            443,
            544,
            438,
            554,
            530,
            608,
            500,
            496,
            522,
            499,
            774,
            624,
            778,
            744,
            773,
            752,
            815,
            629,
            702,
            708,
            1002,
            948,
            873,
            885,
            978,
            855,
            930,
            886,
            991
        ]
    ],
    "goal": [
        [
            492,
            100,
            41,
            183,
            228,
            879,
            877,
            477,
            54,
            752,
            930,
            647,
            443,
            521,
            448,
            694,
            732,
            688,
            31,
            997,
            68,
            146,
            320,
            28,
            987,
            616,
            255,
            935,
            235,
            462,
            996,
            831,
            621,
            64,
            259,
            396,
            936,
            223,
            84,
            178,
            204,
            680,
            423,
            941,
            461,
            882,
            515,
            264,
            366,
            3
        ],
        [
            498,
            413,
            440,
            746,
            399,
            430,
            201,
            190,
            812,
            1000,
            544,
            178,
            1013,
            576,
            93,
            308,
            875,
            818,
            108,
            648,
            732,
            991,
            285,
            642,
            439,
            246,
            366,
            3,
            270,
            240,
            1005,
            302,
            460,
            296,
            530,
            994,
            949,
            61,
            138,
            86,
            379,
            652,
            183,
            578,
            187,
            608,
            507,
            571,
            392,
            995
        ],
        [
            878,
            867,
            883,
            818,
            561,
            616,
            626,
            521,
            755,
            424,
            240,
            448,
            304,
            703,
            1019,
            252,
            198,
            574,
            672,
            815,
            885,
            285,
            958,
            814,
            423,
            435,
            148,
            30,
            150,
            36,
            762,
            738,
            499,
            311,
            320,
            104,
            29,
            443,
            696,
            1018,
            297,
            79,
            635,
            292,
            622,
            192,
            374,
            264,
            395,
            736
        ],
        [
            693,
            936,
            807,
            921,
            386,
            1016,
            499,
            755,
            29,
            383,
            1015,
            827,
            690,
            1022,
            828,
            189,
            782,
            256,
            752,
            480,
            440,
            488,
            674,
            30,
            144,
            27,
            119,
            140,
            544,
            644,
            297,
            106,
            504,
            210,
            270,
            44,
            328,
            1003,
            1017,
            1009,
            632,
            384,
            546,
            319,
            388,
            715,
            541,
            274,
            134,
            830
        ],
        [
            64,
            1005,
            4,
            945,
            452,
            695,
            1004,
            1011,
            624,
            475,
            560,
            808,
            827,
            1018,
            114,
            550,
            921,
            950,
            778,
            223,
            719,
            954,
            105,
            762,
            210,
            16,
            630,
            22,
            938,
            502,
            37,
            1000,
            328,
            245,
            927,
            637,
            251,
            168,
            91,
            224,
            26,
            890,
            138,
            1019,
            189,
            583,
            482,
            390,
            358,
            785
        ]
    ],
    "std_bc": 0.0006858754471837103
}