{
    "name": "30_79",
    "weight": false,
    "n_row": 32,
    "n_col": 32,
    "layout": [
        "@@@@@@@@@@@@@@@......@@@@...@@@@",
        "..............@@@@@.....@.@....@",
        "@@@@@@@@@@@@@.......@@....@.@@..",
        "............@@@@@@@@@@@@@@...@@@",
        "@@@@@@@@@@@.....................",
        "..........@@@@@@@@@@@@@@@@@@@@@.",
        "@@@@@@@@@.....................@.",
        "........@@@@@@@@@@@@@@@@@@@@@...",
        "@@@@@@@......................@.@",
        ".......@@@@@@@@@@@@@@@@@@@@@....",
        "@@@@@@......................@@@.",
        "......@@@@@@@@@@@@@@@@@@@@@...@.",
        "@@@@@......................@@...",
        "....@@@@@@@@@@@@@@@@@@@@.@....@@",
        ".@@......................@@@@...",
        "..@@@@@@@@@@@@@@@@@@@@@@....@@@.",
        "@......................@@@@@...@",
        "..@@@@@@@@@@@@@@@@@@@......@@...",
        "@...................@@@@@@....@@",
        "..@@@@@@@@@@@@@@@@.....@@@@@@...",
        "@................@@@@.......@@@.",
        "..@@@...@@@@@@@.....@@@@@@@....@",
        "@...@@@........@@@.........@@@..",
        "..@@..@@@@@@@@@@@@@@@@@@@....@@@",
        "@....@....................@....@",
        "..@@..@@@@@@@@@@@@@@@@@@@.@@@@..",
        "@...@@.......................@@@",
        "..@@...@...@@@@@@.@.@@@@@@@.....",
        "@...@@..@@......@@@.......@@@@@.",
        "..@...@@..@@......@@@@@@.@......",
        ".@..@...@.....@@@...@.......@..@",
        "..@...@...@..@....@.......@...@@"
    ],
    "start": [
        [
            36,
            202,
            168,
            25,
            99,
            81,
            40,
            53,
            15,
            191,
            148,
            336,
            330,
            396,
            347,
            345,
            273,
            293,
            397,
            255,
            283,
            477,
            521,
            525,
            586,
            465,
            409,
            672,
            775,
            700,
            653,
            856,
            937,
            916,
            1006,
            990,
            987,
            903,
            971,
            740,
            608,
            870,
            841,
            906,
            41,
            52,
            155,
            915,
            977,
            1007
        ],
        [
            106,
            57,
            87,
            15,
            45,
            25,
            53,
            32,
            148,
            145,
            102,
            335,
            381,
            263,
            340,
            220,
            290,
            267,
            347,
            383,
            212,
            567,
            545,
            462,
            511,
            577,
            419,
            469,
            452,
            401,
            566,
            741,
            715,
            627,
            789,
            647,
            796,
            740,
            645,
            661,
            637,
            870,
            999,
            971,
            916,
            1004,
            150,
            18,
            19,
            146
        ],
        [
            19,
            89,
            161,
            40,
            152,
            163,
            224,
            338,
            266,
            293,
            343,
            592,
            516,
            455,
            448,
            340,
            341,
            291,
            284,
            272,
            397,
            520,
            595,
            511,
            515,
            570,
            542,
            525,
            588,
            737,
            672,
            1015,
            1014,
            944,
            966,
            1007,
            903,
            1017,
            864,
            1021,
            967,
            51,
            155,
            96,
            919,
            853,
            918,
            849,
            902,
            911
        ],
        [
            61,
            44,
            167,
            20,
            104,
            151,
            156,
            122,
            139,
            33,
            89,
            224,
            379,
            226,
            216,
            223,
            288,
            227,
            212,
            218,
            394,
            583,
            567,
            453,
            448,
            513,
            408,
            515,
            404,
            707,
            647,
            892,
            907,
            1007,
            1015,
            971,
            856,
            989,
            857,
            931,
            899,
            35,
            78,
            26,
            153,
            1003,
            864,
            149,
            100,
            166
        ],
        [
            81,
            140,
            89,
            204,
            40,
            205,
            36,
            38,
            161,
            17,
            163,
            339,
            214,
            278,
            393,
            357,
            318,
            276,
            337,
            212,
            211,
            465,
            472,
            440,
            517,
            603,
            584,
            602,
            400,
            533,
            504,
            702,
            665,
            628,
            700,
            788,
            666,
            648,
            642,
            722,
            735,
            1020,
            868,
            841,
            33,
            846,
            956,
            971,
            899,
            1006
        ]
    ],
    "goal": [
        [
            213,
            777,
            705,
            969,
            800,
            333,
            470,
            335,
            690,
            639,
            517,
            919,
            105,
            873,
            787,
            573,
            101,
            94,
            955,
            589,
            902,
            664,
            973,
            390,
            338,
            107,
            201,
            383,
            593,
            148,
            391,
            357,
            167,
            123,
            95,
            203,
            17,
            15,
            478,
            209,
            869,
            584,
            143,
            402,
            519,
            650,
            328,
            124,
            419,
            82
        ],
        [
            776,
            774,
            533,
            772,
            399,
            637,
            352,
            156,
            591,
            271,
            971,
            894,
            899,
            454,
            804,
            762,
            589,
            507,
            831,
            992,
            594,
            263,
            986,
            734,
            705,
            919,
            59,
            96,
            854,
            643,
            94,
            55,
            142,
            397,
            527,
            265,
            91,
            123,
            18,
            223,
            124,
            416,
            394,
            341,
            455,
            330,
            706,
            407,
            916,
            707
        ],
        [
            838,
            860,
            463,
            280,
            650,
            122,
            638,
            898,
            960,
            34,
            646,
            393,
            978,
            206,
            55,
            943,
            354,
            507,
            775,
            797,
            915,
            338,
            281,
            628,
            844,
            997,
            410,
            286,
            983,
            355,
            850,
            253,
            637,
            271,
            470,
            586,
            345,
            468,
            445,
            583,
            39,
            641,
            919,
            52,
            834,
            469,
            101,
            580,
            671,
            78
        ],
        [
            995,
            578,
            987,
            226,
            727,
            663,
            1016,
            523,
            39,
            933,
            1007,
            678,
            164,
            542,
            452,
            355,
            141,
            792,
            573,
            540,
            582,
            36,
            397,
            393,
            77,
            291,
            835,
            788,
            609,
            26,
            337,
            699,
            156,
            151,
            154,
            266,
            602,
            288,
            264,
            278,
            268,
            284,
            570,
            724,
            516,
            778,
            201,
            662,
            805,
            956
        ],
        [
            389,
            394,
            723,
            672,
            711,
            265,
            210,
            779,
            393,
            106,
            839,
            707,
            582,
            648,
            967,
            940,
            37,
            578,
            838,
            873,
            771,
            531,
            677,
            229,
            16,
            354,
            927,
            793,
            604,
            782,
            224,
            327,
            840,
            288,
            335,
            966,
            605,
            255,
            211,
            77,
            91,
            328,
            585,
            221,
            986,
            158,
            644,
            144,
            403,
            667
        ]
    ],
    "std_bc": 0.0008097681474316106
}