{
    "name": "38_79",
    "weight": false,
    "n_row": 32,
    "n_col": 32,
    "layout": [
        ".@@@...@.@@.@...@.@.@.@.@.@.@.@.",
        ".@.@..@@..@.@.@.@...@.@.@.@.@.@.",
        ".@.@@...@.@.@.@.@.@.@.@.@.@.@.@.",
        "...@@.@.@.@.@.@.@.@.@.@.@.@.@.@.",
        ".@.@@.@.@.@...@.@.@.@.@.@.@.@.@.",
        ".@.@..@.@.@.@.@.@.@.@.@.@.@.@.@.",
        ".@...@@.@.@.@.@.@.@.@.@.@.@.@.@.",
        ".@.@.@@.@.@.@.@.@.@.@.@.@.@.@.@.",
        ".@.@.@....@.@.@.@.@.@.@.@.@.@.@.",
        ".@.@.@.@.@@.@.@.@.@.@.@.@.@.@.@.",
        ".@.@.@.@.@..@.@.@.@.@.@.@.@.@.@.",
        ".@.@.@.@.@.@..@.@.@.@.@.@.@.@.@.",
        ".@.@.@.@.@.@@.@.@.@.@.@.@.@.@.@.",
        ".@.@.@.@.@.@@.@.@.@...@.@.@.@.@.",
        ".@.@.@.@.@.@@.@.@..@.@@.@.@.@.@.",
        ".@.@.@.@.@.@@.@.@@.@.@@.@.@.@.@.",
        ".@.@.@.@.@.@@.@.@@.@.@@.@.@.@.@.",
        ".@.@.@.@.@.@@.@.@@.@.@@.@.@.@.@.",
        ".@.@.@.@.@.@@.@.@@.@.@@.@.@.@...",
        ".@.@.@.@.@.@@.@..@.@.@@.@.@.@.@.",
        ".@.@.@.@.@.@@.@@.@.@.@@...@.@.@.",
        ".@.@.@.@.@..@.@@.@.@.@.@@.@.@.@.",
        ".@.@.@.@.@.@@.@@.@.@.@.@@.@.@.@.",
        ".@.@.@.@.@.@..@@.@.@.@.@..@.@.@.",
        ".@.@.@.@.@.@.@@@.@.@.@...@@.@.@.",
        ".@.@.@.@.@.@.@.@.@.@...@.@@.@.@.",
        ".@.@.@.@.@.@.@.@.@.@@@.@.@@.@.@.",
        ".@.@.@.@.@.@@@.@.@...@.@.@@.@.@.",
        ".@.@.@.@@...@@.@.@.@.@.@.@@.@@@.",
        "@@.@.@.@.@@.@....@.@@@.@.@...@@.",
        "@@.@@@......@.@.@@.@@..@...@....",
        "@@@@@@@.@@@@@@.......@.@@.@@..@@"
    ],
    "start": [
        [
            111,
            66,
            23,
            71,
            51,
            77,
            137,
            105,
            101,
            8,
            59,
            228,
            209,
            354,
            192,
            296,
            309,
            213,
            320,
            345,
            379,
            559,
            589,
            544,
            441,
            575,
            509,
            527,
            415,
            435,
            790,
            838,
            810,
            827,
            906,
            954,
            950,
            966,
            665,
            742,
            672,
            814,
            821,
            895,
            988,
            884,
            888,
            846,
            1010,
            952
        ],
        [
            139,
            117,
            91,
            31,
            187,
            61,
            53,
            81,
            17,
            89,
            125,
            265,
            365,
            379,
            330,
            275,
            341,
            305,
            326,
            239,
            311,
            426,
            571,
            468,
            466,
            471,
            420,
            539,
            388,
            475,
            586,
            795,
            671,
            712,
            660,
            663,
            640,
            767,
            623,
            729,
            844,
            41,
            75,
            115,
            153,
            891,
            884,
            872,
            818,
            902
        ],
        [
            0,
            29,
            173,
            97,
            85,
            51,
            98,
            14,
            23,
            32,
            185,
            381,
            228,
            267,
            219,
            296,
            322,
            288,
            273,
            292,
            243,
            578,
            575,
            468,
            431,
            463,
            401,
            543,
            567,
            458,
            443,
            699,
            697,
            703,
            778,
            729,
            633,
            688,
            637,
            946,
            859,
            59,
            36,
            167,
            891,
            814,
            884,
            846,
            952,
            861
        ],
        [
            151,
            59,
            6,
            11,
            167,
            147,
            153,
            75,
            69,
            121,
            119,
            360,
            301,
            285,
            245,
            371,
            317,
            228,
            290,
            294,
            305,
            475,
            511,
            415,
            505,
            578,
            512,
            445,
            573,
            437,
            388,
            671,
            758,
            934,
            912,
            920,
            1006,
            712,
            706,
            663,
            776,
            930,
            816,
            888,
            829,
            891,
            859,
            895,
            981,
            982
        ],
        [
            133,
            113,
            23,
            55,
            83,
            147,
            61,
            167,
            103,
            32,
            51,
            333,
            360,
            241,
            362,
            352,
            365,
            386,
            201,
            463,
            405,
            784,
            640,
            765,
            708,
            776,
            607,
            752,
            624,
            672,
            493,
            614,
            674,
            688,
            748,
            710,
            669,
            778,
            701,
            795,
            665,
            870,
            874,
            821,
            918,
            975,
            923,
            844,
            893,
            814
        ]
    ],
    "goal": [
        [
            927,
            241,
            969,
            914,
            554,
            468,
            205,
            113,
            888,
            880,
            706,
            175,
            135,
            283,
            729,
            943,
            780,
            224,
            850,
            399,
            1011,
            836,
            756,
            688,
            169,
            804,
            66,
            187,
            17,
            584,
            69,
            631,
            795,
            299,
            249,
            685,
            482,
            221,
            744,
            505,
            49,
            354,
            624,
            424,
            676,
            544,
            431,
            384,
            119,
            712
        ],
        [
            415,
            422,
            804,
            83,
            618,
            584,
            969,
            802,
            390,
            301,
            902,
            537,
            672,
            912,
            820,
            746,
            171,
            221,
            337,
            127,
            34,
            578,
            290,
            133,
            461,
            73,
            749,
            778,
            140,
            736,
            576,
            880,
            452,
            621,
            6,
            328,
            667,
            878,
            322,
            41,
            712,
            562,
            260,
            36,
            394,
            690,
            683,
            985,
            548,
            473
        ],
        [
            379,
            834,
            765,
            884,
            8,
            358,
            791,
            384,
            685,
            51,
            426,
            527,
            463,
            758,
            522,
            468,
            309,
            571,
            939,
            539,
            683,
            458,
            448,
            589,
            509,
            445,
            800,
            720,
            559,
            341,
            740,
            167,
            548,
            328,
            87,
            454,
            6,
            217,
            882,
            98,
            173,
            804,
            973,
            493,
            844,
            228,
            962,
            347,
            0,
            11
        ],
        [
            167,
            263,
            954,
            179,
            633,
            420,
            850,
            758,
            824,
            488,
            267,
            465,
            950,
            320,
            898,
            900,
            840,
            347,
            946,
            405,
            512,
            324,
            883,
            356,
            978,
            688,
            694,
            968,
            369,
            738,
            664,
            582,
            463,
            51,
            57,
            717,
            971,
            159,
            599,
            882,
            507,
            637,
            505,
            846,
            610,
            746,
            612,
            290,
            109,
            832
        ],
        [
            381,
            221,
            936,
            482,
            269,
            653,
            754,
            557,
            187,
            543,
            253,
            0,
            287,
            426,
            409,
            15,
            305,
            564,
            407,
            371,
            362,
            183,
            916,
            320,
            692,
            1021,
            207,
            93,
            891,
            217,
            373,
            209,
            1020,
            548,
            988,
            505,
            872,
            405,
            942,
            175,
            111,
            912,
            950,
            256,
            969,
            744,
            999,
            678,
            143,
            420
        ]
    ],
    "std_bc": 0.0007166580234747886
}