{
    "name": "39_73",
    "weight": false,
    "n_row": 32,
    "n_col": 32,
    "layout": [
        ".......................@@@@@@@@@",
        "@@@@@@@@@@@@@@@@@@@@.@.........@",
        ".....................@@@@@@@@@@@",
        "@@@@@@@@@@@@@@@@@@@.............",
        ".................@@@@.@@@@@@@@@@",
        "@.@@@@@@@@@@@@@.................",
        "@@@@@@@@@@@@@@@@@@@@@@@.@@@@@@@@",
        "................................",
        "@@@@.@@@@@@@@@@@@@@@@@@@@@@@@...",
        "...........................@@@@@",
        "@@@@@@@@@@@@@@@@@@@@@@@@@.......",
        ".......................@@@@.@@@@",
        "@@@@@@@@@@@@@@@@@@.@@...........",
        "...................@@@@@@@@@@@@@",
        "@@@@@@@@@@@@@@@@@...............",
        "...............@@@@@@@@@@@@@@@..",
        "@@@@@@@@@@@@@..............@@@@.",
        ".@@@@@@@@@@@@@@@@@@@@@@.@.......",
        "........................@@@@@@@@",
        "@@@@@@@@@@@@@@@@@@@@.@..........",
        "......................@@@@@@@@@@",
        "@@@@@@@@@.@@@@@@@@@@@@@@.@......",
        "..........................@@@@@.",
        "@@@@@@@@@@@@@@@@@@@@@@@@.@@@.@@.",
        "................................",
        "@@@@@@@@@@@@@@@@@@@@@@@@@@@@@@@.",
        "................................",
        "@@@@@@@@@@@@@@@@.@@@@@@@@@@@@@@@",
        "................................",
        "@@@@@@@@@@@@@@@@@@@.@@@@@@@@@@@.",
        "...............................@",
        "@@@@@@@@@..@@@@@@@@@@@@@@@@@@..."
    ],
    "start": [
        [
            55,
            132,
            161,
            118,
            7,
            62,
            80,
            69,
            149,
            137,
            125,
            358,
            190,
            379,
            367,
            305,
            184,
            492,
            576,
            484,
            575,
            660,
            536,
            533,
            412,
            525,
            405,
            701,
            651,
            631,
            776,
            967,
            901,
            971,
            845,
            914,
            975,
            880,
            987,
            907,
            922,
            130,
            121,
            921,
            961,
            923,
            1022,
            133,
            134,
            138
        ],
        [
            175,
            142,
            117,
            56,
            126,
            13,
            78,
            182,
            11,
            19,
            76,
            215,
            347,
            231,
            416,
            408,
            482,
            413,
            567,
            476,
            584,
            598,
            836,
            777,
            655,
            707,
            722,
            768,
            631,
            769,
            660,
            981,
            880,
            859,
            650,
            832,
            714,
            780,
            710,
            719,
            698,
            968,
            903,
            959,
            971,
            963,
            845,
            853,
            982,
            908
        ],
        [
            71,
            14,
            138,
            115,
            13,
            1,
            78,
            140,
            82,
            6,
            118,
            291,
            225,
            224,
            371,
            311,
            255,
            350,
            361,
            227,
            480,
            781,
            641,
            637,
            729,
            651,
            767,
            835,
            708,
            770,
            795,
            905,
            959,
            1022,
            970,
            727,
            658,
            719,
            975,
            700,
            783,
            857,
            974,
            1002,
            919,
            846,
            880,
            855,
            925,
            969
        ],
        [
            58,
            18,
            74,
            140,
            142,
            122,
            79,
            161,
            177,
            1,
            6,
            191,
            357,
            246,
            366,
            186,
            355,
            358,
            369,
            346,
            360,
            430,
            487,
            485,
            579,
            429,
            484,
            478,
            590,
            479,
            476,
            702,
            784,
            642,
            788,
            831,
            789,
            729,
            643,
            962,
            979,
            77,
            5,
            134,
            139,
            12,
            914,
            1001,
            854,
            849
        ],
        [
            15,
            178,
            140,
            0,
            176,
            9,
            245,
            306,
            242,
            238,
            302,
            469,
            423,
            424,
            589,
            577,
            488,
            434,
            579,
            433,
            418,
            785,
            653,
            835,
            838,
            598,
            726,
            782,
            708,
            780,
            768,
            967,
            912,
            989,
            854,
            1002,
            980,
            969,
            846,
            657,
            706,
            922,
            983,
            855,
            78,
            75,
            20,
            134,
            143,
            82
        ]
    ],
    "goal": [
        [
            314,
            972,
            409,
            715,
            646,
            418,
            534,
            712,
            973,
            580,
            841,
            149,
            483,
            782,
            920,
            1,
            846,
            189,
            412,
            175,
            851,
            970,
            906,
            139,
            185,
            5,
            914,
            286,
            190,
            226,
            239,
            594,
            137,
            478,
            476,
            537,
            588,
            0,
            489,
            353,
            13,
            480,
            786,
            285,
            251,
            183,
            374,
            797,
            913,
            415
        ],
        [
            703,
            842,
            964,
            425,
            973,
            978,
            976,
            971,
            913,
            419,
            409,
            641,
            8,
            841,
            81,
            848,
            374,
            78,
            856,
            244,
            56,
            916,
            120,
            1022,
            68,
            356,
            406,
            118,
            183,
            635,
            305,
            648,
            529,
            235,
            355,
            240,
            141,
            253,
            186,
            896,
            591,
            651,
            314,
            129,
            368,
            226,
            577,
            306,
            229,
            589
        ],
        [
            589,
            467,
            959,
            587,
            593,
            903,
            704,
            988,
            567,
            921,
            710,
            905,
            845,
            855,
            179,
            799,
            347,
            909,
            234,
            776,
            423,
            303,
            54,
            61,
            250,
            0,
            59,
            543,
            299,
            637,
            65,
            132,
            598,
            591,
            74,
            413,
            915,
            58,
            225,
            361,
            356,
            123,
            402,
            779,
            581,
            56,
            367,
            127,
            588,
            426
        ],
        [
            646,
            590,
            354,
            860,
            579,
            799,
            968,
            701,
            856,
            853,
            360,
            964,
            481,
            927,
            960,
            905,
            285,
            835,
            970,
            861,
            136,
            907,
            126,
            764,
            926,
            55,
            903,
            132,
            980,
            228,
            788,
            483,
            402,
            287,
            346,
            410,
            369,
            423,
            314,
            576,
            260,
            365,
            985,
            795,
            584,
            843,
            419,
            477,
            578,
            291
        ],
        [
            963,
            413,
            650,
            705,
            535,
            989,
            599,
            8,
            660,
            774,
            969,
            286,
            649,
            81,
            853,
            65,
            241,
            796,
            306,
            118,
            186,
            76,
            251,
            181,
            407,
            962,
            423,
            411,
            291,
            368,
            968,
            477,
            249,
            149,
            471,
            581,
            75,
            126,
            365,
            77,
            260,
            485,
            237,
            189,
            416,
            856,
            767,
            347,
            914,
            986
        ]
    ],
    "std_bc": 0.0007887070444799984
}