{
    "name": "4_36",
    "weight": false,
    "n_row": 32,
    "n_col": 32,
    "layout": [
        "@..@..@..@.@.@..@...@..@...@..@.",
        "@..@..@..@...@..@...@..@...@..@.",
        "@..@..@..@.@.@..@...@..@...@..@.",
        "@..@..@..@...@..@...@..@...@..@.",
        "@..@..@..@.@.@..@...@..@...@..@.",
        "@..@..@..@.@.@..@...@..@...@..@.",
        "@..@..@..@...@..@......@...@..@.",
        "@..@..@..@...@..@...@..@...@..@.",
        "@..@..@..@...@..@...@..@...@..@.",
        "@..@..@......@..@...@..@...@..@.",
        "@..@..@..@...@..@...@..@...@..@.",
        "@..@..@..@...@..@...@..@...@..@.",
        "@..@..@..@...@..@...@..@...@..@.",
        "@..@..@..@...@......@..@...@..@.",
        "@..@..@..@...@...@..@..@...@..@.",
        "@..@..@..@..@@...@..@..@...@..@.",
        "@..@..@..@..@....@..@..@@..@..@.",
        "@..@..@..@..@..@.@..@..@@..@..@.",
        "@..@..@..@..@..@.@..@..@...@..@.",
        "@..@..@..@..@..@.@..@..@.@.@..@.",
        "@..@..@..@..@..@.@..@..@...@..@.",
        "@..@..@..@..@..@.@..@..@...@..@.",
        "@..@..@..@.....@.@..@..@...@..@.",
        "@..@..@..@...@...@..@..@...@..@.",
        "@..@..@..@...@..@@..@..@...@..@.",
        "@..@..@..@...@..@@..@..@...@..@.",
        "@..@..@..@...@..@.@.@..@...@..@.",
        "@..@..@..@...@..@...@..@...@..@.",
        "@..@..@..@...@..@...@..@...@..@.",
        "@..@..@..@...@..@...@..@...@..@.",
        "@..@....@@..@@..@...@..@..@..@@.",
        "@........@..........@..........."
    ],
    "start": [
        [
            97,
            130,
            58,
            72,
            157,
            122,
            44,
            127,
            132,
            26,
            100,
            260,
            325,
            202,
            225,
            223,
            214,
            290,
            206,
            189,
            324,
            449,
            388,
            609,
            664,
            799,
            801,
            744,
            720,
            688,
            693,
            936,
            860,
            886,
            932,
            920,
            910,
            1011,
            869,
            975,
            1006,
            135,
            911,
            907,
            893,
            837,
            947,
            946,
            879,
            836
        ],
        [
            50,
            120,
            4,
            5,
            161,
            18,
            181,
            42,
            167,
            150,
            177,
            302,
            258,
            334,
            381,
            292,
            367,
            305,
            357,
            364,
            296,
            479,
            540,
            491,
            548,
            441,
            590,
            498,
            543,
            402,
            408,
            714,
            718,
            673,
            808,
            659,
            735,
            762,
            738,
            740,
            677,
            829,
            170,
            122,
            831,
            977,
            911,
            890,
            943,
            1013
        ],
        [
            15,
            117,
            34,
            88,
            44,
            63,
            121,
            97,
            54,
            98,
            39,
            235,
            229,
            293,
            275,
            319,
            307,
            226,
            223,
            221,
            357,
            449,
            589,
            423,
            469,
            508,
            565,
            513,
            506,
            580,
            467,
            602,
            797,
            612,
            776,
            993,
            752,
            679,
            737,
            735,
            741,
            1014,
            1003,
            964,
            861,
            858,
            851,
            930,
            874,
            906
        ],
        [
            26,
            61,
            164,
            4,
            97,
            115,
            69,
            51,
            28,
            34,
            66,
            297,
            289,
            261,
            380,
            218,
            220,
            313,
            250,
            331,
            223,
            418,
            482,
            445,
            537,
            533,
            459,
            452,
            490,
            594,
            775,
            664,
            779,
            805,
            610,
            697,
            732,
            680,
            758,
            797,
            839,
            36,
            932,
            971,
            959,
            979,
            812,
            826,
            966,
            868
        ],
        [
            143,
            88,
            90,
            25,
            98,
            17,
            69,
            61,
            165,
            138,
            110,
            268,
            229,
            319,
            243,
            327,
            357,
            223,
            462,
            447,
            546,
            648,
            752,
            705,
            810,
            685,
            697,
            691,
            743,
            417,
            537,
            666,
            765,
            732,
            647,
            893,
            843,
            922,
            953,
            662,
            786,
            875,
            924,
            825,
            988,
            851,
            1003,
            939,
            837,
            959
        ]
    ],
    "goal": [
        [
            421,
            665,
            630,
            705,
            17,
            232,
            671,
            690,
            874,
            758,
            974,
            573,
            757,
            221,
            363,
            679,
            125,
            264,
            93,
            378,
            843,
            950,
            693,
            857,
            647,
            300,
            466,
            925,
            517,
            90,
            523,
            531,
            965,
            420,
            380,
            587,
            513,
            485,
            789,
            26,
            5,
            569,
            701,
            511,
            388,
            369,
            936,
            129,
            280,
            509
        ],
        [
            578,
            334,
            888,
            947,
            735,
            1000,
            321,
            985,
            120,
            349,
            125,
            860,
            356,
            863,
            142,
            755,
            634,
            133,
            607,
            886,
            260,
            610,
            913,
            325,
            250,
            712,
            921,
            936,
            897,
            957,
            33,
            324,
            696,
            12,
            626,
            570,
            488,
            993,
            214,
            982,
            473,
            4,
            728,
            669,
            242,
            693,
            575,
            199,
            193,
            14
        ],
        [
            549,
            57,
            911,
            60,
            479,
            746,
            39,
            598,
            253,
            394,
            794,
            954,
            618,
            563,
            444,
            58,
            383,
            498,
            53,
            913,
            504,
            590,
            506,
            257,
            280,
            338,
            741,
            185,
            453,
            337,
            477,
            207,
            840,
            179,
            341,
            733,
            511,
            632,
            49,
            206,
            747,
            354,
            826,
            403,
            868,
            743,
            861,
            154,
            1020,
            604
        ],
        [
            637,
            589,
            851,
            665,
            122,
            869,
            309,
            136,
            378,
            83,
            135,
            952,
            212,
            725,
            946,
            380,
            376,
            421,
            1011,
            226,
            106,
            377,
            662,
            138,
            385,
            961,
            191,
            445,
            508,
            442,
            943,
            622,
            645,
            1014,
            413,
            818,
            523,
            819,
            202,
            584,
            63,
            604,
            438,
            287,
            81,
            895,
            1013,
            805,
            882,
            504
        ],
        [
            1017,
            752,
            943,
            930,
            746,
            484,
            203,
            517,
            879,
            952,
            37,
            17,
            263,
            354,
            485,
            98,
            696,
            725,
            440,
            673,
            940,
            111,
            194,
            911,
            953,
            895,
            621,
            932,
            697,
            115,
            865,
            359,
            293,
            18,
            221,
            97,
            121,
            685,
            849,
            450,
            839,
            738,
            718,
            993,
            44,
            792,
            33,
            92,
            189,
            143
        ]
    ],
    "std_bc": 0.0009465317735560332
}