{
    "name": "54_79",
    "weight": false,
    "n_row": 32,
    "n_col": 32,
    "layout": [
        ".......@@@@@@@@@@@@@@@@@@@@@@@@@",
        "@@@@@.@@@@@@@@@@@@@@@@@@@...@@@@",
        "........................@@@.....",
        "@@@@@@@@@@@@@@@@@@@@@@.@@@@.@@@@",
        "................................",
        "@@@@@@@@@@@@@@@@@@@@@@@@@@@@@@@.",
        "................................",
        "@.@@@@@@@@@@@@@@@@@@@@@@@@@@@.@@",
        "............................@@@@",
        "@@@@@@@@@@@@@@@@@@@@@@@@@.@.....",
        "..........................@@@@@@",
        "@@@@@@@@@@@@.@@@@@@@@@@@@.......",
        "........................@@@@@@@@",
        "@@@@@@@@@@@@@@@@@@@@@.@.........",
        "......................@@@@@@@@@@",
        "@@@@@@@@@@@@@@@@@@.@@..........@",
        "...................@@@@.@@@@@@@@",
        "@@@.@@@@@@@@@@@@@@@.............",
        "@@................@@@@@@@@@@@@@.",
        "@@.@@.@@@@@@@@.@@.@@.@.@@@@@@@@@",
        "@@.@@.@@.@@.@@.@@.@@.@.........@",
        "@@.@@.@@.@@.@@.@@.@@.@@@@@@@.@@@",
        "@@.@@.@@.@@.@@.@@.@@.@@@@@@....@",
        "@@.@@.@@.@@.@@.@@.@@.@@.....@@..",
        "@@.@@.@@.@@.@@.@@.@@.@@.@@@..@@@",
        "@@.@@.@@.@@.@@.@@.@@.@@.@@@@.@@@",
        "@@.@@.@@.@@.@@.@@.@@.@@.@@@@.@@@",
        "@@.@@.@@.@@.@@.@@.@@.@@.@@.@.@@@",
        "@@.@@.@@.@@.@@.@@.@@.@@.@@....@@",
        "@@.@@.@@....@@.@@.@@.@@.@@.@@@@@",
        "@@.@@.@@@.@.@@.@@.@@.@@.@@.@@@@@",
        "@@..@...@@@.....@........@@@@@@@"
    ],
    "start": [
        [
            64,
            135,
            130,
            4,
            71,
            77,
            146,
            2,
            260,
            261,
            276,
            525,
            441,
            258,
            281,
            222,
            399,
            458,
            463,
            380,
            381,
            664,
            578,
            770,
            733,
            750,
            567,
            563,
            566,
            660,
            724,
            942,
            811,
            817,
            1016,
            936,
            1011,
            820,
            994,
            866,
            570,
            878,
            898,
            1004,
            795,
            153,
            79,
            139,
            70,
            134
        ],
        [
            150,
            65,
            128,
            91,
            149,
            152,
            146,
            0,
            118,
            73,
            142,
            209,
            276,
            223,
            216,
            220,
            260,
            202,
            272,
            318,
            263,
            336,
            440,
            448,
            439,
            441,
            452,
            399,
            445,
            458,
            547,
            937,
            795,
            1005,
            872,
            805,
            910,
            994,
            1016,
            925,
            878,
            3,
            1006,
            808,
            999,
            852,
            954,
            1009,
            58,
            6
        ],
        [
            128,
            94,
            5,
            4,
            129,
            75,
            59,
            71,
            1,
            95,
            153,
            225,
            216,
            193,
            219,
            318,
            320,
            283,
            263,
            281,
            282,
            338,
            400,
            341,
            388,
            345,
            463,
            446,
            457,
            451,
            448,
            590,
            744,
            664,
            718,
            564,
            583,
            666,
            750,
            674,
            680,
            151,
            150,
            84,
            904,
            938,
            1004,
            820,
            1011,
            986
        ],
        [
            37,
            144,
            69,
            87,
            147,
            95,
            6,
            156,
            319,
            260,
            210,
            515,
            452,
            386,
            218,
            215,
            204,
            263,
            214,
            316,
            323,
            389,
            449,
            461,
            404,
            686,
            444,
            340,
            341,
            395,
            467,
            700,
            738,
            664,
            875,
            811,
            795,
            910,
            849,
            923,
            834,
            129,
            72,
            969,
            1013,
            919,
            998,
            948,
            860,
            942
        ],
        [
            148,
            94,
            75,
            57,
            146,
            131,
            78,
            68,
            72,
            150,
            145,
            262,
            223,
            322,
            222,
            271,
            324,
            156,
            327,
            200,
            225,
            449,
            343,
            379,
            518,
            508,
            442,
            406,
            447,
            443,
            465,
            665,
            583,
            587,
            680,
            579,
            759,
            625,
            662,
            622,
            529,
            85,
            81,
            128,
            890,
            904,
            892,
            994,
            817,
            954
        ]
    ],
    "goal": [
        [
            583,
            665,
            642,
            591,
            225,
            796,
            504,
            325,
            759,
            674,
            683,
            67,
            153,
            916,
            622,
            930,
            651,
            264,
            152,
            948,
            869,
            1005,
            669,
            319,
            447,
            142,
            65,
            157,
            795,
            196,
            276,
            263,
            118,
            3,
            397,
            457,
            385,
            274,
            66,
            345,
            192,
            131,
            5,
            210,
            201,
            528,
            589,
            568,
            530,
            381
        ],
        [
            364,
            206,
            1010,
            468,
            457,
            404,
            741,
            405,
            377,
            969,
            403,
            919,
            657,
            344,
            747,
            451,
            132,
            446,
            519,
            153,
            971,
            69,
            151,
            983,
            191,
            37,
            82,
            951,
            1,
            140,
            198,
            325,
            156,
            395,
            128,
            669,
            507,
            78,
            458,
            68,
            194,
            503,
            456,
            326,
            123,
            444,
            216,
            146,
            391,
            610
        ],
        [
            980,
            814,
            204,
            324,
            529,
            583,
            404,
            276,
            275,
            828,
            995,
            820,
            1004,
            568,
            512,
            218,
            4,
            837,
            457,
            869,
            667,
            145,
            924,
            933,
            588,
            648,
            141,
            138,
            712,
            76,
            83,
            215,
            535,
            962,
            123,
            852,
            377,
            207,
            574,
            37,
            460,
            805,
            734,
            440,
            395,
            378,
            149,
            214,
            209,
            866
        ],
        [
            1005,
            399,
            513,
            779,
            977,
            938,
            402,
            670,
            936,
            898,
            382,
            666,
            78,
            142,
            319,
            869,
            527,
            630,
            582,
            59,
            1014,
            217,
            86,
            890,
            651,
            123,
            202,
            220,
            763,
            811,
            81,
            93,
            342,
            1006,
            332,
            340,
            563,
            316,
            339,
            326,
            148,
            731,
            338,
            564,
            143,
            280,
            154,
            391,
            269,
            275
        ],
        [
            901,
            579,
            324,
            381,
            689,
            262,
            313,
            385,
            846,
            454,
            571,
            572,
            962,
            131,
            939,
            753,
            70,
            465,
            220,
            837,
            76,
            664,
            191,
            587,
            151,
            150,
            1004,
            666,
            81,
            94,
            153,
            519,
            195,
            77,
            64,
            79,
            279,
            204,
            437,
            154,
            216,
            450,
            516,
            526,
            504,
            145,
            505,
            144,
            321,
            460
        ]
    ],
    "std_bc": 0.0008882258878970735
}